Code,Protein_Seq,Activity
R4M10,TANPYQRGPDPTESSIEAVRGPFAVAQTTVSRLDASGFGGGTIYYPTDTSQGTFGAVAISPGFTAGQSSIAWLGPRIASQGFVVITIDTISRFDYPDSRGRQLQAALDYLTTDSTVRDRIDPNRMAVMGHSMGGGGALSAAANNPSLKAAIPLQGWHTRKDWSSVRVPTLIVGAELDTIAPVSSHSEAFYNSLPSSLPKAYMELRGASHTVSNTPNTTTAKYSIAWLKRFVDDDTRYEQFLCPAPDDPAISEYRSTCPF,100
V1,TANPYQRGPDPTESSIEAVRGPFAVAQTTVSRLDASGFGGGTIYYPTDTSQGTFGAVAISPGFLAGQKAIAWLGPRIASQGFVVITIDTISRFDYPDSRGRQLQAALDYLTTDSTVRDRIDPNRMAVMGHSMGGGGALSAAANNPSLKAAIPLQGWHTRKDWSSVRVPTLIVGAELDTIAPVSSHSEAFYNSLPSSLPKAYMELRGASHTVSNTPNTTTAKYSIAWLKRFVDDDTRYEQFLCPAPDDPAISEYRSTCPF,21.6
V2,TANPYQRGPDPTESSIEAVRGPFAVAQTTVSRLDASGFGGGTIYYPTDTSQGTFGAVAISPGFLAGQSAIAWLGPRIASQGFVVITIDTISRLDQPDSRGRQLQAALDYLTTDSTVRDRIDPNRMAVMGHSMGGGGALSAAANNPSLKAAIPLQGWHTRKDWSSVRVPTLIVGAELDTIAPVSSNSEAFYNSLPSSLPKAYMELRGASHLVSNTPNTTTAKYSIAWLKRFVDDDTRYEQFLCPAPDDPAISEYRSTCPF,66.34
V3,TANPYQRGPDPTESSIEAVRGPFAVAQTTVSRLDASGFGGGTIYYPTDTSQGTFGAVAISPGFNAGQSAIAWLGPRIASQGFVVITIDTISRLDQPDSRGRQLQAALDYLTTDSTVRDRIDPNRMAVMGHSMGGGGALSAAANNPSLKAAIPLQGWHTRKDWSSVRVPTLIVGAELDTIAPVSSHSEAFYNSLPSSLPKAYMELRGASHLVSNTPNTTTAKYSIAWLKRFVDDDTRYEQFLCPAPDDPAISEYRSTCPF,10.04
V4,TANPYQRGPDPTESSIEAVRGPFAVAQTTVSRLDASGFGGGTIYYPTDTSQGTFGAVAISPGFLATQNAIAWLGPRIASQGFVVITIDTISRFDQPDSRGRQLQAALDYLTTDSTVRDRIDPNRMAVMGHSMGGGGALSAAANNPSLKAAIPLQGWHTRKDWSSVRVPTLIVGAELDTIAPVSSHSEAFYNSLPSSLPKAYMELRGASHTVSNTPNTTTAKYSIAWLKRFVDDDTRYEQFLCPAPDDPAISEYRSTCPF,33.76
V5,TANPYQRGPDPTESSIEAVRGPFAVAQTTVSRLDASGFGGGTIYYPTDTSQGTFGAVAISPGFLATQESIAWLGPRIASQGFVVITIDTISELDQPDSRGRQLQAALDYLTTDSTVRDRIDPNRMAVMGHSMGGGGALSAAANNPSLKAAIPLQGWHTRKDWSSVRVPTLIVGAELDTIAPVSSHSEAFYNSLPSSLPKAYMELRGASHTVSNTPNTTTAKYSIAWLKRFVDDDTRYEQFLCPAPDDPAISEYRSTCPF,10.56
V6,TANPYQRGPDPTESSIEAVRGPFAVAQTTVSRLDASGFGGGTIYYPTDTSQGTFGAVAISPGFLAGQKSIAWLGPRIASQGFVVITIDTISEFDQPDSRGRQLQAALDYLTTDSTVRDRIDPNRMAVMGHSMGGGGALSAAANNPSLKAAIPLQGWHTRKDWSSVRVPTLIVGAELDTIAPVSSNSEAFYNSLPSSLPKAYMELRGASHLVSNTPNTTTAKYSIAWLKRFVDDDTRYEQFLCPAPDDPAISEYRSTCPF,63.76
V8,TANPYQRGPDPTESSIEAVRGPFAVAQTTVSRLDASGFGGGTIYYPTDTSQGTFGAVAISPGFLATQNSIAWLGPRIASQGFVVITIDTISSLDQPDSRGRQLQAALDYLTTDSTVRDRIDPNRMAVMGHSMGGGGALSAAANNPSLKAAIPLQGWHTRKDWSSVRVPTLIVGAELDTIAPVSSHSEAFYNSLPSSLPKAYMELRGASHLVSNTPNTTTAKYSIAWLKRFVDDDTRYEQFLCPAPDDPAISEYRSTCPF,88.03
V9,TANPYQRGPDPTESSIEAVRGPFAVAQTTVSRLDASGFGGGTIYYPTDTSQGTFGAVAISPGFLATQEAIAWLGPRIASQGFVVITIDTISRFDYPDSRGRQLQAALDYLTTDSTVRDRIDPNRMAVMGHSMGGGGALSAAANNPSLKAAIPLQGWHTRKDWSSVRVPTLIVGAELDTIAPVSSHSEAFYNSLPSSLPKAYMELRGASHTVSNTPNTTTAKYSIAWLKRFVDDDTRYEQFLCPAPDDPAISEYRSTCPF,37.12
V11,TANPYQRGPDPTESSIEAVRGPFAVAQTTVSRLDASGFGGGTIYYPTDTSQGTFGAVAISPGFTAGQSSIAWLGPRIASQGFVVITIDTISRFDYPDSRGRQLQAALDYLTTDSTVRDRIDPNRMAVMGHSMGGGGALSAAANNPSLKAAIPLQGWHTRKDWSSVRVPTLIVGAELDTIAPVSSHSEAFYNSLPSSLPKAYMELRGASHLVSNTPNTTTAKYSIAWLKRFVDDDTRYEQFLCPAPDDPAISEYRSTCPF,113.33
V12,TANPYQRGPDPTESSIEAVRGPFAVAQTTVSRLDASGFGGGTIYYPTDTSQGTFGAVAISPGFTATQEAIAWLGPRIASQGFVVITIDTISRFDYPDSRGRQLQAALDYLTTDSTVRDRIDPNRMAVMGHSMGGGGALSAAANNPSLKAAIPLQGWHTRKDWSSVRVPTLIVGAELDTIAPVSSHSEAFYNSLPSSLPKAYMELRGASHSVSNTPNTTTAKYSIAWLKRFVDDDTRYEQFLCPAPDDPAISEYRSTCPF,24.51
V13,TANPYQRGPDPTESSIEAVRGPFAVAQTTVSRLDASGFGGGTIYYPTDTSQGTFGAVAISPGFNAGQSAIAWLGPRIASQGFVVITIDTISKFDYPDSRGRQLQAALDYLTTDSTVRDRIDPNRMAVMGHSMGGGGALSAAANNPSLKAAIPLQGWHTRKDWSSVRVPTLIVGAELDTIAPVSSHSEAFYNSLPSSLPKAYMELRGASHTVSNTPNTTTAKYSIAWLKRFVDDDTRYEQFLCPAPDDPAISEYRSTCPF,6.85
V14,TANPYQRGPDPTESSIEAVRGPFAVAQTTVSRLDASGFGGGTIYYPTDTSQGTFGAVAISPGFLANQNSIAWLGPRIASQGFVVITIDTISKFDQPDSRGRQLQAALDYLTTDSTVRDRIDPNRMAVMGHSMGGGGALSAAANNPSLKAAIPLQGWHTRKDWSSVRVPTLIVGAELDTIAPVSSHSEAFYNSLPSSLPKAYMELRGASHTVSNTPNTTTAKYSIAWLKRFVDDDTRYEQFLCPAPDDPAISEYRSTCPF,90.4
V15,TANPYQRGPDPTESSIEAVRGPFAVAQTTVSRLDASGFGGGTIYYPTDTSQGTFGAVAISPGFLAGQEAIAWLGPRIASQGFVVITIDTISSFDQPDSRGRQLQAALDYLTTDSTVRDRIDPNRMAVMGHSMGGGGALSAAANNPSLKAAIPLQGWHTRKDWSSVRVPTLIVGAELDTIAPVSSYSEAFYNSLPSSLPKAYMELRGASHLVSNTPNTTTAKYSIAWLKRFVDDDTRYEQFLCPAPDDPAISEYRSTCPF,10.93
V16,TANPYQRGPDPTESSIEAVRGPFAVAQTTVSRLDASGFGGGTIYYPTDTSQGTFGAVAISPGFTAGQSSIAWLGPRIASQGFVVITIDTISRLDYPDSRGRQLQAALDYLTTDSTVRDRIDPNRMAVMGHSMGGGGALSAAANNPSLKAAIPLQGWHTRKDWSSVRVPTLIVGAELDTIAPVSSYSEAFYNSLPSSLPKAYMELRGASHTVSNTPNTTTAKYSIAWLKRFVDDDTRYEQFLCPAPDDPAISEYRSTCPF,136.8
V18,TANPYQRGPDPTESSIEAVRGPFAVAQTTVSRLDASGFGGGTIYYPTDTSQGTFGAVAISPGFLAGQKSIAWLGPRIASQGFVVITIDTISRFDYPDSRGRQLQAALDYLTTDSTVRDRIDPNRMAVMGHSMGGGGALSAAANNPSLKAAIPLQGWHTRKDWSSVRVPTLIVGAELDTIAPVSSHSEAFYNSLPSSLPKAYMELRGASHTVSNTPNTTTAKYSIAWLKRFVDDDTRYEQFLCPAPDDPAISEYRSTCPF,35.85
V19,TANPYQRGPDPTESSIEAVRGPFAVAQTTVSRLDASGFGGGTIYYPTDTSQGTFGAVAISPGFTAGQSSIAWLGPRIASQGFVVITIDTISSFDQPDSRGRQLQAALDYLTTDSTVRDRIDPNRMAVMGHSMGGGGALSAAANNPSLKAAIPLQGWHTRKDWSSVRVPTLIVGAELDTIAPVSSHSEAFYNSLPSSLPKAYMELRGASHLVSNTPNTTTAKYSIAWLKRFVDDDTRYEQFLCPAPDDPAISEYRSTCPF,24.86
V20,TANPYQRGPDPTESSIEAVRGPFAVAQTTVSRLDASGFGGGTIYYPTDTSQGTFGAVAISPGFLANQKAIAWLGPRIASQGFVVITIDTISRFDYPDSRGRQLQAALDYLTTDSTVRDRIDPNRMAVMGHSMGGGGALSAAANNPSLKAAIPLQGWHTRKDWSSVRVPTLIVGAELDTIAPVSSHSEAFYNSLPSSLPKAYMELRGASHLVSNTPNTTTAKYSIAWLKRFVDDDTRYEQFLCPAPDDPAISEYRSTCPF,27.76
V21,TANPYQRGPDPTESSIEAVRGPFAVAQTTVSRLDASGFGGGTIYYPTDTSQGTFGAVAISPGFTAGQSSIAWLGPRIASQGFVVITIDTISRFDYPDSRGRQLQAALDYLTTDSTVRDRIDPNRMAVMGHSMGGGGALSAAANNPSLKAAIPLQGWHTRKDWSSVRVPTLIVGAELDTIAPVSSHSEAFYNSLPSSLPKAYMELRGASHTVSNTPNTTTAKYSIAWLKRFVDDDTRYEQFLCPAPDDPAISEYRSTCPF,104.22
V22,TANPYQRGPDPTESSIEAVRGPFAVAQTTVSRLDASGFGGGTIYYPTDTSQGTFGAVAISPGFLAGQEAIAWLGPRIASQGFVVITIDTISRFDYPDSRGRQLQAALDYLTTDSTVRDRIDPNRMAVMGHSMGGGGALSAAANNPSLKAAIPLQGWHTRKDWSSVRVPTLIVGAELDTIAPVSSYSEAFYNSLPSSLPKAYMELRGASHLVSNTPNTTTAKYSIAWLKRFVDDDTRYEQFLCPAPDDPAISEYRSTCPF,73.6
V23,TANPYQRGPDPTESSIEAVRGPFAVAQTTVSRLDASGFGGGTIYYPTDTSQGTFGAVAISPGFTAGQEAIAWLGPRIASQGFVVITIDTISRLDQPDSRGRQLQAALDYLTTDSTVRDRIDPNRMAVMGHSMGGGGALSAAANNPSLKAAIPLQGWHTRKDWSSVRVPTLIVGAELDTIAPVSSHSEAFYNSLPSSLPKAYMELRGASHLVSNTPNTTTAKYSIAWLKRFVDDDTRYEQFLCPAPDDPAISEYRSTCPF,61.47
V24,TANPYQRGPDPTESSIEAVRGPFAVAQTTVSRLDASGFGGGTIYYPTDTSQGTFGAVAISPGFLASQNSIAWLGPRIASQGFVVITIDTISKLDQPDSRGRQLQAALDYLTTDSTVRDRIDPNRMAVMGHSMGGGGALSAAANNPSLKAAIPLQGWHTRKDWSSVRVPTLIVGAELDTIAPVSSNSEAFYNSLPSSLPKAYMELRGASHLVSNTPNTTTAKYSIAWLKRFVDDDTRYEQFLCPAPDDPAISEYRSTCPF,108.46
V25,TANPYQRGPDPTESSIEAVRGPFAVAQTTVSRLDASGFGGGTIYYPTDTSQGTFGAVAISPGFTAGQSSIAWLGPRIASQGFVVITIDTISKLDQPDSRGRQLQAALDYLTTDSTVRDRIDPNRMAVMGHSMGGGGALSAAANNPSLKAAIPLQGWHTRKDWSSVRVPTLIVGAELDTIAPVSSNSEAFYNSLPSSLPKAYMELRGASHTVSNTPNTTTAKYSIAWLKRFVDDDTRYEQFLCPAPDDPAISEYRSTCPF,96.99
V26,TANPYQRGPDPTESSIEAVRGPFAVAQTTVSRLDASGFGGGTIYYPTDTSQGTFGAVAISPGFTAGQSAIAWLGPRIASQGFVVITIDTISKLDYPDSRGRQLQAALDYLTTDSTVRDRIDPNRMAVMGHSMGGGGALSAAANNPSLKAAIPLQGWHTRKDWSSVRVPTLIVGAELDTIAPVSSHSEAFYNSLPSSLPKAYMELRGASHTVSNTPNTTTAKYSIAWLKRFVDDDTRYEQFLCPAPDDPAISEYRSTCPF,33.7
V27,TANPYQRGPDPTESSIEAVRGPFAVAQTTVSRLDASGFGGGTIYYPTDTSQGTFGAVAISPGFLANQNAIAWLGPRIASQGFVVITIDTISRLDQPDSRGRQLQAALDYLTTDSTVRDRIDPNRMAVMGHSMGGGGALSAAANNPSLKAAIPLQGWHTRKDWSSVRVPTLIVGAELDTIAPVSSNSEAFYNSLPSSLPKAYMELRGASHTVSNTPNTTTAKYSIAWLKRFVDDDTRYEQFLCPAPDDPAISEYRSTCPF,81.74
V28,TANPYQRGPDPTESSIEAVRGPFAVAQTTVSRLDASGFGGGTIYYPTDTSQGTFGAVAISPGFTAGQKAIAWLGPRIASQGFVVITIDTISRFDYPDSRGRQLQAALDYLTTDSTVRDRIDPNRMAVMGHSMGGGGALSAAANNPSLKAAIPLQGWHTRKDWSSVRVPTLIVGAELDTIAPVSSHSEAFYNSLPSSLPKAYMELRGASHTVSNTPNTTTAKYSIAWLKRFVDDDTRYEQFLCPAPDDPAISEYRSTCPF,66.85
V29,TANPYQRGPDPTESSIEAVRGPFAVAQTTVSRLDASGFGGGTIYYPTDTSQGTFGAVAISPGFTASQSAIAWLGPRIASQGFVVITIDTISRFDYPDSRGRQLQAALDYLTTDSTVRDRIDPNRMAVMGHSMGGGGALSAAANNPSLKAAIPLQGWHTRKDWSSVRVPTLIVGAELDTIAPVSSHSEAFYNSLPSSLPKAYMELRGASHTVSNTPNTTTAKYSIAWLKRFVDDDTRYEQFLCPAPDDPAISEYRSTCPF,39.46
V30,TANPYQRGPDPTESSIEAVRGPFAVAQTTVSRLDASGFGGGTIYYPTDTSQGTFGAVAISPGFLATQKAIAWLGPRIASQGFVVITIDTISRLDQPDSRGRQLQAALDYLTTDSTVRDRIDPNRMAVMGHSMGGGGALSAAANNPSLKAAIPLQGWHTRKDWSSVRVPTLIVGAELDTIAPVSSYSEAFYNSLPSSLPKAYMELRGASHTVSNTPNTTTAKYSIAWLKRFVDDDTRYEQFLCPAPDDPAISEYRSTCPF,53.65
V31,TANPYQRGPDPTESSIEAVRGPFAVAQTTVSRLDASGFGGGTIYYPTDTSQGTFGAVAISPGFNAGQSAIAWLGPRIASQGFVVITIDTISRFDYPDSRGRQLQAALDYLTTDSTVRDRIDPNRMAVMGHSMGGGGALSAAANNPSLKAAIPLQGWHTRKDWSSVRVPTLIVGAELDTIAPVSSHSEAFYNSLPSSLPKAYMELRGASHLVSNTPNTTTAKYSIAWLKRFVDDDTRYEQFLCPAPDDPAISEYRSTCPF,19.78
V32,TANPYQRGPDPTESSIEAVRGPFAVAQTTVSRLDASGFGGGTIYYPTDTSQGTFGAVAISPGFLAGQSSIAWLGPRIASQGFVVITIDTISEFDYPDSRGRQLQAALDYLTTDSTVRDRIDPNRMAVMGHSMGGGGALSAAANNPSLKAAIPLQGWHTRKDWSSVRVPTLIVGAELDTIAPVSSHSEAFYNSLPSSLPKAYMELRGASHTVSNTPNTTTAKYSIAWLKRFVDDDTRYEQFLCPAPDDPAISEYRSTCPF,9.99
V33,TANPYQRGPDPTESSIEAVRGPFAVAQTTVSRLDASGFGGGTIYYPTDTSQGTFGAVAISPGFLASQSAIAWLGPRIASQGFVVITIDTISELDYPDSRGRQLQAALDYLTTDSTVRDRIDPNRMAVMGHSMGGGGALSAAANNPSLKAAIPLQGWHTRKDWSSVRVPTLIVGAELDTIAPVSSHSEAFYNSLPSSLPKAYMELRGASHTVSNTPNTTTAKYSIAWLKRFVDDDTRYEQFLCPAPDDPAISEYRSTCPF,0.58
V34,TANPYQRGPDPTESSIEAVRGPFAVAQTTVSRLDASGFGGGTIYYPTDTSQGTFGAVAISPGFNAGQSSIAWLGPRIASQGFVVITIDTISKFDYPDSRGRQLQAALDYLTTDSTVRDRIDPNRMAVMGHSMGGGGALSAAANNPSLKAAIPLQGWHTRKDWSSVRVPTLIVGAELDTIAPVSSHSEAFYNSLPSSLPKAYMELRAASHLVSNTPNTTTAKYSIAWLKRFVDDDTRYEQFLCPAPDDPAISEYRSTCPF,17.65
V36,TANPYQRGPDPTESSIEAVRGPFAVAQTTVSRLDASGFGGGTIYYPTDTSQGTFGAVAISPGFLASQEAIAWLGPRIASQGFVVITIDTISEFDQPDSRGRQLQAALDYLTTDSTVRDRIDPNRMAVMGHSMGGGGALSAAANNPSLKAAIPLQGWHTRKDWSSVRVPTLIVGAELDTIAPVSSHSEAFYNSLPSSLPKAYMELRGASHTVSNTPNTTTAKYSIAWLKRFVDDDTRYEQFLCPAPDDPAISEYRSTCPF,4.75
V37,TANPYQRGPDPTESSIEAVRGPFAVAQTTVSRLDASGFGGGTIYYPTDTSQGTFGAVAISPGFTAGQSAIAWLGPRIASQGFVVITIDTISSFDQPDSRGRQLQAALDYLTTDSTVRDRIDPNRMAVMGHSMGGGGALSAAANNPSLKAAIPLQGWHTRKDWSSVRVPTLIVGAELDTIAPVSSHSEAFYNSLPSSLPKAYMELRGASHTVSNTPNTTTAKYSIAWLKRFVDDDTRYEQFLCPAPDDPAISEYRSTCPF,42.17
V52,TANPYQRGPDPTESSIEAVRGPFAVAQTTVSRLDASGFGGGTIYYPTDTSQGTFGAVAISPGFTAGQSSIAWLGPRIASQGFVVITIDTISRFDYPDSRGRQLQAALDYLTTDSTVRDRIDPNRMAVMGHSMGGGGALSAAANNPSLKAAIPLQGWHTRKDWSSVRVPTLIVGAELDTIAPVSSHSEAFYNSLPSSLPKAYMELRGASHTVSNTPNTTTAKYSIAWLKRFVDDDTRYEQFLCPAPDDPAISEYRSTCPF,97.31
V54,TANPYQRGPDPTESSIEAVRGPFAVAQTTVSRLDASGFGGGTIYYPTDTSQGTFGAVAISPGFTATQSAIAWLGPRIASQGFVVITIDTISSFDQPDSRGRQLQAALDYLTTDSTVRDRIDPNRMAVMGHSMGGGGALSAAANNPSLKAAIPLQGWHTRKDWSSVRVPTLIVGAELDTIAPVSSYSEAFYNSLPSSLPKAYMELRGASHLVSNTPNTTTAKYSIAWLKRFVDDDTRYEQFLCPAPDDPAISEYRSTCPF,86.34
V55,TANPYQRGPDPTESSIEAVRGPFAVAQTTVSRLDASGFGGGTIYYPTDTSQGTFGAVAISPGFTAGQSSIAWLGPRIASQGFVVITIDTISRFDYPDSRGRQLQAALDYLTTDSTVRDRIDPNRMAVMGHSMGGGGALSAAANNPSLKAAIPLQGWHTRKDWSSVRVPTLIVGAELDTIAPVSSNSEAFYNSLPSSLPKAYMELRGASHTVSNTPNTTTAKYSIAWLKRFVDDDTRYEQFLCPAPDDPAISEYRSTCPF,163.95
V57,TANPYQRGPDPTESSIEAVRGPFAVAQTTVSRLDASGFGGGTIYYPTDTSQGTFGAVAISPGFLANQSAIAWLGPRIASQGFVVITIDTISRFDYPDSRGRQLQAALDYLTTDSTVRDRIDPNRMAVMGHSMGGGGALSAAANNPSLKAAIPLQGWHTRKDWSSVRVPTLIVGAELDTIAPVSSHSEAFYNSLPSSLPKAYMELRGASHTVSNTPNTTTAKYSIAWLKRFVDDDTRYEQFLCPAPDDPAISEYRSTCPF,26.34
V58,TANPYQRGPDPTESSIEAVRGPFAVAQTTVSRLDASGFGGGTIYYPTDTSQGTFGAVAISPGFTAGQESIAWLGPRIASQGFVVITIDTISELDYPDSRGRQLQAALDYLTTDSTVRDRIDPNRMAVMGHSMGGGGALSAAANNPSLKAAIPLQGWHTRKDWSSVRVPTLIVGAELDTIAPVSSHSEAFYNSLPSSLPKAYMELRGASHLVSNTPNTTTAKYSIAWLKRFVDDDTRYEQFLCPAPDDPAISEYRSTCPF,12.14
V59,TANPYQRGPDPTESSIEAVRGPFAVAQTTVSRLDASGFGGGTIYYPTDTSQGTFGAVAISPGFLAGQEAIAWLGPRIASQGFVVITIDTISELDYPDSRGRQLQAALDYLTTDSTVRDRIDPNRMAVMGHSMGGGGALSAAANNPSLKAAIPLQGWHTRKDWSSVRVPTLIVGAELDTIAPVSSNSEAFYNSLPSSLPKAYMELRGASHTVSNTPNTTTAKYSIAWLKRFVDDDTRYEQFLCPAPDDPAISEYRSTCPF,10.66
V60,TANPYQRGPDPTESSIEAVRGPFAVAQTTVSRLDASGFGGGTIYYPTDTSQGTFGAVAISPGFTAGQKSIAWLGPRIASQGFVVITIDTISKLDQPDSRGRQLQAALDYLTTDSTVRDRIDPNRMAVMGHSMGGGGALSAAANNPSLKAAIPLQGWHTRKDWSSVRVPTLIVGAELDTIAPVSSHSEAFYNSLPSSLPKAYMELRGASHTVSNTPNTTTAKYSIAWLKRFVDDDTRYEQFLCPAPDDPAISEYRSTCPF,70.37
V61,TANPYQRGPDPTESSIEAVRGPFAVAQTTVSRLDASGFGGGTIYYPTDTSQGTFGAVAISPGFLANQNAIAWLGPRIASQGFVVITIDTISKLDYPDSRGRQLQAALDYLTTDSTVRDRIDPNRMAVMGHSMGGGGALSAAANNPSLKAAIPLQGWHTRKDWSSVRVPTLIVGAELDTIAPVSSHSEAFYNSLPSSLPKAYMELRGASHTVSNTPNTTTAKYSIAWLKRFVDDDTRYEQFLCPAPDDPAISEYRSTCPF,25.64
V62,TDNPYQRGPDPTESSIEAVRGPFAVAQTTVSRLDASGFGGGTIYYPTDTSQGTFGAVAISPGFLAGQSAIAWLGPRIASQGFVVITIDTISRFDQPDSRGRQLQAALDYLTTDSTVRDRIDPNRMAVMGHSMGGGGALSAAANNPSLKAAIPLQGWHTRKDWSSVRVPTLIVGAELDTIAPVSSNSEAFYNSLPSSLPKAYMELRGASHTVSNTPNTTTAKYSIAWLKRFVDDDTRYEQFLCPAPDDPAISEYRSTCPF,64.11
V63,TANPYQRGPDPTESSIEAVRGPFAVAQTTVSRLDASGFGGGTIYYPTDTSQGTFGAVAISPGFTATQSAIAWLGPRIASQGFVVITIDTISSLDQPDSRGRQLQAALDYLTTDSTVRDRIDPNRMAVMGHSMGGGGALSAAANNPSLKAAIPLQGWHTRKDWSSVRVPTLIVGAELDTIAPVSSHSEAFYNSLPSSLPKAYMELRGASHTVSNTPNTTTAKYSIAWLKRFVDDDTRYEQFLCPAPDDPAISEYRSTCPF,59.19
V64,TANPYQRGPDPTESSIEAVRGPFAVAQTTVSRLDASGFGGGTIYYPTDTSQGTFGAVAISPGFTAGQSSIAWLGPRIASQGFVVITIDTISEFDQPDSRGRQLQAALDYLTTDSTVRDRIDPNRMAVMGHSMGGGGALSAAANNPSLKAAIPLQGWHTRKDWSSVRVPTLIVGAELDTIAPVSSHSEAFYNSLPSSLPKAYMELRGASHLVSNTPNTTTAKYSIAWLKRFVDDDTRYEQFLCPAPDDPAISEYRSTCPF,9.86
V66,TANPYQRGPDPTESSIEAVRGPFAVAQTTVSRLDASGFGGGTIYYPTDTSQGTFGAVAISPGFNASQNAIAWLGPRIASQGFVVITIDTISRFDYPDSRGRQLQAALDYLTTDSTVRDRIDPNRMAVMGHSMGGGGALSAAANNPSLKAAIPLQGWHTRKDWSSVRVPTLIVGAELDTIAPVSSNSEAFYNSLPSSLPKAYMELRGASHLVSNTPNTTTAKYSIAWLKRFVDDDTRYEQFLCPAPDDPAISEYRSTCPF,33.33
V67,TANPYQRGPDPTESSIEAVRGPFAVAQTTVSRLDASGFGGGTIYYPTDTSQGTFGAVAISPGFNAGQEAIAWLGPRIASQGFVVITIDTISKFDYPDSRGRQLQAALDYLTTDSTVRDRIDPNRMAVMGHSMGGGGALSAAANNPSLKAAIPLQGWHTRKDWSSVRVPTLIVGAELDTIAPVSSHSEAFYNSLPSSLPKAYMELRGASHTVSNTPNTTTAKYSIAWLKRFVDDDTRYEQFLCPAPDDPAISEYRSTCPF,4.75
V68,TANPYQRGPDPTESSIEAVRGPFAVAQTTVSRLDASGFGGGTIYYPTDTSQGTFGAVAISPGFNAGQEAIAWLGPRIASQGFVVITIDTISSLDYPDSRGRQLQAALDYLTTDSTVRDRIDPNRMAVMGHSMGGGGALSAAANNPSLKAAIPLQGWHTRKDWSSVRVPTLIVGAELDTIAPVSSYSEAFYNSLPSSLPKAYMELRGASHTVSNTPNTTTAKYSIAWLKRFVDDDTRYEQFLCPAPDDPAISEYRSTCPF,44.11
V69,TANPYQRGPDPTESSIEAVRGPFAVAQTTVSRLDASGFGGGTIYYPTDTSQGTFGAVAISPGFTAGQSSIAWLGPRIASQGFVVITIDTISRFDYPDSRGRQLQAALDYLTTDSTVRDRIDPNRMAVMGHSMGGGGALSAAANNPSLKAAIPLQGWHTRKDWSSVRVPTLIVGAELDTIAPVSSHSEAFYNSLPSSLPKAYMELRGASHTVSNTPNTTTAKYSIAWLKRFVDDDTRYEQFLCPAPDDPAISEYRSTCPF,93.03
V70,TANPYQRGPDPTESSIEAVRGPFAVAQTTVSRLDASGFGGGTIYYPTDTSQGTFGAVAISPGFLATQSSIAWLGPRIASQGFVVITIDTISRFDYPDSRGRQLQAALDYLTTDSTVRDRIDPNRMAVMGHSMGGGGALSAAANNPSLKAAIPLQGWHTRKDWSSVRVPTLIVGAELDTIAPVSSHSEAFYNSLPSSLPKAYMELRGASHLVSNTPNTTTAKYSIAWLKRFVDDDTRYEQFLCPAPDDPAISEYRSTCPF,41.2
V72,TANPYQRGPDPTESSIEAVRGPFAVAQTTVSRLDASGFGGGTIYYPTDTSQGTFGAVAISPGFLATQNSIAWLGPRIASQGFVVITIDTISSLDQPDSRGRQLQAALDYLTTDSTVRDRIDPNRMAVMGHSMGGGGALSAAANNPSLKAAIPLQGWHTRKDWSSVRVPTLIVGAELDTIAPVSSHSEAFYNSLPSSLPKAYMELRGASHLVSNTPNTTTAKYSIAWLKRFVDDDTRYEQFLCPAPDDPAISEYRSTCPF,83.65
V74,TANPYQRGPDPTESSIEAVRGPFAVAQTTVSRLDASGFGGGTIYYPTDTSQGTFGAVAISPGFTANQEAIAWLGPRIASQGFVVITIDTISRFDYPDSRGRQLQAALDYLTTDSTVRDRIDPNRMAVMGHSMGGGGALSAAANNPSLKAAIPLQGWHTRKDWSSVRVPTLIVGAELDTIAPVSSYSEAFYNSLPSSLPKAYMELRGASHTVSNTPNTTTAKYSIAWLKRFVDDDTRYEQFLCPAPDDPAISEYRSTCPF,102.31
V75,TANPYQRGPDPTESSIEAVRGPFAVAQTTVSRLDASGFGGGTIYYPTDTSQGTFGAVAISPGFTAGQSSIAWLGPRIASQGFVVITIDTISSLDQPDSRGRQLQAALDYLTTDSTVRDRIDPNRMAVMGHSMGGGGALSAAANNPSLKAAIPLQGWHTRKDWSSVRVPTLIVGAELDTIAPVSSYSEAFYNSLPSSLPKAYMELRGASHTVSNTPNTTTAKYSIAWLKRFVDDDTRYEQFLCPAPDDPAISEYRSTCPF,63.92
V80,TANPYQRGPDPTESSIEAVRGPFAVAQTTVSRLDASGFGGGTIYYPTDTSQGTFGAVAISPGFLAGQKAIAWLGPRIASQGFVVITIDTISELDYPDSRGRQLQAALDYLTTDSTVRDRIDPNRMAVMGHSMGGGGALSAAANNPSLKAAIPLQGWHTRKDWSSVRVPTLIVGAELDTIAPVSSHSEAFYNSLPSSLPKAYMELRGASHTVSNTPNTTTAKYSIAWLKRFVDDDTRYEQFLCPAPDDPAISEYRSTCPF,17.38
V81,TANPYQRGPDPTESSIEAVRGPFAVAQTTVSRLDASGFGGGTIYYPTDTSQGTFGAVAISPGFTAGQSSIAWLGPRIASQGFVVITIDTISKFDQPDSRGRQLQAALDYLTTDSTVRDRIDPNRMAVMGHSMGGGGALSAAANNPSLKAAIPLQGWHTRKDWSSVRVPTLIVGAELDTIAPVSSHSEAFYNSLPSSLPKAYMELRGASHLVSNTPNTTTAKYSIAWLKRFVDDDTRYEQFLCPAPDDPAISEYRSTCPF,79.11
V82,TANPYQRGPDPTESSIEAVRGPFAVAQTTVSRLDASGFGGGTIYYPTDTSQGTFGAVAISPGFTAGQSAIAWLGPRIASQGFVVITIDTISEFDQPDSRGRQLQAALDYLTTDSTVRDRIDPNRMAVMGHSMGGGGALSAAANNPSLKAAIPLQGWHTRKDWSSVRVPTLIVGAELDTIAPVSSYSEAFYNSLPSSLPKAYMELRGASHTVSNTPNTTTAKYSIAWLKRFVDDDTRYEQFLCPAPDDPAISEYRSTCPF,12.09
V83,TANPYQRGPDPTESSIEAVRGPFAVAQTTVSRLDASGFGGGTIYYPTDTSQGTFGAVAISPGFLASQRAIAWLGPRIASQGFVVITIDTISRFDYPDSRGRQLQAALDYLTTDSTVRDRIDPNRMAVMGHSMGGGGALSAAANNPSLKAAIPLQGWHTRKDWSSVRVPTLIVGAELDTIAPVSSHSEAFYNSLPSSLPKAYMELRGASHTVSNTPNTTTAKYSIAWLKRFVDDDTRYEQFLCPAPDDPAISEYRSTCPF,21.71
V85,TANPYQRGPDPTESSIEAVRGPFAVAQTTVSRLDASGFGGGTIYYPTDTSQGTFGAVAISPGFTAGQNAIAWLGPRIASQGFVVITIDTISEFDQPDSRGRQLQAALDYLTTDSTVRDRIDPNRMAVMGHSMGGGGALSAAANNPSLKAAIPLQGWHTRKDWSSVRVPTLIVGAELDTIAPVSSNSEAFYNSLPSSLPKAYMELRGASHLVSNTPNTTTAKYSIAWLKRFVDDDTRYEQFLCPAPDDPAISEYRSTCPF,9.94
V86,TANPYQRGPDPTESSIEAVRGPFAVAQTTVSRLDASGFGGGTIYYPTDTSQGTFGAVAISPGFTAGQSSIAWLGPRIASQGFVVITIDTISEFDQPDSRGRQLQAALDYLTTDSTVRDRIDPNRMAVMGHSMGGGGALSAAANNPSLKAAIPLQGWHTRKDWSSVRVPTLIVGAELDTIAPVSSHSEAFYNSLPSSLPKAYMELRGASHLVSNTPNTTTAKYSIAWLKRFVDDDTRYEQFLCPAPDDPAISEYRSTCPF,10.88
V87,TANPYQRGPDPTESSIEAVRGPFAVAQTTVSRLDASGFGGGTIYYPTDTSQGTFGAVAISPGFLAGQKAIAWLGPRIASQGFVVITIDTISSFDYPDSRGRQLQAALDYLTTDSTVRDRIDPNRMAVMGHSMGGGGALSAAANNPSLKAAIPLQGWHTRKDWSSVRVPTLIVGAELDTIAPVSSYSEAFYNSLPSSLPKAYMELRGASHLVSNTPNTTTAKYSIAWLKRFVDDDTRYEQFLCPAPDDPAISEYRSTCPF,49.13
V89,TANPYQRGPDPTESSIEAVRGPFAVAQTTVSRLDASGFGGGTIYYPTDTSQGTFGAVAISPGFTASQSAIAWLGPRIASQGFVVITIDTISEFDYPDSRGRQLQAALDYLTTDSTVRDRIDPNRMAVMGHSMGGGGALSAAANNPSLKAAIPLQGWHTRKDWSSVRVPTLIVGAELDTIAPVSSYSEAFYNSLPSSLPKAYMELRGASHTVSNTPNTTTAKYSIAWLKRFVDDDTRYEQFLCPAPDDPAISEYRSTCPF,12.2
V90,TANPYQRGPDPTESSIEAVRGPFAVAQTTVSRLDASGFGGGTIYYPTDTSQGTFGAVAISPGFTAGQSAIAWLGPRIASQGFVVITIDTISSFDQPDSRGRQLQAALDYLTTDSTVRDRIDPNRMAVMGHSMGGGGALSAAANNPSLKAAIPLQGWHTRKDWSSVRVPTLIVGAELDTIAPVSSHSEAFYNSLPSSLPKAYMELRGASHTVSNTPNTTTAKYSIAWLKRFVDDDTRYEQFLCPAPDDPAISEYRSTCPF,22.22
V93,TANPYQRGPDPTESSIEAVRGPFAVAQTTVSRLDASGFGGGTIYYPTDTSQGTFGAVAISPGFTASQEAIAWLGPRIASQGFVVITIDTISKFDQPDSRGRQLQAALDYLTTDSTVRDRIDPNRMAVMGHSMGGGGALSAAANNPSLKAAIPLQGWHTRKDWSSVRVPTLIVGAELDTIAPVSSHSEAFYNSLPSSLPKAYMELRGASHTVSNTPNTTTAKYSIAWLKRFVDDDTRYEQFLCPAPDDPAISEYRSTCPF,41.39
V94,TANPYQRGPDPTESSIEAVRGPFAVAQTTVSRLDASGFGGGTIYYPTDTSQGTFGAVAISPGFLAGQSAIAWLGPRIASQGFVVITIDTISRLDYPDSRGRQLQAALDYLTTDSTVRDRIDPNRMAVMGHSMGGGGALSAAANNPSLKAAIPLQGWHTRKDWSSVRVPTLIVGAELDTIAPVSSNSEAFYNSLPSSLPKAYMELRGASHTVSNTPNTTTAKYSIAWLKRFVDDDTRYEQFLCPAPDDPAISEYRSTCPF,53.03
V95,TANPYQRGPDPTESSIEAVRGPFAVAQTTVSRLDASGFGGGTIYYPTDTSQGTFGAVAISPGFIASQSAIAWLGPRIASQGFVVITIDTISEFDQPDSRGRQLQAALDYLTTDSTVRDRIDPNRMAVMGHSMGGGGALSAAANNPSLKAAIPLQGWHTRKDWSSVRVPTLIVGAELDTIAPVSSHSEAFYNSLPSSLPKAYMELRGASHLVSNTPNTTTAKYSIAWLKRFVDDDTRYEQFLCPAPDDPAISEYRSTCPF,24.7
V98,TANPYQRGPDPTESSIEAVRGPFAVAQTTVSRLDASGFGGGTIYYPTDTSQGTFGAVAISPGFLASQEAIAWLGPRIASQGFVVITIDTISRFDQPDSRGRQLQAALDYLTTDSTVRDRIDPNRMAVMGHSMGGGGALSAAANNPSLKAAIPLQGWHTRKDWSSVRVPTLIVGAELDTIAPVSSHSEAFYNSLPSSLPKAYMELRGASHTVSNTPNTTTAKYSIAWLKRFVDDDTRYEQFLCPAPDDPAISEYRSTCPF,41.93
V99,TANPYQRGPDPTESSIEAVRGPFAVAQTTVSRLDASGFGGGTIYYPTDTSQGTFGAVAISPGFNAGQESIAWLGPRIASQGFVVITIDTISKLDQPDSRGRQLQAALDYLTTDSTVRDRIDPNRMAVMGHSMGGGGALSAAANNPSLKAAIPLQGWHTRKDWSSVRVPTLIVGAELDTIAPVSSHSEAFYNSLPSSLPKAYMELRGASHLVSNTPNTTTAKYSIAWLKRFVDDDTRYEQFLCPAPDDHTVSEYRSTCPF,7.63
V100,TANPYQRGPDPTESSIEAVRGPFAVAQTTVSRLDASGFGGGTIYYPTDTSQGTFGAVAISPGFLASQEAIAWLGPRIASQGFVVITIDTISEFDQPDSRGRQLQAALDYLTTDSTVRDRIDPNRMAVMGHSMGGGGALSAAANNPSLKAAIPLQGWHTRKDWSSVRVPTLIVGAELDTIAPVSSHSEAFYNSLPSSLPKAYMELRGASHTVSNTPNTTTAKYSIAWLKRFVDDDTRYEQFLCPAPDDPAISEYRSTCPF,6.63
V102,TANPYQRGPDPTESSIEAVRGPFAVAQTTVSRLDASGFGGGTIYYPTDTSQGTFGAVAISPGFLAGQESIAWLGPRIASQGFVVITIDTISKFDQPDSRGRQLQAALDYLTTDSTVRDRIDPNRMAVMGHSMGGGGALSAAANNPSLKAAIPLQGWHTRKDWSSVRVPTLIVGAELDTIAPVSSHSEAFYNSLPSSLPKAYMELRGASHLVSNTPNTTTAKYSIAWLKRFVDDDTRYEQFLCPAPDDPAISEYRSTCPF,122.98
V103,TANPYQRGPDPTESSIEAVRGPFAVAQTTVSRLDASGFGGGTIYYPTDTSQGTFGAVAISPGFLATQSSIAWLGPRIASQGFVVITIDTISELDQPDSRGRQLQAALDYLTTDSTVRDRIDPNRMAVMGHSMGGGGALSAAANNPSLKAAIPLQGWHTRKDWSSVRVPTLIVGAELDTIAPVSSHSEAFYNSLPSSLPKAYMELRGASHTVSNTPNTTTAKYSIAWLKRFVDDDTRYEQFLCPAPDDPAISEYRSTCPF,21.9
V104,TANPYQRGPDPTESSIEAVRGPFAVAQTTVSRLDASGFGGGTIYYPTDTSQGTFGAVAISPGFLAGQKAIAWLGPRIASQGFVVITIDTISSLDQPDSRGRQLQAALDYLTTDSTVRDRIDPNRMAVMGHSMGGGGALSAAANNPSLKAAIPLQGWHTRKDWSSVRVPTLIVGAELDTIAPVSSHSEAFYNSLPSSLPKAYMELRGASHTVSNTPNTTTAKYSIAWLKRFVDDDTRYEQFLCPAPDDPAISEYRSTCPF,35.05
V105,TANPYQRGPDPTESSIEAVRGPFAVAQTTVSRLDASGFGGGTIYYPTDTSQGTFGAVAISPGFTAGQNSIAWLGPRIASQGFVVITIDTISSFDQPDSRGRQLQAALDYLTTDSTVRDRIDPNRMAVMGHSMGGGGALSAAANNPSLKAAIPLQGWHTRKDWSSVRVPTLIVGAELDTIAPVSSHSEAFYNSLPSSLPKAYMELRGASHLVSNTPNTTTAKYSIAWLKRFVDDDTRYEQFLCPAPDDPAISEYRSTCPF,49.75
V106,TANPYQRGPDPTESSIEAVRGPFAVAQTTVSRLDASGFGGGTIYYPTDTSQGTFGAVAISPGFLATQNSIAWLGPRIASQGFVVITIDTISRFDYPDSRGRQLQAALDYLTTDSTVRDRIDPNRMAVMGHSMGGGGALSAAANNPSLKAAIPLQGWHTRKDWSSVRVPTLIVGAELDTIAPVSSHSEAFYNSLPSSLPKAYMELRGASHLVSNTPNTTTAKYSIAWLKRFVDDDTRYEQFLCPAPDDPAISEYRSTCPF,41.55
V107,TANPYQRGPDPTESSIEAVRGPFAVAQTTVSRLDASGFGGGTIYYPTDTSQGTFGAVAISPGFLAGQESIAWLGPRIASQGFVVITIDTISRLDQPDSRGRQLQAALDYLTTDSTVRDRIDPNRMAVMGHSMGGGGALSAAANNPSLKAAIPLQGWHTRKDWSSVRVPTLIVGAELDTIAPVSSHSEAFYNSLPSSLPKAYMELRGASHLVSNTPNTTTAKYSIAWLKRFVDDDTRYEQFLCPAPDDPAISEYRSTCPF,108.17
V108,TANPYQRGPDPTESSIEAVRGPFAVAQTTVSRLDASGFGGGTIYYPTDTSQGTFGAVAISPGFTAGQSSIAWLGPRIASQGFVVITIDTISELDQPDSRGRQLQAALDYLTTDSTVRDRIDPNRMAVMGHSMGGGGALSAAANNPSLKAAIPLQGWHTRKDWSSVRVPTLIVGAELDTIAPVSSHSEAFYNSLPSSLPKAYMELRGASHLVSNTPNTTTAKYSIAWLKRFVDDDTRYEQFLCPAPDDPAISEYRSTCPF,11.55
V109,TANPYQRGPDPTESSIEAVRGPFAVAQTTVSRLDASGFGGGTIYYPTDTSQGTFGAVAISPGFLAGQEAIAWLGPRIASQGFVVITIDTISRFDYPDSRGRQLQAALDYLTTDSTVRDRIDPNRMAVMGHSMGGGGALSAAANNPSLKAAIPLQGWHTRKDWSSVRVPTLIVGAELDTIAPVSSHSEAFYNSLPSSLPKAYMELRGASHTVSNTPNTTTAKYSIAWLKRFVDDDTRYEQFLCPAPDDPAISEYRSTCPF,25.53
V110,TANPYQRGPDPTESSIEAVRGPFAVAQTTVSRLDASGFGGGTIYYPTDTSQGTFGAVAISPGFNAGQSAIAWLGPRIASQGFVVITIDTISRFDYPDSRGRQLQAALDYLTTDSTVRDRIDPNRMAVMGHSMGGGGALSAAANNPSLKAAIPLQGWHTRKDWSSVRVPTLIVGAELDTIAPVSSHSEAFYNSLPSSLPKAYMELRGASHLVSNTPNTTTAKYSIAWLKRFVDDDTRYEQFLCPAPDDPAISEYRSTCPF,20.99
V111,TANPYQRGPDPTESSIEAVRGPFAVAQTTVSRLDASGFGGGTIYYPTDTSQGTFGAVAISPGFLANQNAIAWLGPRIASQGFVVITIDTISRLDQPDSRGRQLQAALDYLTTDSTVRDRIDPNRMAVMGHSMGGGGALSAAANNPSLKAAIPLQGWHTRKDWSSVRVPTLIVGAELDTIAPVSSNSEAFYNSLPSSLPKAYMELRGASHTVSNTPNTTTAKYSIAWLKRFVDDDTRYEQFLCPAPDDPAISEYRSTCPF,84.86
V112,TANPYQRGPDPTESSIEAVRGPFAVAQTTVSRLDASGFGGGTIYYPTDTSQGTFGAVAISPGFTAGQSSIAWLGPRIASQGFVVITIDTISSFDQPDSRGRQLQAALDYLTTDSTVRDRIDPNRMAVMGHSMGGGGALSAAANNPSLKAAIPLQGWHTRKDWSSVRVPTLIVGAELDTIAPVSSNSEAFYNSLPSSLPKAYMELRGASHLVSNTPNTTTAKYSIAWLKRFVDDDTRYEQFLCPAPDDPAISEYRSTCPF,102.52
V113,TANPYQRGPDPTESSIEAVRGPFAVAQTTVSRLDASGFGGGTIYYPTDTSQGTFGAVAISPGFTAGQEAIAWLGPRIASQGFVVITIDTISKFDQPDSRGRQLQAALDYLTTDSTVRDRIDPNRMAVMGHSMGGGGALSAAANNPSLKAAIPLQGWHTRKDWSSVRVPTLIVGAELDTIAPVSSHSEAFYNSLPSSLPKAYMELRGASHLVSNTPNTTTAKYSIAWLKRFVDDDTRYEQFLCPAPDDPAISEYRSTCPF,74.65
V114,TANPYQRGPDPTESSIEAVRGPFAVAQTTVSRLDASGFGGGTIYYPTDTSQGTFGAVAISPGFLAGQKAIAWLGPRIASQGFVVITIDTISRFDYPDSRGRQLQAALDYLTTDSTVRDRIDPNRMAVMGHSMGGGGALSAAANNPSLKAAIPLQGWHTRKDWSSVRVPTLIVGAELDTIAPVSSHSEAFYNSLPSSLPKAYMELRGASHTVSNTPNTTTAKYSIAWLKRFVDDDTRYEQFLCPAPDDPAISEYRSTCPF,15.13
V115,TANPYQRGPDPTESSIEAVRGPFAVAQTTVSRLDASGFGGGTIYYPTDTSQGTFGAVAISPGFLANQESIAWLGPRIASQGFVVITIDTISKFDYPDSRGRQLQAALDYLTTDSTVRDRIDPNRMAVMGHSMGGGGALSAAANNPSLKAAIPLQGWHTRKDWSSVRVPTLIVGAELDTIAPVSSHSEAFYNSLPSSLPKAYMELRGASHTVSNTPNTTTAKYSIAWLKRFVDDDTRYEQFLCPAPDDPAISEYRSTCPF,72.82
V116,TANPYQRGPDPTESSIEAVRGPFAVAQTTVSRLDASGFGGGTIYYPTDTSQGTFGAVAISPGFTAGQEAIAWLGPRIASQGFVVITIDTISRLDQPDSRGRQLQAALDYLTTDSTVRDRIDPNRMAVMGHSMGGGGALSAAANNPSLKAAIPLQGWHTRKDWSSVRVPTLIVGAELDTIAPVSSHSEAFYNSLPSSLPKAYMELRGASHLVSNTPNTTTAKYSIAWLKRFVDDDTRYEQFLCPAPDDPAISEYRSTCPF,66.98
V117,TANPYQRGPDPTESSIEAVRGPFAVAQTTVSRLDASGFGGGTIYYPTDTSQGTFGAVAISPGFLASQNSIAWLGPRIASQGFVVITIDTISSFDQPDSRGRQLQAALDYLTTDSTVRDRIDPNRMAVMGHSMGGGGALSAAANNPSLKAAIPLQGWHTRKDWSSVRVPTLIVGAELDTIAPVSSHSEAFYNSLPSSLPKAYMELRGASHTVSNTPNTTTAKYSIAWLKRFVDDDTRYEQFLCPAPDDPAISEYRSTCPF,108.14
V118,TANPYQRGPDPTESSIEAVRGPFAVAQTTVSRLDASGFGGGTIYYPTDTSQGTFGAVAISPGFTAGQSSIAWLGPRIASQGFVVITIDTISKFDQPDSRGRQLQAALDYLTTDSTVRDRIDPNRMAVMGHSMGGGGALSAAANNPSLKAAIPLQGWHTRKDWSSVRVPTLIVGAELDTIAPVSSHSEAFYNSLPSSLPKAYMELRGASHLVSNTPNTTTAKYSIAWLKRFVDDDTRYEQFLCPAPDDPAISEYRSTCPF,102.58
V119,TANPYQRGPDPTESSIEAVRGPFAVAQTTVSRLDASGFGGGTIYYPTDTSQGTFGAVAISPGFLAGQKAIAWLGPRIASQGFVVITIDTISSLDQPDSRGRQLQAALDYLTTDSTVRDRIDPNRMAVMGHSMGGGGALSAAANNPSLKAAIPLQGWHTRKDWSSVRVPTLIVGAELDTIAPVSSHSEAFYNSLPSSLPKAYMELRGASHLVSNTPNTTTAKYSIAWLKRFVDDDTRYEQFLCPAPDDPAISEYRSTCPF,38.92
V120,TANPYQRGPDPTESSIEAVRGPFAVAQTTVSRLDASGFGGGTIYYPTDTSQGTFGAVAISPGFLAGQRAIAWLGPRIASQGFVVITIDTISSLDQPDSRGRQLQAALDYLTTDSTVRDRIDPNRMAVMGHSMGGGGALSAAANNPSLKAAIPLQGWHTRKDWSSVRVPTLIVGAELDTIAPVSSHSEAFYNSLPSSLPKAYMELRGASHLVSNTPNTTTAKYSIAWLKRFVDDDTRYEQFLCPAPDDPAISEYRSTCPF,37.55
V121,TANPYQRGPDPTESSIEAVRGPFAVAQTTVSRLDASGFGGGTIYYPTDTSQGTFGAVAISPGFLASQNSIAWLGPRIASQGFVVITIDTISKLDQPDSRGRQLQAALDYLTTDSTVRDRIDPNRMAVMGHSMGGGGALSAAANNPSLKAAIPLQGWHTRKDWSSVRVPTLIVGAELDTIAPVSSNSEAFYNSLPSSLPKAYMELRGASHLVSNTPNTTTAKYSIAWLKRFVDDDTRYEQFLCPAPDDPAISEYRSTCPF,116.26
V122,TANPYQRGPDPTESSIEAVRGPFAVAQTTVSRLDASGFGGGTIYYPTDTSQGTFGAVAISPGFTAGQSSIAWLGPRIASQGFVVITIDTISRFDYPDSRGRQLQAALDYLTTDSTVRDRIDPNRMAVMGHSMGGGGALSAAANNPSLKAAIPLQGWHTRKDWSSVRVPTLIVGAELDTIAPVSSHSEAFYNSLPSSLPKAYMELRGASHTVSNTPNTTTAKYSIAWLKRFVDDDTRYEQFLCPAPDDPAISEYRSTCPF,110.56
V123,TANPYQRGPDPTESSIEAVRGPFAVAQTTVSRLDASGFGGGTIYYPTDTSQGTFGAVAISPGFLAGQNAIAWLGPRIASQGFVVITIDTISRLDQPDSRGRQLQAALDYLTTDSTVRDRIDPNRMAVMGHSMGGGGALSAAANNPSLKAAIPLQGWHTRKDWSSVRVPTLIVGAELDTIAPVSSYSEAFYNSLPSSLPKAYMELRGASHTVSNTPNTTTAKYSIAWLKRFVDDDTRYEQFLCPAPDDPAISEYRSTCPF,71.85
V124,TANPYQRGPDPTESSIEAVRGPFAVAQTTVSRLDASGFGGGTIYYPTDTSQGTFGAVAISPGFLAGQSAIAWLGPRIASQGFVVITIDTISRFDQPDSRGRQLQAALDYLTTDSTVRDRIDPNRMAVMGHSMGGGGALSAAANNPSLKAAIPLQGWHTRKDWSSVRVPTLIVGAELDTIAPVSSNSEAFYNSLPSSLPKAYMELRGASHLVSNTPNTTTAKYSIAWLKRFVDDDTRYEQFLCPAPDDPAISEYRSTCPF,110.75
V125,TANPYQRGPDPTESSIEAVRGPFAVAQTTVSRLDASGFGGGTIYYPTDTSQGTFGAVAISPGFTAGQSSIAWLGPRIASQGFVVITIDTISKLDQPDSRGRQLQAALDYLTTDSTVRDRIDPNRMAVMGHSMGGGGALSAAANNPSLKAAIPLQGWHTRKDWSSVRVPTLIVGAELDTIAPVSSHSEAFYNSLPSSLPKAYMELRGASHLVSNTPNTTTAKYSIAWLKRFVDDDTRYEQFLCPAPDDPAISEYRSTCPF,103.98
V127,TANPYQRGPDPTESSIEAVRGPFAVAQTTVSRLDASGFGGGTIYYPTDTSQGTFGAVAISPGFTAGQSSIAWLGPRIASQGFVVITIDTISRLDQPDSRGRQLQAALDYLTTDSTVRDRIDPNRMAVMGHSMGGGGALSAAANNPSLKAAIPLQGWHTRKDWSSVRVPTLIVGAELDTIAPVSSYSEAFYNSLPSSLPKAYMELRGASHLVSNTPNTTTAKYSIAWLKRFVDDDTRYEQFLCPAPDDPAISEYRSTCPF,134.73
V128,TANPYQRGPDPTESSIEAVRGPFAVAQTTVSRLDASGFGGGTIYYPTDTSQGTFGAVAISPGFTAGQKAIAWLGPRIASQGFVVITIDTISRFDQPDSRGRQLQAALDYLTTDSTVRDRIDPNRMAVMGHSMGGGGALSAAANNPSLKAAIPLQGWHTRKDWSSVRVPTLIVGAELDTIAPVSSHSEAFYNSLPSSLPKAYMELRGASHTVSNTPNTTTAKYSIAWLKRFVDDDTRYEQFLCPAPDDPAISEYRSTCPF,70.51
V130,TANPYQRGPDPTESSIEAVRGPFAVAQTTVSRLDASGFGGGTIYYPTDTSQGTFGAVAISPGFLASQNSIAWLGPRIASQGFVVITIDTISEFDQPDSRGRQLQAALDYLTTDSTVRDRIDPNRMAVMGHSMGGGGALSAAANNPSLKAAIPLQGWHTRKDWSSVRVPTLIVGAELDTIAPVSSHSEAFYNSLPSSLPKAYMELRGASHTVSNTPNTTTAKYSIAWLKRFVDDDTRYEQFLCPAPDDPAISEYRSTCPF,91.37
V131,TANPYQRGPDPTESSIEAVRGPFAVAQTTVSRLDASGFGGGTIYYPTDTSQGTFGAVAISPGFTAGQSSIAWLGPRIASQGFVVITIDTISELDYPDSRGRQLQAALDYLTTDSTVRDRIDPNRMAVMGHSMGGGGALSAAANNPSLKAAIPLQGWHTRKDWSSVRVPTLIVGAELDTIAPVSSHSEAFYNSLPSSLPKAYMELRGASHLVSNTPNTTTAKYSIAWLKRFVDDDTRYEQFLCPAPDDPAISEYRSTCPF,2.39
V132,TANPYQRGPDPTESSIEAVRGPFAVAQTTVSRLDASGFGGGTIYYPTDTSQGTFGAVAISPGFNATQSAIAWLGPRIASQGFVVITIDTISRFDYPDSRGRQLQAALDYLTTDSTVRDRIDPNRMAVMGHSMGGGGALSAAANNPSLKAAIPLQGWHTRKDWSSVRVPTLIVGAELDTIAPVSSYSEAFYNSLPSSLPKAYMELRGASHTVSNTPNTTTAKYSIAWLKRFVDDDTRYEQFLCPAPDDPAISEYRSTCPF,12.98
V133,TANPYQRGPDPTESSIEAVRGPFAVAQTTVSRLDASGFGGGTIYYPTDTSQGTFGAVAISPGFNASQSSIAWLGPRIASQGFVVITIDTISRFDYPDSRGRQLQAALDYLTTDSTVRDRIDPNRMAVMGHSMGGGGALSAAANNPSLKAAIPLQGWHTRKDWSSVRVPTLIVGAELDTIAPVSSHSEAFYNSLPSSLPKAYMELRGASHTVSNTPNTTTAKYSIAWLKRFVDDDTRYEQFLCPAPDDPAISEYRSTCPF,34.16
V134,TANPYQRGPDPTESSIEAVRGPFAVAQTTVSRLDASGFGGGTIYYPTDTSQGTFGAVAISPGFNANQKSIAWLGPRIASQGFVVITIDTISSFDYPDSRGRQLQAALDYLTTDSTVRDRIDPNRMAVMGHSMGGGGALSAAANNPSLKAAIPLQGWHTRKDWSSVRVPTLIVGAELDTIAPVSSYSEAFYNSLPSSLPKAYMELRGASHTVSNTPNTTTAKYSIAWLKRFVDDDTRYEQFLCPAPDDPAISEYRSTCPF,23.95
V135,TANPYQRGPDPTESSIEAVRGPFAVAQTTVSRLDASGFGGGTIYYPTDTSQGTFGAVAISPGFTAGQSSIAWLGPRIASQGFVVITIDTISRFDYPDSRGRQLQAALDYLTTDSTVRDRIDPNRMAVMGHSMGGGGALSAAANNPSLKAAIPLQGWHTRKDWSSVRVPTLIVGAELDTIAPVSSHSEAFYNSLPSSLPKAYMELRGASHTVSNTPNTTTAKYSIAWLKRFVDDDTRYEQFLCPAPDDPAISEYRSTCPF,81.67
V136,TANPYQRGPDPTESSIEAVRGPFAVAQTTVSRLDASGFGGGTIYYPTDTSQGTFGAVAISPGFLAGQNAIAWLGPRIASQGFVVITIDTISELDQPDSRGRQLQAALDYLTTDSTVRDRIDPNRMAVMGHSMGGGGALSAAANNPSLKAAIPLQGWHTRKDWSSVRVPTLIVGAELDTIAPVSSNSEAFYNSLPSSLPKAYMELRGASHLVSNTPNTTTAKYSIAWLKRFVDDDTRYEQFLCPAPDDPAISEYRSTCPF,3.87
V137,TANPYQRGPDPTESSIEAVRGPFAVAQTTVSRLDASGFGGGTIYYPTDTSQGTFGAVAISPGFTAGQESIAWLGPRIASQGFVVITIDTISRFDYPDSRGRQLQAALDYLTTDSTVRDRIDPNRMAVMGHSMGGGGALSAAANNPSLKAAIPLQGWHTRKDWSSVRVPTLIVGAELDTIAPVSSHSEAFYNSLPSSLPKAYMELRGASHTVSNTPNTTTAKYSIAWLKRFVDDDTRYEQFLCPAPDDPAISEYRSTCPF,80.08
V138,TANPYQRGPDPTESSIEAVRGPFAVAQTTVSRLDASGFGGGTIYYPTDTSQGTFGAVAISPGFLASQSAIAWLGPRIASQGFVVITIDTISKFDYPDSRGRQLQAALDYLTTDSTVRDRIDPNRMAVMGHSMGGGGALSAAANNPSLKAAIPLQGWHTRKDWSSVRVPTLIVGAELDTIAPVSSHSEAFYNSLPSSLPKAYMELRGASHLVSNTPNTTTAKYSIAWLKRFVDDDTRYEQFLCPAPDDPAISEYRSTCPF,28.3
V140,TANPYQRGPDPTESSIEAVRGPFAVAQTTVSRLDASGFGGGTIYYPTDTSQGTFGAVAISPGFTAGQSSIAWLGPRIASQGFVVITIDTISRFDQPDSRGRQLQAALDYLTTDSTVRDRIDPNRMAVMGHSMGGGGALSAAANNPSLKAAIPLQGWHTRKDWSSVRVPTLIVGAELDTIAPVSSHSEAFYNSLPSSLPKAYMELRGASHTVSNTPNTTTAKYSIAWLKRFVDDDTRYEQFLCPAPDDPAISEYRSTCPF,101.91
V141,TANPYQRGPDPTESSIEAVRGPFAVAQTTVSRLDASGFGGGTIYYPTDTSQGTFGAVAISPGFTAGQSSIAWLGPRIASQGFVVITIDTISRFDYPDSRGRQLQAALDYLTTDSTVRDRIDPNRMAVMGHSMGGGGALSAAANNPSLKAAIPLQGWHTRKDWSSVRVPTLIVGAELDTIAPVSSYSEAFYNSLPSSLPKAYMELRGASHTVSNTPNTTTAKYSIAWLKRFVDDDTRYEQFLCPAPDDPAISEYRSTCPF,125.7
V145,TANPYQRGPDPTESSIEAVRGPFAVAQTTVSRLDASGFGGGTIYYPTDTSQGTFGAVAISPGFLAGQSSIAWLGPRIASQGFVVITIDTISRLDYPDSRGRQLQAALDYLTTDSTVRDRIDPNRMAVMGHSMGGGGALSAAANNPSLKAAIPLQGWHTRKDWSSVRVPTLIVGAELDTIAPVSSHSEAFYNSLPSSLPKAYMELRGASHTVSNTPNTTTAKYSIAWLKRFVDDDTRYEQFLCPAPDDPAISEYRSTCPF,63.57
V146,TANPYQRGPDPTESSIEAVRGPFAVAQTTVSRLDASGFGGGTIYYPTDTSQGTFGAVAISPGFLAGQESIAWLGPRIASQGFVVITIDTISRFDYPDSRGRQLQAALDYLTTDSTVRDRIDPNRMAVMGHSMGGGGALSAAANNPSLKAAIPLQGWHTRKDWSSVRVPTLIVGAELDTIAPVSSNSEAFYNSLPSSLPKAYMELRGASHLVSNTPNTTTAKYSIAWLKRFVDDDTRYEQFLCPAPDDPAISEYRSTCPF,106.02
V149,TANPYQRGPDPTESSIEAVRGPFAVAQTTVSRLDASGFGGGTIYYPTDTSQGTFGAVAISPGFLASQSSIAWLGPRIASQGFVVITIDTISRFDYPDSRGRQLQAALDYLTTDSTVRDRIDPNRMAVMGHSMGGGGALSAAANNPSLKAAIPLQGWHTRKDWSSVRVPTLIVGAELDTIAPVSSHSEAFYNSLPSSLPKAYMELRGASHTVSNTPNTTTAKYSIAWLKRFVDDDTRYEQFLCPAPDDPAISEYRSTCPF,72.55
V150,TANPYQRGPDPTESSIEAVRGPFAVAQTTVSRLDASGFGGGTIYYPTDTSQGTFGAVAISPGFTASQNSIAWLGPRIASQGFVVITIDTISEFDYPDSRGRQLQAALDYLTTDSTVRDRIDPNRMAVMGHSMGGGGALSAAANNPSLKAAIPLQGWHTRKDWSSVRVPTLIVGAELDTIAPVSSHSEAFYNSLPSSLPKAYMELRGASHLVSNTPNTTTAKYSIAWLKRFVDDDTRYEQFLCPAPDDPAISEYRSTCPF,6.37
V153,TANPYQRGPDPTESSIEAVRGPFAVAQTTVSRLDASGFGGGTIYYPTDTSQGTFGAVAISPGFTAGQNAIAWLGPRIASQGFVVITIDTISRFDYPDSRGRQLQAALDYLTTDSTVRDRIDPNRMAVMGHSMGGGGALSAAANNPSLKAAIPLQGWHTRKDWSSVRVPTLIVGAELDTIAPVSSNSEAFYNSLPSSLPKAYMELRGASHLVSNTPNTTTAKYSIAWLKRFVDDDTRYEQFLCPAPDDPAISEYRSTCPF,113.09
V155,TANPYQRGPDPTESSIEAVRGPFAVAQTTVSRLDASGFGGGTIYYPTDTSQGTFGAVAISPGFLAGQESIAWLGPRIASQGFVVITIDTISRLDQPDSRGRQLQAALDYLTTDSTVRDRIDPNRMAVMGHSMGGGGALSAAANNPSLKAAIPLQGWHTRKDWSSVRVPTLIVGAELDTIAPVSSHSEAFYNSLPSSLPKAYMELRGASHTVSNTPNTTTAKYSIAWLKRFVDDDTRYEQFLCPAPDDPAISEYRSTCPF,70.35
V156,TANPYQRGPDPTESSIEAVRGPFAVAQTTVSRLDASGFGGGTIYYPTDTSQGTFGAVAISPGFLAGQKAIAWLGPRIASQGFVVITIDTISSLDQPDSRGRQLQAALDYLTTDSTVRDRIDPNRMAVMGHSMGGGGALSAAANNPSLKAAIPLQGWHTRKDWSSVRVPTLIVGAELDTIAPVSSHSEAFYNSLPSSLPKAYMELRGASHLVSNTPNTTTAKYSIAWLKRFVDDDTRYEQFLCPAPDDPAISEYRSTCPF,25.56
V159,TANPYQRGPDPTESSIEAVRGPFAVAQTTVSRLDASGFGGGTIYYPTDTSQGTFGAVAISPGFTAGQSSIAWLGPRIASQGFVVITIDTISRFDYPDSRGRQLQAALDYLTTDSTVRDRIDPNRMAVMGHSMGGGGALSAAANNPSLKAAIPLQGWHTRKDWSSVRVPTLIVGAELDTIAPVSSHSEAFYNSLPSSLPKAYMELRGASHLVSNTPNTTTAKYSIAWLKRFVDDDTRYEQFLCPAPDDPAISEYRSTCPF,74.33
V160,TANPYQRGPDPTESSIEAVRGPFAVAQTTVSRLDASGFGGGTIYYPTDTSQGTFGAVAISPGFLASQSAIAWLGPRIASQGFVVITIDTISKFDYPDSRGRQLQAALDYLTTDSTVRDRIDPNRMAVMGHSMGGGGALSAAANNPSLKAAIPLQGWHTRKDWSSVRVPTLIVGAELDTIAPVSSHSEAFYNSLPSSLPKAYMELRGASHLVSNTPNTTTAKYSIAWLKRFVDDDTRYEQFLCPAPDDPAISEYRSTCPF,42.44
V161,TANPYQRGPDPTESSIEAVRGPFAVAQTTVSRLDASGFGGGTIYYPTDTSQGTFGAVAISPGFTAGQSSIAWLGPRIASQGFVVITIDTISSLDQPDSRGRQLQAALDYLTTDSTVRDRIDPNRMAVMGHSMGGGGALSAAANNPSLKAAIPLQGWHTRKDWSSVRVPTLIVGAELDTIAPVSSHSEAFYNSLPSSLPKAYMELRGASHTVSNTPNTTTAKYSIAWLKRFVDDDTRYEQFLCPAPDDPAISEYRSTCPF,34.59
V162,TANPYQRGPDPTESSIEAVRGPFAVAQTTVSRLDASGFGGGTIYYPTDTSQGTFGAVAISPGFTATQSSIAWLGPRIASQGFVVITIDTISRFDYPDSRGRQLQAALDYLTTDSTVRDRIDPNRMAVMGHSMGGGGALSAAANNPSLKAAIPLQGWHTRKDWSSVRVPTLIVGAELDTIAPVSSHSEAFYNSLPSSLPKAYMELRGASHTVSNTPNTTTAKYSIAWLKRFVDDDTRYEQFLCPAPDDPAISEYRSTCPF,88.74
V163,TANPYQRGPDPTESSIEAVRGPFAVAQTTVSRLDASGFGGGTIYYPTDTSQGTFGAVAISPGFTAGQSSIAWLGPRIASQGFVVITIDTISGLDQPDSRGRQLQAALDYLTTDSTVRDRIDPNRMAVMGHSMGGGGALSAAANNPSLKAAIPLQGWHTRKDWSSVRVPTLIVGAELDTIAPVSSHSEAFYNSLPSSLPKAYMELRGASHTVSNTPNTTTAKYSIAWLKRFVDDDTRYEQFLCPAPDDPAISEYRSTCPF,46.74
V164,TANPYQRGPDPTESSIEAVRGPFAVAQTTVSRLDASGFGGGTIYYPTDTSQGTFGAVAISPGFLASQSSIAWLGPRIASQGFVVITIDTISRFDYPDSRGRQLQAALDYLTTDSTVRDRIDPNRMAVMGHSMGGGGALSAAANNPSLKAAIPLQGWHTRKDWSSVRVPTLIVGAELDTIAPVSSHSEAFYNSLPSSLPKAYMELRGASHLVSNTPNTTTAKYSIAWLKRFVDDDTRYEQFLCPAPDDPAISEYRSTCPF,62.71
V165,TANPYQRGPDPTESSIEAVRGPFAVAQTTVSRLDASGFGGGTIYYPTDTSQGTFGAVAISPGFLATQEAIAWLGPRIASQGFVVITIDTISRFDYPDSRGRQLQAALDYLTTDSTVRDRIDPNRMAVMGHSMGGGGALSAAANNPSLKAAIPLQGWHTRKDWSSVRVPTLIVGAELDTIAPVSSNSEAFYNSLPSSLPKAYMELRGASHTVSNTPNTTTAKYSIAWLKRFVDDDTRYEQFLCPAPDDPAISEYRSTCPF,53.2
V166,TANPYQRGPDPTESSIEAVRGPFAVAQTTVSRLDASGFGGGTIYYPTDTSQGTFGAVAISPGFLASQKAIAWLGPRIASQGFVVITIDTISEFDQPDSRGRQLQAALDYLTTDSTVRDRIDPNRMAVMGHSMGGGGALSAAANNPSLKAAIPLQGWHTRKDWSSVRVPTLIVGAELDTIAPVSSHSEAFYNSLPSSLPKAYMELRGASHTVSNTPNTTTAKYSIAWLKRFVDDDTRYEQFLCPAPDDPAISEYRSTCPF,24.91
V169,TANPYQRGPDPTESSIEAVRGPFAVAQTTVSRLDASGFGGGTIYYPTDTSQGTFGAVAISPGFLASQSSIAWLGPRIASQGFVVITIDTISKLDYPDSRGRQLQAALDYLTTDSTVRDRIDPNRMAVMGHSMGGGGALSAAANNPSLKAAIPLQGWHTRKDWSSVRVPTLIVGAELDTIAPVSSHSEAFYNSLPSSLPKAYMELRGASHTVSNTPNTTTAKYSIAWLKRFVDDDTRYEQFLCPAPDDPAISEYRSTCPF,77.47
V170,TANPYQRGPDPTESSIEAVRGPFAVAQTTVSRLDASGFGGGTIYYPTDTSQGTFGAVAISPGFTAGQSSIAWLGPRIASQGFVVITIDTISRFDYPDSRGRQLQAALDYLTTDSTVRDRIDPNRMAVMGHSMGGGGALSAAANNPSLKAAIPLQGWHTRKDWSSVRVPTLIVGAELDTIAPVSSHSEAFYNSLPSSLPKAYMELRGASHTVSNTPNTTTAKYSIAWLKRFVDDDTRYEQFLCPAPDDPAISEYRSTCPF,91.37
V171,TANPYQRGPDPTESSIEAVRGPFAVAQTTVSRLDAYGFGGGTIYYPTDTSQGTFGAVAISPGFLAGQNAIAWLGPRIASQGFVVITIDTISEFDYPDSRGRQLQAALDYLTTDSTVRDRIDPNRMAVMGHSMGGGGALSAAANNPSLKAAIPLQGWHTRKDWSSVRVPTLIVGAELDTIAPVSSHSEAFYNSLPSSLPKAYMELRGASHTVSNTPNTTTAKYSIAWLKRFVDDDTRYEQFLCPAPDDPAISEYRSTCPF,2.33
V172,TANPYQRGPDPTESSIEAVRGPFAVAQTTVSRLDASGFGGGTIYYPTDTSQGTFGAVAISPGFLATQESIAWLGPRIASQGFVVITIDTISRFDYPDSRGRQLQAALDYLTTDSTVRDRIDPNRMAVMGHSMGGGGALSAAANNPSLKAAIPLQGWHTRKDWSSVRVPTLIVGAELDTIAPVSSYSEAFYNSLPSSLPKAYMELRGASHTVSNTPNTTTAKYSIAWLKRFVDDDTRYEQFLCPAPDDPAISEYRSTCPF,48.6
V174,TANPYQRGPDPTESSIEAVRGPFAVAQTTVSRLDASGFGGGTIYYPTDTSQGTFGAVAISPGFLASQEAIAWLGPRIASQGFVVITIDTISRLDQPDSRGRQLQAALDYLTTDSTVRDRIDPNRMAVMGHSMGGGGALSAAANNPSLKAAIPLQGWHTRKDWSSVRVPTLIVGAELDTIAPVSSHSEAFYNSLPSSLPKAYMELRGASHTVSNTPNTTTAKYSIAWLKRFVDDDTRYEQFLCPAPDDPAISEYRSTCPF,25.75
V175,TANPYQRGPDPTESSIEAVRGPFAVAQTTVSRLDASGFGGGTIYYPTDTSQGTFGAVAISPGFLAAQNAIAWLGPRIASQGFVVITIDTISEFDYPDSRGRQLQAALDYLTTDSTVRDRIDPNRMAVMGHSMGGGGALSAAANNPSLKAAIPLQGWHTRKDWSSVRVPTLIVGAELDTIAPVSSYSEAFYNSLPSSLPKAYMELRGASHLVSNTPNTTTAKYSIAWLKRFVDDDTRYEQFLCPAPDDPAISEYRSTCPF,62.61
V178,TANPYQRGPDPTESSIEAVRGPFAVAQTTVSRLDASGFGGGTIYYPTDTSQGTFGAVAISPGFTAGQSSIAWLGPRIASQGFVVITIDTISRFDYPDSRGRQLQAALDYLTTDSTVRDRIDPNRMAVMGHSMGGGGALSAAANNPSLKAAIPLQGWHTRKDWSSVRVPTLIVGAELDTIAPVSSHSEAFYNSLPSSLPKAYMELRGASHTVSNTPNTTTAKYSIAWLKRFVDDDTRYEQFLCPAPDDPAISEYRSTCPF,13.03
V180,TANPYQRGPDPTESSIEAVRGPFAVAQTTVSRLDASGFGGGTIYYPTDTSQGTFGAVAISPGFNASQSSIAWLGPRIASQGFVVITIDTISRFDYPDSRGRQLQAALDYLTTDSTVRDRIDPNRMAVMGHSMGGGGALSAAANNPSLKAAIPLQGWHTRKDWSSVRVPTLIVGAELDTIAPVSSYSEAFYNSLPSSLPKAYMELRGASHTVSNTPNTTTAKYSIAWLKRFVDDDTRYEQFLCPAPDDPAISEYRSTCPF,45.9
V182,TANPYQRGPDPTESSIEAVRGPFAVAQTTVSRLDASGFGGGTIYYPTDTSQGTFGAVAISPGFTANQNSIAWLGPRIASQGFVVITIDTISRFDYPDSRGRQLQAALDYLTTDSTVRDRIDPNRMAVMGHSMGGGGALSAAANNPSLKAAIPLQGWHTRKDWSSVRVPTLIVGAELDTIAPVSSHSEAFYNSLPSSLPKAYMELRGASHTVSNTPNTTTAKYSIAWLKRFVDDDTRYEQFLCPAPDDPAISEYRSTCPF,45.2
V184,TANPYQRGPDPTESSIEAVRGPFAVAQTTVSRLDASGFGGGTIYYPTDTSQGTFGAVAISPGFTASQSAIAWLGPRIASQGFVVITIDTISRFDYPDSRGRQLQAALDYLTTDSTVRDRIDPNRMAVMGHSMGGGGALSAAANNPSLKAAIPLQGWHTRKDWSSVRVPTLIVGAELDTIAPVSSYSEAFYNSLPSSLPKAYMELRGASHTVSNTPNTTTAKYSIAWLKRFVDDDTRYEQFLCPAPDDPAISEYRSTCPF,83.82
V185,TANPYQRGPDPTESSIEAVRGPFAVAQTTVSRLDASGFGGGTIYYPTDTSQGTFGAVAISPGFTAGQSSIAWLGPRIASQGFVVITIDTISRFDYPDSRGRQLQAALDYLTTDSTVRDRIDPNRMAVMGHSMGGGGALSAAANNPSLKAAIPLQGWHTRKDWSSVRVPTLIVGAELDTIAPVSSHSEAFYNSLPSSLPKAYMELRGASHTVSNTPNTTTAKYSIAWLKRFVDDDTRYEQFLCPAPDDPAISEYRSTCPF,80.47
V186,TANPYQRGPDPTESSIEAVRGPFAVAQTTVSRLDASGFGGGTIYYPTDTSQGTFGAVAISPGFTAGQSSIAWLGPRIASQGFVVITIDTISSFDQPDSRGRQLQAALDYLTTDSTVRDRIDPNRMAVMGHSMGGGGALSAAANNPSLKAAIPLQGWHTRKDWSSVRVPTLIVGAELDTIAPVSSYSEAFYNSLPSSLPKAYMELRGASHLVSNTPNTTTAKYSIAWLKRFVDDDTRYEQFLCPAPDDPAISEYRSTCPF,55.1
V187,TANPYQRGPDPTESSIEAVRGPFAVAQTTVSRLDASGFGGGTIYYPTDTSQGTFGAVAISPGFNAGQSAIAWLGPRIASQGFVVITIDTISRFDYPDSRGRQLQAALDYLTTDSTVRDRIDPNRMAVMGHSMGGGGALSAAANNPSLKAAIPLQGWHTRKDWSSVRVPTLIVGAELDTIAPVSSHSEAFYNSLPSSLPKAYMELRGASHLVSNTPNTTTAKYSIAWLKRFVDDDTRYEQFLCPAPDDPAISEYRSTCPF,9.5
V188,TANPYQRGPDPTESSIEAVRGPFAVAQTTVSRLDASGFGGGTIYYPTDTSQGTFGAVAISPGFLAGQSSIAWLGPRIASQGFVVITIDTISRFDYPDSRGRQLQAALDYLTTDSTVRDRIDPNRMAVMGHSMGGGGALSAAANNPSLKAAIPLQGWHTRKDWSSVRVPTLIVGAELDTIAPVSSHSEAFYNSLPSSLPKAYMELRGASHTVSNTPNTTTAKYSIAWLKRFVDDDTRYEQFLCPAPDDPAISEYRSTCPF,22.78
V189,TANPYQRGPDPTESSIEAVRGPFAVAQTTVSRLDASGFGGGTIYYPTDTSQGTFGAVAISPGFTATQESIAWLGPRIASQGFVVITIDTISRFDYPDSRGRQLQAALDYLTTDSTVRDRIDPNRMAVMGHSMGGGGALSAAANNPSLKAAIPLQGWHTRKDWSSVRVPTLIVGAELDTIAPVSSHSEAFYNSLPSSLPKAYMELRGASHTVSNTPNTTTAKYSIAWLKRFVDDDTRYEQFLCPAPDDPAISEYRSTCPF,64.02
V190,TANPYQRGPDPTESSIEAVRGPFAVAQTTVSRLDASGFGGGTIYYPTDTSQGTFGAVAISPGFLAGQNAIAWLGPRIASQGFVVITIDTISRFDYPDSRGRQLQAALDYLTTDSTVRDRIDPNRMAVMGHSMGGGGALSAAANNPSLKAAIPLQGWHTRKDWSSVRVPTLIVGAELDTIAPVSSNSEAFYNSLPSSLPKAYMELRGASHTVSNTPNTTTAKYSIAWLKRFVDDDTRYEQFLCPAPDDPAISEYRSTCPF,60.5
V191,TANPYQRGPDPTESSIEAVRGPFAVAQTTVSRLDASGFGGGTIYYPTDTSQGTFGAVAISPGFLASQEAIAWLGPRIASQGFVVITIDTISKFDQPDSRGRQLQAALDYLTTDSTVRDRIDPNRMAVMGHSMGGGGALSAAANNPSLKAAIPLQGWHTRKDWSSVRVPTLIVGAELDTIAPVSSHSEAFYNSLPSSLPKAYMELRGASHTVSNTPNTTTAKYSIAWLKRFVDDDTRYEQFLCPAPDDPAISEYRSTCPF,19.07
V192,TANPYQRGPDPTESSIEAVRGPFAVAQTTVSRLDASGFGGGTIYYPTDTSQGTFGAVAISPGFTAGQSSIAWLGPRIASQGFVVITIDTISRLDYPDSRGRQLQAALDYLTTDSTVRDRIDPNRMAVMGHSMGGGGALSAAANNPSLKAAIPLQGWHTRKDWSSVRVPTLIVGAELDTIAPVSSNSEAFYNSLPSSLPKAYMELRGASHTVSNTPNTTTAKYSIAWLKRFVDDDTRYEQFLCPAPDDPAISEYRSTCPF,151.72
V193,TANPYQRGPDPTESSIEAVRGPFAVAQTTVSRLDASGFGGGTIYYPTDTSQGTFGAVAISPGFTAGQSSIAWLGPRIASQGFVVITIDTISRFDYPDSRGRQLQAALDYLTTDSTVRDRIDPNRMAVMGHSMGGGGALSAAANNPSLKAAIPLQGWHTRKDWSSVRVPTLIVGAELDTIAPVSSNSEAFYNSLPSSLPKAYMELRGASHLVSNTPNTTTAKYSIAWLKRFVDDDTRYEQFLCPAPDDPAISEYRSTCPF,164.89
V194,TANPYQRGPDPTESSIEAVRGPFAVAQTTVSRLDASGFGGGTIYYPTDTSQGTFGAVAISPGFTAGQSSIAWLGPRIASQGFVVITIDTISSLDYPDSRGRQLQAALDYLTTDSTVRDRIDPNRMAVMGHSMGGGGALSAAANNPSLKAAIPLQGWHTRKDWSSVRVPTLIVGAELDTIAPVSSHSEAFYNSLPSSLPKAYMELRGASHTVSNTPNTTTAKYSIAWLKRFVDDDTRYEQFLCPAPDDPAISEYRSTCPF,19.61
V195,TANPYQRGPDPTESSIEAVRGPFAVAQTTVSRLDASGFGGGTIYYPTDTSQGTFGAVAISPGFTAGQSSIAWLGPRIASQGFVVITIDTISRFDYPDSRGRQLQAALDYLTTDSTVRDRIDPNRMAVMGHSMGGGGALSAAANNPSLKAAIPLQGWHTRKDWSSVRVPTLIVGAELDTIAPVSSHSEAFYNSLPSSLPKAYMELRGASHTVSNTPNTTTAKYSIAWLKRFVDDDTRYEQFLCPAPDDPAISEYRSTCPF,92.57
V196,TANPYQRGPDPTESSIEAVRGPFAVAQTTVSRLDASGFGGGTIYYPTDTSQGTFGAVAISPGFLAGQKSIAWLGPRIASQGFVVITIDTISSFDQPDSRGRQLQAALDYLTTDSTVRDRIDPNRMAVMGHSMGGGGALSAAANNPSLKAAIPLQGWHTRKDWSSVRVPTLIVGAELDTIAPVSSYSEAFYNSLPSSLPKAYMELRGASHTVSNTPNTTTAKYSIAWLKRFVDDDTRYEQFLCPAPDDPAISEYRSTCPF,87.63
V197,TANPYQRGPDPTESSIEAVRGPFAVAQTTVSRLDASGFGGGTIYYPTDTSQGTFGAVAISPGFTAGQSSIAWLGPRIASQGFVVITIDTISRFDQPDSRGRQLQAALDYLTTDSTVRDRIDPNRMAVMGHSMGGGGALSAAANNPSLKAAIPLQGWHTRKDWSSVRVPTLIVGAELDTIAPVSSYSEAFYNSLPSSLPKAYMELRGASHLVSNTPNTTTAKYSIAWLKRFVDDDTRYEQFLCPAPDDPAISEYRSTCPF,81.76
V198,TANPYQRGPDPTESSIEAVRGPFAVAQTTVSRLDASGFGGGTIYYPTDTSQGTFGAVAISPGFLAGQKSIAWLGPRIASQGFVVITIDTISKFDYPDSRGRQLQAALDYLTTDSTVRDRIDPNRMAVMGHSMGGGGALSAAANNPSLKAAIPLQGWHTRKDWSSVRVPTLIVGAELDTIAPVSSHSEAFYNSLPSSLPKAYMELRGASHTVSNTPNTTTAKYSIAWLKRFVDDDTRYEQFLCPAPDDPAISEYRSTCPF,23.16
V199,TANPYQRGPDPTESSIEAVRGPFAVAQTTVSRLDASGFGGGTIYYPTDTSQGTFGAVAISPGFLASQSAIAWLGPRIASQGFVVITIDTISRFDYPDSRGRQLQAALDYLTTDSTVRDRIDPNRMAVMGHSMGGGGALSAAANNPSLKAAIPLQGWHTRKDWSSVRVPTLIVGAELDTIAPVSSHSEAFYNSLPSSLPKAYMELRGASHTVSNTPNTTTAKYSIAWLKRFVDDDTRYEQFLCPAPDDPAISEYRSTCPF,21.06
V200,TANPYQRGPDPTESSIEAVRGPFAVAQTTVSRLDASGFGGGTIYYPTDTSQGTFGAVAISPGFLANQSAIAWLGPRIASQGFVVITIDTISRFDYPDSRGRQLQAALDYLTTDSTVRDRIDPNRMAVMGHSMGGGGALSAAANNPSLKAAIPLQGWHTRKDWSSVRVPTLIVGAELDTIAPVSSYSEAFYNSLPSSLPKAYMELRGASHTVSNTPNTTTAKYSIAWLKRFVDDDTRYEQFLCPAPDDPAISEYRSTCPF,28
V201,TANPYQRGPDPTESSIEAVRGPFAVAQTTVSRLDASGFGGGTIYYPTDTSQGTFGAVAISPGFNASQSAIAWLGPRIASQGFVVITIDTISRLDYPDSRGRQLQAALDYLTTDSTVRDRIDPNRMAVMGHSMGGGGALSAAANNPSLKAAIPLQGWHTRKDWSSVRVPTLIVGAELDTIAPVSSHSEAFYNSLPSSLPKAYMELRGASHLVSNTPNTTTAKYSIAWLKRFVDDDTRYEQFLCPAPDDPAISEYRSTCPF,13.1
V202,TANPYQRGPDPTESSIEAVRGPFAVAQTTVSRLDASGFGGGTIYYPTDTSQGTFGAVAISPGFLATQKAIAWLGPRIASQGFVVITIDTISSFDYPDSRGRQLQAALDYLTTDSTVRDRIDPNRMAVMGHSMGGGGALSAAANNPSLKAAIPLQGWHTRKDWSSVRVPTLIVGAELDTIAPVSSHSEAFYNSLPSSLPKAYMELRGASHLVSNTPNTTTAKYSIAWLKRFVDDDTRYEQFLCPAPDDPAISEYRSTCPF,21.55
V203,TANPYQRGPDPTESSIEAVRGPFAVAQTTVSRLDASGFGGGTIYYPTDTSQGTFGAVAISPGFTAGQSAIAWLGPRIASQGFVVITIDTISSLDYPDSRGRQLQAALDYLTTDSTVRDRIDPNRMAVMGHSMGGGGALSAAANNPSLKAAIPLQGWHTRKDWSSVRVPTLIVGAELDTIAPVSSYSEAFYNSLPSSLPKAYMELRGASHLVSNTPNTTTAKYSIAWLKRFVDDDTRYEQFLCPAPDDPAISEYRSTCPF,28.05
V204,TANPYQRGPDPTESSIEAVRGPFAVAQTTVSRLDASGFGGGTIYYPTDTSQGTFGAVAISPGFLASQSAIAWLGPRIASQGFVVITIDTISRFDYPDSRGRQLQAALDYLTTDSTVRDRIDPNRMAVMGHSMGGGGALSAAANNPSLKAAIPLQGWHTRKDWSSVRVPTLIVGAELDTIAPVSSHSEAFYNSLPSSLPKAYMELRGASHTVSNTPNTTTAKYSIAWLKRFVDDDTRYEQFLCPAPDDPAISEYRSTCPF,23.75
V205,TANPYQRGPDPTESSIEAVRGPFAVAQTTVSRLDASGFGGGTIYYPTDTSQGTFGAVAISPGFTATQNAIAWLGPRIASQGFVVITIDTISSFDYPDSRGRQLQAALDYLTTDSTVRDRIDPNRMAVMGHSMGGGGALSAAANNPSLKAAIPLQGWHTRKDWSSVRVPTLIVGAELDTIAPVSSHSEAFYNSLPSSLPKAYMELRGASHLVSNTPNTTTAKYSIAWLKRFVDDDTRYEQFLCPAPDDPAISEYRSTCPF,23.16
V206,TANPYQRGPDPTESSIEAVRGPFAVAQTTVSRLDASGFGGGTIYYPTDTSQGTFGAVAISPGFLANQSSIAWLGPRIASQGFVVITIDTISKFDQPDSRGRQLQAALDYLTTDSTVRDRIDPNRMAVMGHSMGGGGALSAAANNPSLKAAIPLQGWHTRKDWSSVRVPTLIVGAELDTIAPVSSHSEAFYNSLPSSLPKAYMELRGASHTVSNTPNTTTAKYSIAWLKRFVDDDTRYEQFLCPAPDDPAISEYRSTCPF,56.82
V207,TANPYQRGPDPTESSIEAVRGPFAVAQTTVSRLDASGFGGGTIYYPTDTSQGTFGAVAISPGFTAGQSSIAWLGPRIASQGFVVITIDTISRFDYPDSRGRQLQAALDYLTTDSTVRDRIDPNRMAVMGHSMGGGGALSAAANNPSLKAAIPLQGWHTRKDWSSVRVPTLIVGAELDTIAPVSSHSEAFYNSLPSSLPKAYMELRGASHTVSNTPNTTTAKYSIAWLKRFVDDDTRYEQFLCPAPDDPAISEYRSTCPF,65.74
V208,TANPYQRGPDPTESSIEAVRGPFAVAQTTVSRLDASGFGGGTIYYPTDTSQGTFGAVAISPGFLAGQSAIAWLGPRIASQGFVVITIDTISRFDYPDSRGRQLQAALDYLTTDSTVRDRIDPNRMAVMGHSMGGGGALSAAANNPSLKAAIPLQGWHTRKDWSSVRVPTLIVGAELDTIAPVSSHSEAFYNSLPSSLPKAYMELRGASHTVSNTPNTTTAKYSIAWLKRFVDDDTRYEQFLCPAPDDPAISEYRSTCPF,23.97
V209,TANPYQRGPDPTESSIEAVRGPFAVAQTTVSRLDASGFGGGTIYYPTDTSQGTFGAVAISPGFLAGQSAIAWLGPRIASQGFVVITIDTISRFDYPDSRGRQLQAALDYLTTDSTVRDRIDPNRMAVMGHSMGGGGALSAAANNPSLKAAIPLQGWHTRKDWSSVRVPTLIVGAELDTIAPVSSHSEAFYNSLPSSLPKAYMELRGASHTVSNTPNTTTAKYSIAWLKRFVDDDTRYEQFLCPAPDDPAISEYRSTCPF,30.15
V210,TANPYQRGPDPTESSIEAVRGPFAVAQTTVSRLDASGFGGGTIYYPTDTSQGTFGAVAISPGFTAGQSSIAWLGPRIASQGFVVITIDTISRFDYPDSRGRQLQAALDYLTTDSTVRDRIDPNRMAVMGHSMGGGGALSAAANNPSLKAAIPLQGWHTRKDWSSVRVPTLIVGAELDTIAPVSSHSEAFYNSLPSSLPKAYMELRGASHTVSNTPNTTTAKYSIAWLKRFVDDDTRYEQFLCPAPDDPAISEYRSTCPF,84.88
V211,TANPYQRGPDPTESSIEAVRGPFAVAQTTVSRLDASGFGGGTIYYPTDTSQGTFGAVAISPGFLATQSAIAWLGPRIASQGFVVITIDTISSLDYPDSRGRQLQAALDYLTTDSTVRDRIDPNRMAVMGHSMGGGGALSAAANNPSLKAAIPLQGWHTRKDWSSVRVPTLIVGAELDTIAPVSSHSEAFYNSLPSSLPKAYMELRGASHTVSNTPNTTTAKYSIAWLKRFVDDDTRYEQFLCPAPDDPAISEYRSTCPF,18.91
V212,TANPYQRGPDPTESSIEAVRGPFAVAQTTVSRLDASGFGGGTIYYPTDTSQGTFGAVAISPGFTAGQSSIAWLGPRIASQGFVVITIDTISRFDQPDSRGRQLQAALDYLTTDSTVRDRIDPNRMAVMGHSMGGGGALSAAANNPSLKAAIPLQGWHTRKDWSSVRVPTLIVGAELDTIAPVSSHSEAFYNSLPSSLPKAYMELRGASHTVSNTPNTTTAKYSIAWLKRFVDDDTRYEQFLCPAPDDPAISEYRSTCPF,61.98
V213,TANPYQRGPDPTESSIEAVRGPFAVAQTTVSRLDASGFGGGTIYYPTDTSQGTFGAVAISPGFTAGQKAIAWLGPRIASQGFVVITIDTISRFDQPDSRGRQLQAALDYLTTDSTVRDRIDPNRMAVMGHSMGGGGALSAAANNPSLKAAIPLQGWHTRKDWSSVRVPTLIVGAELDTIAPVSSHSEAFYNSLPSSLPKAYMELRGASHTVSNTPNTTTAKYSIAWLKRFVDDDTRYEQFLCPAPDDPAISEYRSTCPF,33.64
V214,TANPYQRGPDPTESSIEAVRGPFAVAQTTVSRLDASGFGGGTIYYPTDTSQGTFGAVAISPGFTAGQEAIAWLGPRIASQGFVVITIDTISRLDYPDSRGRQLQAALDYLTTDSTVRDRIDPNRMAVMGHSMGGGGALSAAANNPSLKAAIPLQGWHTRKDWSSVRVPTLIVGAELDTIAPVSSHSEAFYNSLPSSLPKAYMELRGASHLVSNTPNTTTAKYSIAWLKRFVDDDTRYEQFLCPAPDDPAISEYRSTCPF,40.74
V215,TANPYQRGPDPTESSIEAVRGPFAVAQTTVSRLDASGFGGGTIYYPTDTSQGTFGAVAISPGFLAGQESIAWLGPRIASQGFVVITIDTISRLDQPDSRGRQLQAALDYLTTDSTVRDRIDPNRMAVMGHSMGGGGALSAAANNPSLKAAIPLQGWHTRKDWSSVRVPTLIVGAELDTIAPVSSHSEAFYNSLPSSLPKAYMELRGASHTVSNTPNTTTAKYSIAWLKRFVDDDTRYEQFLCPAPDDPAISEYRSTCPF,61.55
V217,TANPYQRGPDPTESSIEAVRGPFAVAQTTVSRLDASGFGGGTIYYPTDTSQGTFGAVAISPGFTAGQSSIAWLGPRIASQGFVVITIDTISKFDYPDSRGRQLQAALDYLTTDSTVRDRIDPNRMAVMGHSMGGGGALSAAANNPSLKAAIPLQGWHTRKDWSSVRVPTLIVGAELDTIAPVSSHSEAFYNSLPSSLPKAYMELRGASHTVSNTPNTTTAKYSIAWLKRFVDDDTRYEQFLCPAPDDPAISEYRSTCPF,104.45
V218,TANPYQRGPDPTESSIEAVRGPFAVAQTTVSRLDASGFGGGTIYYPTDTSQGTFGAVAISPGFTATQSSIAWLGPRIASQGFVVITIDTISSFDYPDSRGRQLQAALDYLTTDSTVRDRIDPNRMAVMGHSMGGGGALSAAANNPSLKAAIPLQGWHTRKDWSSVRVPTLIVGAELDTIAPVSSNSEAFYNSLPSSLPKAYMELRGASHTVSNTPNTTTAKYSIAWLKRFVDDDTRYEQFLCPAPDDPAISEYRSTCPF,57.11
V219,TANPYQRGPDPTESSIEAVRGPFAVAQTTVSRLDASGFGGGTIYYPTDTSQGTFGAVAISPGFTASQSAIAWLGPRIASQGFVVITIDTISRFDYPDSRGRQLQAALDYLTTDSTVRDRIDPNRMAVMGHSMGGGGALSAAANNPSLKAAIPLQGWHTRKDWSSVRVPTLIVGAELDTIAPVSSHSEAFYNSLPSSLPKAYMELRGASHLVSNTPNTTTAKYSIAWLKRFVDDDTRYEQFLCPAPDDPAISEYRSTCPF,61.49
V220,TANPYQRGPDPTESSIEAVRGPFAVAQTTVSRLDASGFGGGTIYYPTDTSQGTFGAVAISPGFTAGQSSIAWLGPRIASQGFVVITIDTISRFDYPDSRGRQLQAALDYLTTDSTVRDRIDPNRMAVMGHSMGGGGALSAAANNPSLKAAIPLQGWHTRKDWSSVRVPTLIVGAELDTIAPVSSHSEAFYNSLPSSLPKAYMELRGASHTVSNTPNTTTAKYSIAWLKRFVDDDTRYEQFLCPAPDDPAISEYRSTCPF,75.61
V221,TANPYQRGPDPTESSIEAVRGPFAVAQTTVSRLDASGFGGGTIYYPTDTSQGTFGAVAISPGFLASQNAIAWLGPRIASQGFVVITIDTISKFDYPDSRGRQLQAALDYLTTDSTVRDRIDPNRMAVMGHSMGGGGALSAAANNPSLKAAIPLQGWHTRKDWSSVRVPTLIVGAELDTIAPVSSHSEAFYNSLPSSLPKAYMELRGASHLVSNTPNTTTAKYSIAWLKRFVDDDTRYEQFLCPAPDDPAISEYRSTCPF,41.33
V222,TANPYQRGPDPTESSIEAVRGPFAVAQTTVSRLDASGFGGGTIYYPTDTSQGTFGAVAISPGFTAGQKAIAWLGPRIASQGFVVITIDTISRFDYPDSRGRQLQAALDYLTTDSTVRDRIDPNRMAVMGHSMGGGGALSAAANNPSLKAAIPLQGWHTRKDWSSVRVPTLIVGAELDTIAPVSSHSEAFYNSLPSSLPKAYMELRGASHTVSNTPNTTTAKYSIAWLKRFVDDDTRYEQFLCPAPDDPAISEYRSTCPF,24.72
V223,TANPYQRGPDPTESSIEAVRGPFAVAQTTVSRLDASGFGGGTIYYPTDTSQGTFGAVAISPGFTAGQSSIAWLGPRIASQGFVVITIDTISKFDYPDSRGRQLQAALDYLTTDSTVRDRIDPNRMAVMGHSMGGGGALSAAANNPSLKAAIPLQGWHTRKDWSSVRVPTLIVGAELDTIAPVSSHSEAFYNSLPSSLPKAYMELRGASHTVSNTPNTTTAKYSIAWLKRFVDDDTRYEQFLCPAPDDPAISEYRSTCPF,80.43
V224,TANPYQRGPDPTESSIEAVRGPFAVAQTTVSRLDASGFGGGTIYYPTDTSQGTFGAVAISPGFTATQSSIAWLGPRIASQGFVVITIDTISRFDYPDSRGRQLQAALDYLTTDSTVRDRIDPNRMAVMGHSMGGGGALSAAANNPSLKAAIPLQGWHTRKDWSSVRVPTLIVGAELDTIAPVSSHSEAFYNSLPSSLPKAYMELRGASHLVSNTPNTTTAKYSIAWLKRFVDDDTRYEQFLCPAPDDPAISEYRSTCPF,77.3
V225,TANPYQRGPDPTESSIEAVRGPFAVAQTTVSRLDASGFGGGTIYYPTDTSQGTFGAVAISPGFTASQEAIAWLGPRIASQGFVVITIDTISRFDQPDSRGRQLQAALDYLTTDSTVRDRIDPNRMAVMGHSMGGGGALSAAANNPSLKAAIPLQGWHTRKDWSSVRVPTLIVGAELDTIAPVSSHSEAFYNSLPSSLPKAYMELRGASHTVSNTPNTTTAKYSIAWLKRFVDDDTRYEQFLCPAPDDPAISEYRSTCPF,51.82
V226,TANPYQRGPDPTESSIEAVRGPFAVAQTTVSRLDASGFGGGTIYYPTDTSQGTFGAVAISPGFTAGQSSIAWLGPRIASQGFVVITIDTISSLDYPDSRGRQLQAALDYLTTDSTVRDRIDPNRMAVMGHSMGGGGALSAAANNPSLKAAIPLQGWHTRKDWSSVRVPTLIVGAELDTIAPVSSHSEAFYNSLPSSLPKAYMELRGASHLVSNTPNTTTAKYSIAWLKRFVDDDTRYEQFLCPAPDDPAISEYRSTCPF,48.48
V229,TANPYQRGPDPTESSIEAVRGPFAVAQTTVSRLDASGFGGGTIYYPTDTSQGTFGAVAISPGFLAGQSSIAWLGPRIASQGFVVITIDTISKLDQPDSRGRQLQAALDYLTTDSTVRDRIDPNRMAVMGHSMGGGGALSAAANNPSLKAAIPLQGWHTRKDWSSVRVPTLIVGAELDTIAPVSSHSEAFYNSLPSSLPKAYMELRGASHTVSNTPNTTTAKYSIAWLKRFVDDDTRYEQFLCPAPDDPAISEYRSTCPF,68.38
V230,TANPYQRGPDPTESSIEAVRGPFAVAQTTVSRLDASGFGGGTIYYPTDTSQGTFGAVAISPGFLAGQEAIAWLGPRIASQGFVVITIDTISRFDYPDSRGRQLQAALDYLTTDSTVRDRIDPNRMAVMGHSMGGGGALSAAANNPSLKAAIPLQGWHTRKDWSSVRVPTLIVGAELDTIAPVSSHSEAFYNSLPSSLPKAYMELRGASHTVSNTPNTTTAKYSIAWLKRFVDDDTRYEQFLCPAPDDPAISEYRSTCPF,20.69
V231,TANPYQRGPDPTESSIEAVRGPFAVAQTTVSRLDASGFGGGTIYYPTDTSQGTFGAVAISPGFLASQKAIAWLGPRIASQGFVVITIDTISSFDYPDSRGRQLQAALDYLTTDSTVRDRIDPNRMAVMGHSMGGGGALSAAANNPSLKAAIPLQGWHTRKDWSSVRVPTLIVGAELDTIAPVSSHSEAFYNSLPSSLPKAYMELRGASHTVSNTPNTTTAKYSIAWLKRFVDDDTRYEQFLCPAPDDPAISEYRSTCPF,28.54
V234,TANPYQRGPDPTESSIEAVRGPFAVAQTTVSRLDASGFGGGTIYYPTDTSQGTFGAVAISPGFLASQSAIAWLGPRIASQGFVVITIDTISRFDQPDSRGRQLQAALDYLTTDSTVRDRIDPNRMAVMGHSMGGGGALSAAANNPSLKAAIPLQGWHTRKDWSSVRVPTLIVGAELDTIAPVSSNSEAFYNSLPSSLPKAYMELRGASHLVSNTPNTTTAKYSIAWLKRFVDDDTRYEQFLCPAPDDPAISEYRSTCPF,72.36
V235,TANPYQRGPDPTESSIEAVRGPFAVAQTTVSRLDASGFGGGTIYYPTDTSQGTFGAVAISPGFTASQEAIAWLGPRIASQGFVVITIDTISSFDQPDSRGRQLQAALDYLTTDSTVRDRIDPNRMAVMGHSMGGGGALSAAANNPSLKAAIPLQGWHTRKDWSSVRVPTLIVGAELDTIAPVSSNSEAFYNSLPSSLPKAYMELRGASHTVSNTPNTTTAKYSIAWLKRFVDDDTRYEQFLCPAPDDPAISEYRSTCPF,4.34
V236,TANPYQRGPDPTESSIEAVRGPFAVAQTTVSRLDASGFGGGTIYYPTDTSQGTFGAVAISPGFTAGQSSIAWLGPRIASQGFVVITIDTISEFDYPDSRGRQLQAALDYLTTDSTVRDRIDPNRMAVMGHSMGGGGALSAAANNPSLKAAIPLQGWHTRKDWSSVRVPTLIVGAELDTIAPVSSHSEAFYNSLPSSLPKAYMELRGASHTVSNTPNTTTAKYSIAWLKRFVDDDTRYEQFLCPAPDDPAISEYRSTCPF,2.62
V237,TANPYQRGPDPTESSIEAVRGPFAVAQTTVSRLDASGFGGGTIYYPTDTSQGTFGAVAISPGFTAGQSSIAWLGPRIASQGFVVITIDTISSFDQPDSRGRQLQAALDYLTTDSTVRDRIDPNRMAVMGHSMGGGGALSAAANNPSLKAAIPLQGWHTRKDWSSVRVPTLIVGAELDTIAPVSSHSEAFYNSLPSSLPKAYMELRGASHTVSNTPNTTTAKYSIAWLKRFVDDDTRYEQFLCPAPDDPAISEYRSTCPF,60.63
V240,TANPYQRGPDPTESSIEAVRGPFAVAQTTVSRLDASGFGGGTIYYPTDTSQGTFGAVAISPGFLASQSAIAWLGPRIASQGFVVITIDTISELDYPDSRGRQLQAALDYLTTDSTVRDRIDPNRMAVMGHSMGGGGALSAAANNPSLKAAIPLQGWHTRKDWSSVRVPTLIVGAELDTIAPVSSHSEAFYNSLPSSLPKAYMELRGASHLVSNTPNTTTAKYSIAWLKRFVDDDTRYEQFLCPAPDDPAISEYRSTCPF,3.43
V241,TANPYQRGPDPTESSIEAVRGPFAVAQTTVSRLDASGFGGGTIYYPTDTSQGTFGAVAISPGFTAGQKSIAWLGPRIASQGFVVITIDTISSLDQPDSRGRQLQAALDYLTTDSTVRDRIDPNRMAVMGHSMGGGGALSAAANNPSLKAAIPLQGWHTRKDWSSVRVPTLIVGAELDTIAPVSSNSEAFYNSLPSSLPKAYMELRGASHTVSNTPNTTTAKYSIAWLKRFVDDDTRYEQFLCPAPDDPAISEYRSTCPF,55.75
V246,TANPYQRGPDPTESSIEAVRGPFAVAQTTVSRLDASGFGGGTIYYPTDTSQGTFGAVAISPGFTATQNSIAWLGPRIASQGFVVITIDTISSLDQPDSRGRQLQAALDYLTTDSTVRDRIDPNRMAVMGHSMGGGGALSAAANNPSLKAAIPLQGWHTRKDWSSVRVPTLIVGAELDTIAPVSSNSEAFYNSLPSSLPKAYMELRGASHTVSNTPNTTTAKYSIAWLKRFVDDDTRYEQFLCPAPDDPAISEYRSTCPF,49.24
V247,TANPYQRGPDPTESSIEAVRGPFAVAQTTVSRLDASGFGGGTIYYPTDTSQGTFGAVAISPGFLATQKAIAWLGPRIASQGFVVITIDTISRFDYPDSRGRQLQAALDYLTTDSTVRDRIDPNRMAVMGHSMGGGGALSAAANNPSLKAAIPLQGWHTRKDWSSVRVPTLIVGAELDTIAPVSSHSEAFYNSLPSSLPKAYMELRGASHLVSNTPNTTTAKYSIAWLKRFVDDDTRYEQFLCPAPDDPAISEYRSTCPF,9.82
V251,TANPYQRGPDPTESSIEAVRGPFAVAQTTVSRLDASGFGGGTIYYPTDTSQGTFGAVAISPGFLAGQSAIAWLGPRIASQGFVVITIDTISRFDYPDSRGRQLQAALDYLTTDSTVRDRIDPNRMAVMGHSMGGGGALSAAANNPSLKAAIPLQGWHTRKDWSSVRVPTLIVGAELDTIAPVSSNSEAFYNSLPSSLPKAYMELRGASHTVSNTPNTTTAKYSIAWLKRFVDDDTRYEQFLCPAPDDPAISEYRSTCPF,68.11
V252,TANPYQRGPDPTESSIEAVRGPFAVAQTTVSRLDASGFGGGTIYYPTDTSQGTFGAVAISPGFTAGQSSIAWLGPRIASQGFVVITIDTISRFDYPDSRGRQLQAALDYLTTDSTVRDRIDPNRMAVMGHSMGGGGALSAAANNPSLKAAIPLQGWHTRKDWSSVRVPTLIVGAELDTIAPVSSHSEAFYNSLPSSLPKAYMELRGASHTVSNTPNTTTAKYSIAWLKRFVDDDTRYEQFLCPAPDDPAISEYRSTCPF,115.77
V253,TANPYQRGPDPTESSIEAVRGPFAVAQTTVSRLDASGFGGGTIYYPTDTSQGTFGAVAISPGFTAGQSSIAWLGPRIASQGFVVITIDTISRFDYPDSRGRQLQAALDYLTTDSTVRDRIDPNRMAVMGHSMGGGGALSAAANNPSLKAAIPLQGWHTRKDWSSVRVPTLIVGAELDTIAPVSSHSEAFYNSLPSSLPKAYMELRGASHTVSNTPNTTTAKYSIAWLKRFVDDDTRYEQFLCPAPDDPAISEYRSTCPF,106.63
V254,TANPYQRGPDPTESSIEAVRGPFAVAQTTVSRLDASGFGGGTIYYPTDTSQGTFGAVAISPGFTASQSSIAWLGPRIASQGFVVITIDTISRFDYPDSRGRQLQAALDYLTTDSTVRDRIDPNRMAVMGHSMGGGGALSAAANNPSLKAAIPLQGWHTRKDWSSVRVPTLIVGAELDTIAPVSSHSEAFYNSLPSSLPKAYMELRGASHLVSNTPNTTTAKYSIAWLKRFVDDDTRYEQFLCPAPDDPAISEYRSTCPF,100.68
V255,TANPYQRGPDPTESSIEAVRGPFAVAQTTVSRLDASGFGGGTIYYPTDTSQGTFGAVAISPGFNAGQKSIAWLGPRIASQGFVVITIDTISRFDYPDSRGRQLQAALDYLTTDSTVRDRIDPNRMAVMGHSMGGGGALSAAANNPSLKAAIPLQGWHTRKDWSSVRVPTLIVGAELDTIAPVSSHSEAFYNSLPSSLPKAYMELRGASHLVSNTPNTTTAKYSIAWLKRFVDDDTRYEQFLCPAPDDPAISEYRSTCPF,71.01
V256,TANPYQRGPDPTESSIEAVRGPFAVAQTTVSRLDASGFGGGTIYYPTDTSQGTFGAVAISPGFTATQNAIAWLGPRIASQGFVVITIDTISELDQPDSRGRQLQAALDYLTTDSTVRDRIDPNRMAVMGHSMGGGGALSAAANNPSLKAAIPLQGWHTRKDWSSVRVPTLIVGAELDTIAPVSSYSEAFYNSLPSSLPKAYMELRGASHTVSNTPNTTTAKYSIAWLKRFVDDDTRYEQFLCPAPDDPAISEYRSTCPF,0.85
V257,TANPYQRGPDPTESSIEAVRGPFAVAQTTVSRLDASGFGGGTIYYPTDTSQGTFGAVAISPGFLAGQSSIAWLGPRIASQGFVVITIDTISKFDQPDSRGRQLQAALDYLTTDSTVRDRIDPNRMAVMGHSMGGGGALSAAANNPSLKAAIPLQGWHTRKDWSSVRVPTLIVGAELDTIAPVSSHSEAFYNSLPSSLPKAYMELRGASHTVSNTPNTTTAKYSIAWLKRFVDDDTRYEQFLCPAPDDPAISEYRSTCPF,84.29
V258,TANPYQRGPDPTESSIEAVRGPFAVAQTTVSRLDASGFGGGTIYYPTDTSQGTFGAVAISPGFTAGQSSIAWLGPRIASQGFVVITIDTISELDQPDSRGRQLQAALDYLTTDSTVRDRIDPNRMAVMGHSMGGGGALSAAANNPSLKAAIPLQGWHTRKDWSSVRVPTLIVGAELDTIAPVSSHSEAFYNSLPSSLPKAYMELRGASHTVSNTPNTTTAKYSIAWLKRFVDDDTRYEQFLCPAPDDPAISEYRSTCPF,1.06
V260,TANPYQRGPDPTESSIEAVRGPFAVAQTTVSRLDASGFGGGTIYYPTDTSQGTFGAVAISPGFTAGQSSIAWLGPRIASQGFVVITIDTISRFDYPDSRGRQLQAALDYLTTDSTVRDRIDPNRMAVMGHSMGGGGALSAAANNPSLKAAIPLQGWHTRKDWSSVRVPTLIVGAELDTIAPVSSYSEAFYNSLPSSLPKAYMELRGASHTVSNTPNTTTAKYSIAWLKRFVDDDTRYEQFLCPAPDDPAISEYRSTCPF,126.61
V263,TANPYQRGPDPTESSIEAVRGPFAVAQTTVSRLDASGFGGGTIYYPTDTSQGTFGAVAISPGFTAGQSSIAWLGPRIASQGFVVITIDTISRFDYPDSRGRQLQAALDYLTTDSTVRDRIDPNRMAVMGHSMGGGGALSAAANNPSLKAAIPLQGWHTRKDWSSVRVPTLIVGAELDTIAPVSSHSEAFYNSLPSSLPKAYMELRGASHTVSNTPNTTTAKYSIAWLKRFVDDDTRYEQFLCPAPDDPAISEYRSTCPF,110.96
V265,TANPYQRGPDPTESSIEAVRGPFAVAQTTVSRLDASGFGGGTIYYPTDTSQGTFGAVAISPGFLAGQSSIAWLGPRIASQGFVVITIDTISRFDYPDSRGRQLQAALDYLTTDSTVRDRIDPNRMAVMGHSMGGGGALSAAANNPSLKAAIPLQGWHTRKDWSSVRVPTLIVGAELDTIAPVSSHSEAFYNSLPSSLPKAYMELRGASHLVSNTPNTTTAKYSIAWLKRFVDDDTRYEQFLCPAPDDPAISEYRSTCPF,33.59
V266,TANPYQRGPDPTESSIEAVRGPFAVAQTTVSRLDASGFGGGTIYYPTDTSQGTFGAVAISPGFTAGQSAIAWLGPRIASQGFVVITIDTISSFDYPDSRGRQLQAALDYLTTDSTVRDRIDPNRMAVMGHSMGGGGALSAAANNPSLKAAIPLQGWHTRKDWSSVRVPTLIVGAELDTIAPVSSHSEAFYNSLPSSLPKAYMELRGASHTVSNTPNTTTAKYSIAWLKRFVDDDTRYEQFLCPAPDDPAISEYRSTCPF,17.62
V267,TANPYQRGPDPTESSIEAVRGPFAVAQTTVSRLDASGFGGGTIYYPTDTSQGTFGAVAISPGFTAGQKSIAWLGPRIASQGFVVITIDTISSLDQPDSRGRQLQAALDYLTTDSTVRDRIDPNRMAVMGHSMGGGGALSAAANNPSLKAAIPLQGWHTRKDWSSVRVPTLIVGAELDTIAPVSSYSEAFYNSLPSSLPKAYMELRGASHTVSNTPNTTTAKYSIAWLKRFVDDDTRYEQFLCPAPDDPAISEYRSTCPF,78.54
V268,TANPYQRGPDPTESSIEAVRGPFAVAQTTVSRLDASGFGGGTIYYPTDTSQGTFGAVAISPGFTAGQSSIAWLGPRIASQGFVVITIDTISRFDYPDSRGRQLQAALDYLTTDSTVRDRIDPNRMAVMGHSMGGGGALSAAANNPSLKAAIPLQGWHTRKDWSSVRVPTLIVGAELDTIAPVSSHSEAFYNSLPSSLPKAYMELRGASHTVSNTPNTTTAKYSIAWLKRFVDDDTRYEQFLCPAPDDPAISEYRSTCPF,99.19
V269,TANPYQRGPDPTESSIEAVRGPFAVAQTTVSRLDASGFGGGTIYYPTDTSQGTFGAVAISPGFLAGQSAIAWLGPRIASQGFVVITIDTISSLDQPDSRGRQLQAALDYLTTDSTVRDRIDPNRMAVMGHSMGGGGALSAAANNPSLKAAIPLQGWHTRKDWSSVRVPTLIVGAELDTIAPVSSHSEAFYNSLPSSLPKAYMELRGASHLVSNTPNTTTAKYSIAWLKRFVDDDTRYEQFLCPAPDDPAISEYRSTCPF,22.68
V271,TANPYQRGPDPTESSIEAVRGPFAVAQTTVSRLDASGFGGGTIYYPTDTSQGTFGAVAISPGFTAGQSSIAWLGPRIASQGFVVITIDTISRFDYPDSRGRQLQAALDYLTTDSTVRDRIDPNRMAVMGHSMGGGGALSAAANNPSLKAAIPLQGWHTRKDWSSVRVPTLIVGAELDTIAPVSSHSEAFYNSLPSSLPKAYMELRGASHTVSNTPNTTTAKYSIAWLKRFVDDDTRYEQFLCPAPDDPAISEYRSTCPF,95.37
V272,TANPYQRGPDPTESSIEAVRGPFAVAQTTVSRLDASGFGGGTIYYPTDTSQGTFGAVAISPGFTAGQSSIAWLGPRIASQGFVVITIDTISKLDYPDSRGRQLQAALDYLTTDSTVRDRIDPNRMAVMGHSMGGGGALSAAANNPSLKAAIPLQGWHTRKDWSSVRVPTLIVGAELDTIAPVSSNSEAFYNSLPSSLPKAYMELRGASHTVSNTPNTTTAKYSIAWLKRFVDDDTRYEQFLCPAPDDPAISEYRSTCPF,114.99
V273,TANPYQRGPDPTESSIEAVRGPFAVAQTTVSRLDASGFGGGTIYYPTDTSQGTFGAVAISPGFTAGQNAIAWLGPRIASQGFVVITIDTISRFDYPDSRGRQLQAALDYLTTDSTVRDRIDPNRMAVMGHSMGGGGALSAAANNPSLKAAIPLQGWHTRKDWSSVRVPTLIVGAELDTIAPVSSHSEAFYNSLPSSLPKAYMELRGASHTVSNTPNTTTAKYSIAWLKRFVDDDTRYEQFLCPAPDDPAISEYRSTCPF,77.25
V274,TANPYQRGPDPTESSIEAVRGPFAVAQTTVSRLDASGFGGGTIYYPTDTSQGTFGAVAISPGFTAGQSAIAWLGPRIASQGFVVITIDTISELDQPDSRGRQLQAALDYLTTDSTVRDRIDPNRMAVMGHSMGGGGALSAAANNPSLKAAIPLQGWHTRKDWSSVRVPTLIVGAELDTIAPVSSYSEAFYNSLPSSLPKAYMELRGASHLVSNTPNTTTAKYSIAWLKRFVDDDTRYEQFLCPAPDDPAISEYRSTCPF,0.58
V280,TANPYQRGPDPTESSIEAVRGPFAVAQTTVSRLDASGFGGGTIYYPTDTSQGTFGAVAISPGFTAGQSAIAWLGPRIASQGFVVITIDTISSFDQPDSRGRQLQAALDYLTTDSTVRDRIDPNRMAVMGHSMGGGGALSAAANNPSLKAAIPLQGWHTRKDWSSVRVPTLIVGAELDTIAPVSSNSEAFYNSLPSSLPKAYMELRGASHLVSNTPNTTTAKYSIAWLKRFVDDDTRYEQFLCPAPDDPAISEYRSTCPF,53.16
V283,TANPYQRGPDPTESSIEAVRGPFAVAQTTVSRLDASGFGGGTIYYPTDTSQGTFGAVAISPGFTAGQSSIAWLGPRIASQGFVVITIDTISRFDQPDSRGRQLQAALDYLTTDSTVRDRIDPNRMAVMGHSMGGGGALSAAANNPSLKAAIPLQGWHTRKDWSSVRVPTLIVGAELDTIAPVSSHSEAFYNSLPSSLPKAYMELRGASHLVSNTPNTTTAKYSIAWLKRFVDDDTRYEQFLCPAPDDPAISEYRSTCPF,105.74
V288,TANPYQRGPDPTESSIEAVRGPFAVAQTTVSRLDASGFGGGTIYYPTDTSQGTFGAVAISPGFLAGQSAIAWLGPRIASQGFVVITIDTISSFDYPDSRGRQLQAALDYLTTDSTVRDRIDPNRMAVMGHSMGGGGALSAAANNPSLKAAIPLQGWHTRKDWSSVRVPTLIVGAELDTIAPVSSHSEAFYNSLPSSLPKAYMELRGASHTVSNTPNTTTAKYSIAWLKRFVDDDTRYEQFLCPAPDDPAISEYRSTCPF,16.49
V290,TANPYQRGPDPTESSIEAVRGPFAVAQTTVSRLDASGFGGGTIYYPTDTSQGTFGAVAISPGFLASQESIAWLGPRIASQGFVVITIDTISRFDYPDSRGRQLQAALDYLTTDSTVRDRIDPNRMAVMGHSMGGGGALSAAANNPSLKAAIPLQGWHTRKDWSSVRVPTLIVGAELDTIAPVSSHSEAFYNSLPSSLPKAYMELRGASHLVSNTPNTTTAKYSIAWLKRFVDDDTRYEQFLCPAPDDPAISEYRSTCPF,65.58
V291,TANPYQRGPDPTESSIEAVRGPFAVAQTTVSRLDASGFGGGTIYYPTDTSQGTFGAVAISPGFTATQKAIAWLGPRIASQGFVVITIDTISRFDYPDSRGRQLQAALDYLTTDSTVRDRIDPNRMAVMGHSMGGGGALSAAANNPSLKAAIPLQGWHTRKDWSSVRVPTLIVGAELDTIAPVSSHSEAFYNSLPSSLPKAYMELRGASHTVSNTPNTTTAKYSIAWLKRFVDDDTRYEQFLCPAPDDPAISEYRSTCPF,85.31
V292,TANPYQRGPDPTESSIEAVRGPFAVAQTTVSRLDASGFGGGTIYYPTDTSQGTFGAVAISPGFLAGQEAIAWLGPRIASQGFVVITIDTISSFDQPDSRGRQLQAALDYLTTDSTVRDRIDPNRMAVMGHSMGGGGALSAAANNPSLKAAIPLQGWHTRKDWSSVRVPTLIVGAELDTIAPVSSHSEAFYNSLPSSLPKAYMELRGASHLVSNTPNTTTAKYSIAWLKRFVDDDTRYEQFLCPAPDDPAISEYRSTCPF,6.22
V293,TANPYQRGPDPTESSIEAVRGPFAVAQTTVSRLDASGFGGGTIYYPTDTSQGTFGAVAISPGFLAGQSAIAWLGPRIASQGFVVITIDTISRFDQPDSRGRQLQAALDYLTTDSTVRDRIDPNRMAVMGHSMGGGGALSAAANNPSLKAAIPLQGWHTRKDWSSVRVPTLIVGAELDTIAPVSSHSEAFYNSLPSSLPKAYMELRGASHLVSNTPNTTTAKYSIAWLKRFVDDDTRYEQFLCPAPDDPAISEYRSTCPF,23.48
V294,TANPYQRGPDPTESSIEAVRGPFAVAQTTVSRLDASGFGGGTIYYPTDTSQGTFGAVAISPGFTAGQNSIAWLGPRIASQGFVVITIDTISRFDYPDSRGRQLQAALDYLTTDSTVRDRIDPNRMAVMGHSMGGGGALSAAANNPSLKAAIPLQGWHTRKDWSSVRVPTLIVGAELDTIAPVSSHSEAFYNSLPSSLPKAYMELRGASHLVSNTPNTTTAKYSIAWLKRFVDDDTRYEQFLCPAPDDPAISEYRSTCPF,99.62
V295,TANPYQRGPDPTESSIEAVRGPFAVAQTTVSRLDASGFGGGTIYYPTDTSQGTFGAVAISPGFLANQKAIAWLGPRIASQGFVVITIDTISSFDQPDSRGRQLQAALDYLTTDSTVRDRIDPNRMAVMGHSMGGGGALSAAANNPSLKAAIPLQGWHTRKDWSSVRVPTLIVGAELDTIAPVSSNSEAFYNSLPSSLPKAYMELRGASHTVSNTPNTTTAKYSIAWLKRFVDDDTRYEQFLCPAPDDPAISEYRSTCPF,60.9
V296,TANPYQRGPDPTESSIEAVRGPFAVAQTTVSRLDASGFGGGTIYYPTDTSQGTFGAVAISPGFTAGQEAIAWLGPRIASQGFVVITIDTISKLDQPDSRGRQLQAALDYLTTDSTVRDRIDPNRMAVMGHSMGGGGALSAAANNPSLKAAIPLQGWHTRKDWSSVRVPTLIVGAELDTIAPVSSNSEAFYNSLPSSLPKAYMELRGASHLVSNTPNTTTAKYSIAWLKRFVDDDTRYEQFLCPAPDDPAISEYRSTCPF,56.44
V297,TANPYQRGPDPTESSIEAVRGPFAVAQTTVSRLDASGFGGGTIYYPTDTSQGTFGAVAISPGFTAGQSSIAWLGPRIASQGFVVITIDTISRLDYPDSRGRQLQAALDYLTTDSTVRDRIDPNRMAVMGHSMGGGGALSAAANNPSLKAAIPLQGWHTRKDWSSVRVPTLIVGAELDTIAPVSSHSEAFYNSLPSSLPKAYMELRGASHTVSNTPNTTTAKYSIAWLKRFVDDDTRYEQFLCPAPDDPAISEYRSTCPF,92.36
V298,TANPYQRGPDPTESSIEAVRGPFAVAQTTVSRLDASGFGGGTIYYPTDTSQGTFGAVAISPGFTAGQSSIAWLGPRIASQGFVVITIDTISRFDQPDSRGRQLQAALDYLTTDSTVRDRIDPNRMAVMGHSMGGGGALSAAANNPSLKAAIPLQGWHTRKDWSSVRVPTLIVGAELDTIAPVSSYSEAFYNSLPSSLPKAYMELRGASHTVSNTPNTTTAKYSIAWLKRFVDDDTRYEQFLCPAPDDPAISEYRSTCPF,110.15
V299,TANPYQRGPDPTESSIEAVRGPFAVAQTTVSRLDASGFGGGTIYYPTDTSQGTFGAVAISPGFTAGQSSIAWLGPRIASQGFVVITIDTISRFDQPDSRGRQLQAALDYLTTDSTVRDRIDPNRMAVMGHSMGGGGALSAAANNPSLKAAIPLQGWHTRKDWSSVRVPTLIVGAELDTIAPVSSHSEAFYNSLPSSLPKAYMELRGASHLVSNTPNTTTAKYSIAWLKRFVDDDTRYEQFLCPAPDDPAISEYRSTCPF,93.06
V300,TANPYQRGPDPTESSIEAVRGPFAVAQTTVSRLDASGFGGGTIYYPTDTSQGTFGAVAISPGFLATQNSIAWLGPRIASQGFVVITIDTISKLDYPDSRGRQLQAALDYLTTDSTVRDRIDPNRMAVMGHSMGGGGALSAAANNPSLKAAIPLQGWHTRKDWSSVRVPTLIVGAELDTIAPVSSHSEAFYNSLPSSLPKAYMELRGASHTVSNTPNTTTAKYSIAWLKRFVDDDTRYEQFLCPAPDDPAISEYRSTCPF,65.85
V301,TANPYQRGPDPTESSIEAVRGPFAVAQTTVSRLDASGFGGGTIYYPTDTSQGTFGAVAISPGFLAGQKAIAWLGPRIASQGFVVITIDTISRFDQPDSRGRQLQAALDYLTTDSTVRDRIDPNRMAVMGHSMGGGGALSAAANNPSLKAAIPLQGWHTRKDWSSVRVPTLIVGAELDTIAPVSSHSEAFYNSLPSSLPKAYMELRGASHTVSNTPNTTTAKYSIAWLKRFVDDDTRYEQFLCPAPDDPAISEYRSTCPF,9.75
V302,TANPYQRGPDPTESSIEAVRGPFAVAQTTVSRLDASGFGGGTIYYPTDTSQGTFGAVAISPGFTAGQSSIAWLGPRIASQGFVVITIDTISSLDQPDSRGRQLQAALDYLTTDSTVRDRIDPNRMAVMGHSMGGGGALSAAANNPSLKAAIPLQGWHTRKDWSSVRVPTLIVGAELDTIAPVSSHSEAFYNSLPSSLPKAYMELRGASHTVSNTPNTTTAKYSIAWLKRFVDDDTRYEQFLCPAPDDPAISEYRSTCPF,23.57
V303,TANPYQRGPDPTESSIEAVRGPFAVAQTTVSRLDASGFGGGTIYYPTDTSQGTFGAVAISPGFNASQSAIAWLGPRIASQGFVVITIDTISRFDYPDSRGRQLQAALDYLTTDSTVRDRIDPNRMAVMGHSMGGGGALSAAANNPSLKAAIPLQGWHTRKDWSSVRVPTLIVGAELDTIAPVSSHSEAFYNSLPSSLPKAYMELRGASHTVSNTPNTTTAKYSIAWLKRFVDDDTRYEQFLCPAPDDPAISEYRSTCPF,11.36
V304,TANPYQRGPDPTESSIEAVRGPFAVAQTTVSRLDASGFGGGTIYYPTDTSQGTFGAVAISPGFLASQKSIAWLGPRIASQGFVVITIDTISRLDQPDSRGRQLQAALDYLTTDSTVRDRIDPNRMAVMGHSMGGGGALSAAANNPSLKAAIPLQGWHTRKDWSSVRVPTLIVGAELDTIAPVSSHSEAFYNSLPSSLPKAYMELRGASHLVSNTPNTTTAKYSIAWLKRFVDDDTRYEQFLCPAPDDPAISEYRSTCPF,0.29
V305,TANPYQRGPDPTESSIEAVRGPFAVAQTTVSRLDASGFGGGTIYYPTDTSQGTFGAVAISPGFNAGQSAIAWLGPRIASQGFVVITIDTISRFDYPDSRGRQLQAALDYLTTDSTVRDRIDPNRMAVMGHSMGGGGALSAAANNPSLKAAIPLQGWHTRKDWSSVRVPTLIVGAELDTIAPVSSYSEAFYNSLPSSLPKAYMELRGASHTVSNTPNTTTAKYSIAWLKRFVDDDTRYEQFLCPAPDDPAISEYRSTCPF,15.5
V308,TANPYQRGPDPTESSIEAVRGPFAVAQTTVSRLDASGFGGGTIYYPTDTSQGTFGAVAISPGFLAGQNSIAWLGPRIASQGFVVITIDTISRFDYPDSRGRQLQAALDYLTTDSTVRDRIDPNRMAVMGHSMGGGGALSAAANNPSLKAAIPLQGWHTRKDWSSVRVPTLIVGAELDTIAPVSSHSEAFYNSLPSSLPKAYMELRGASHLVSNTPNTTTAKYSIAWLKRFVDDDTRYEQFLCPAPDDPAISEYRSTCPF,6.15
V309,TANPYQRGPDPTESSIEAVRGPFAVAQTTVSRLDASGFGGGTIYYPTDTSQGTFGAVAISPGFTAGQSSIAWLGPRIASQGFVVITIDTISRFDYPDSRGRQLQAALDYLTTDSTVRDRIDPNRMAVMGHSMGGGGALSAAANNPSLKAAIPLQGWHTRKDWSSVRVPTLIVGAELDTIAPVSSHSEAFYNSLPSSLPKAYMELRGASHTVSNTPNTTTAKYSIAWLKRFVDDDTRYEQFLCPAPDDPAISEYRSTCPF,78.41
V310,TANPYQRGPDPTESSIEAVRGPFAVAQTTVSRLDASGFGGGTIYYPTDTSQGTFGAVAISPGFTAGQESIAWLGPRIASQGFVVITIDTISSFDQPDSRGRQLQAALDYLTTDSTVRDRIDPNRMAVMGHSMGGGGALSAAANNPSLKAAIPLQGWHTRKDWSSVRVPTLIVGAELDTIAPVSSYSEAFYNSLPSSLPKAYMELRGASHLVSNTPNTTTAKYSIAWLKRFVDDDTRYEQFLCPAPDDPAISEYRSTCPF,27.38
V311,TANPYQRGPDPTESSIEAVRGPFAVAQTTVSRLDASGFGGGTIYYPTDTSQGTFGAVAISPGFTAGQSSIAWLGPRIASQGFVVITIDTISSFDYPDSRGRQLQAALDYLTTDSTVRDRIDPNRMAVMGHSMGGGGALSAAANNPSLKAAIPLQGWHTRKDWSSVRVPTLIVGAELDTIAPVSSHSEAFYNSLPSSLPKAYMELRGASHTVSNTPNTTTAKYSIAWLKRFVDDDTRYEQFLCPAPDDPAISEYRSTCPF,50.18
V312,TANPYQRGPDPTESSIEAVRGPFAVAQTTVSRLDASGFGGGTIYYPTDTSQGTFGAVAISPGFLANQNAIAWLGPRIASQGFVVITIDTISSLDQPDSRGRQLQAALDYLTTDSTVRDRIDPNRMAVMGHSMGGGGALSAAANNPSLKAAIPLQGWHTRKDWSSVRVPTLIVGAELDTIAPVSSHSEAFYNSLPSSLPKAYMELRGASHTVSNTPNTTTAKYSIAWLKRFVDDDTRYEQFLCPAPDDPAISEYRSTCPF,12.54
V313,TANPYQRGPDPTESSIEAVRGPFAVAQTTVSRLDASGFGGGTIYYPTDTSQGTFGAVAISPGFNASQNSIAWLGPRIASQGFVVITIDTISRFDYPDSRGRQLQAALDYLTTDSTVRDRIDPNRMAVMGHSMGGGGALSAAANNPSLKAAIPLQGWHTRKDWSSVRVPTLIVGAELDTIAPVSSNSEAFYNSLPSSLPKAYMELRGASHTVSNTPNTTTAKYSIAWLKRFVDDDTRYEQFLCPAPDDPAISEYRSTCPF,65.4
V314,TANPYQRGPDPTESSIEAVRGPFAVAQTTVSRLDASGFGGGTIYYPTDTSQGTFGAVAISPGFTASQEAIAWLGPRIASQGFVVITIDTISSFDQPDSRGRQLQAALDYLTTDSTVRDRIDPNRMAVMGHSMGGGGALSAAANNPSLKAAIPLQGWHTRKDWSSVRVPTLIVGAELDTIAPVSSNSEAFYNSLPSSLPKAYMELRGASHTVSNTPNTTTAKYSIAWLKRFVDDDTRYEQFLCPAPDDPAISEYRSTCPF,4.1
V315,TANPYQRGPDPTESSIEAVRGPFAVAQTTVSRLDASGFGGGTIYYPTDTSQGTFGAVAISPGFLASQESIAWLGPRIASQGFVVITIDTISRLDYPDSRGRQLQAALDYLTTDSTVRDRIDPNRMAVMGHSMGGGGALSAAANNPSLKAAIPLQGWHTRKDWSSVRVPTLIVGAELDTIAPVSSHSEAFYNSLPSSLPKAYMELRGASHLVSNTPNTTTAKYSIAWLKRFVDDDTRYEQFLCPAPDDPAISEYRSTCPF,34.37
V316,TANPYQRGPDPTESSIEAVRGPFAVAQTTVSRLDASGFGGGTIYYPTDTSQGTFGAVAISPGFLAGQSAIAWLGPRIASQGFVVITIDTISEFDQPDSRGRQLQAALDYLTTDSTVRDRIDPNRMAVMGHSMGGGGALSAAANNPSLKAAIPLQGWHTRKDWSSVRVPTLIVGAELDTIAPVSSHSEAFYNSLPSSLPKAYMELRGASHLVSNTPNTTTAKYSIAWLKRFVDDDTRYEQFLCPAPDDPAISEYRSTCPF,-0.41
V317,TANPYQRGPDPTESSIEAVRGPFAVAQTTVSRLDASGFGGGTIYYPTDTSQGTFGAVAISPGFTAGQSSIAWLGPRIASQGFVVITIDTISRFDYPDSRGRQLQAALDYLTTDSTVRDRIDPNRMAVMGHSMGGGGALSAAANNPSLKAAIPLQGWHTRKDWSSVRVPTLIVGAELDTIAPVSSHSEAFYNSLPSSLPKAYMELRGASHTVSNTPNTTTAKYSIAWLKRFVDDDTRYEQFLCPAPDDPAISEYRSTCPF,48.78
V318,TANPYQRGPDPTESSIEAVRGPFAVAQTTVSRLDASGFGGGTIYYPTDTSQGTFGAVAISPGFTAGQSSIAWLGPRIASQGFVVITIDTISRFDYPDSRGRQLQAALDYLTTDSTVRDRIDPNRMAVMGHSMGGGGALSAAANNPSLKAAIPLQGWHTRKDWSSVRVPTLIVGAELDTIAPVSSHSEAFYNSLPSSLPKAYMELRGASHTVSNTPNTTTAKYSIAWLKRFVDDDTRYEQFLCPAPDDPAISEYRSTCPF,56.69
V319,TANPYQRGPDPTESSIEAVRGPFAVAQTTVSRLDASGFGGGTIYYPTDTSQGTFGAVAISPGFTAGQNAIAWLGPRIASQGFVVITIDTISRLDQPDSRGRQLQAALDYLTTDSTVRDRIDPNRMAVMGHSMGGGGALSAAANNPSLKAAIPLQGWHTRKDWSSVRVPTLIVGAELDTIAPVSSHSEAFYNSLPSSLPKAYMELRGASHTVSNTPNTTTAKYSIAWLKRFVDDDTRYEQFLCPAPDDPAISEYRSTCPF,24.21
V320,TANPYQRGPDPTESSIEAVRGPFAVAQTTVSRLDASGFGGGTIYYPTDTSQGTFGAVAISPGFTATQSSIAWLGPRIASQGFVVITIDTISSFDYPDSRGRQLQAALDYLTTDSTVRDRIDPNRMAVMGHSMGGGGALSAAANNPSLKAAIPLQGWHTRKDWSSVRVPTLIVGAELDTIAPVSSNSEAFYNSLPSSLPKAYMELRGASHTVSNTPNTTTAKYSIAWLKRFVDDDTRYEQFLCPAPDDPAISEYRSTCPF,67.33
V321,TANPYQRGPDPTESSIEAVRGPFAVAQTTVSRLDASGFGGGTIYYPTDTSQGTFGAVAISPGFLAGQKAIAWLGPRIASQGFVVITIDTISRFDYPDSRGRQLQAALDYLTTDSTVRDRIDPNRMAVMGHSMGGGGALSAAANNPSLKAAIPLQGWHTRKDWSSVRVPTLIVGAELDTIAPVSSHSEAFYNSLPSSLPKAYMELRGASHTVSNTPNTTTAKYSIAWLKRFVDDDTRYEQFLCPAPDDPAISEYRSTCPF,2.71
V322,TANPYQRGPDPTESSIEAVRGPFAVAQTTVSRLDASGFGGGTIYYPTDTSQGTFGAVAISPGFTAGQSSIAWLGPRIASQGFVVITIDTISRFDYPDSRGRQLQAALDYLTTDSTVRDRIDPNRMAVMGHSMGGGGALSAAANNPSLKAAIPLQGWHTRKDWSSVRVPTLIVGAELDTIAPVSSHSEAFYNSLPSSLPKAYMELRGASHTVSNTPNTTTAKYSIAWLKRFVDDDTRYEQFLCPAPDDPAISEYRSTCPF,49.91
V323,TANPYQRGPDPTESSIEAVRGPFAVAQTTVSRLDASGFGGGTIYYPTDTSQGTFGAVAISPGFTAGQSSIAWLGPRIASQGFVVITIDTISEFDQPDSRGRQLQAALDYLTTDSTVRDRIDPNRMAVMGHSMGGGGALSAAANNPSLKAAIPLQGWHTRKDWSSVRVPTLIVGAELDTIAPVSSHSEAFYNSLPSSLPKAYMELRGASHTVSNTPNTTTAKYSIAWLKRFVDDDTRYEQFLCPAPDDPAISEYRSTCPF,0.07
V324,TANPYQRGPDPTESSIEAVRGPFAVAQTTVSRLDASGFGGGTIYYPTDTSQGTFGAVAISPGFTAGQSSIAWLGPRIASQGFVVITIDTISRLDQPDSRGRQLQAALDYLTTDSTVRDRIDPNRMAVMGHSMGGGGALSAAANNPSLKAAIPLQGWHTRKDWSSVRVPTLIVGAELDTIAPVSSHSEAFYNSLPSSLPKAYMELRGASHLVSNTPNTTTAKYSIAWLKRFVDDDTRYEQFLCPAPDDPAISEYRSTCPF,41.63
V325,TANPYQRGPDPTESSIEAVRGPFAVAQTTVSRLDASGFGGGTIYYPTDTSQGTFGAVAISPGFLAGQNAIAWLGPRIASQGFVVITIDTISSFDYPDSRGRQLQAALDYLTTDSTVRDRIDPNRMAVMGHSMGGGGALSAAANNPSLKAAIPLQGWHTRKDWSSVRVPTLIVGAELDTIAPVSSHSEAFYNSLPSSLPKAYMELRGASHTVSNTPNTTTAKYSIAWLKRFVDDDTRYEQFLCPAPDDPAISEYRSTCPF,13.73
V326,TANPYQRGPDPTESSIEAVRGPFAVAQTTVSRLDASGFGGGTIYYPTDTSQGTFGAVAISPGFLAGQKSIAWLGPRIASQGFVVITIDTISSLDQPDSRGRQLQAALDYLTTDSTVRDRIDPNRMAVMGHSMGGGGALSAAANNPSLKAAIPLQGWHTRKDWSSVRVPTLIVGAELDTIAPVSSNSEAFYNSLPSSLPKAYMELRGASHTVSNTPNTTTAKYSIAWLKRFVDDDTRYEQFLCPAPDDPAISEYRSTCPF,97.12
V327,TANPYQRGPDPTESSIEAVRGPFAVAQTTVSRLDASGFGGGTIYYPTDTSQGTFGAVAISPGFTANQSSIAWLGPRIASQGFVVITIDTISSFDYPDSRGRQLQAALDYLTTDSTVRDRIDPNRMAVMGHSMGGGGALSAAANNPSLKAAIPLQGWHTRKDWSSVRVPTLIVGAELDTIAPVSSHSEAFYNSLPSSLPKAYMELRGASHTVSNTPNTTTAKYSIAWLKRFVDDDTRYEQFLCPAPDDPAISEYRSTCPF,24.43
V328,TANPYQRGPDPTESSIEAVRGPFAVAQTTVSRLDASGFGGGTIYYPTDTSQGTFGAVAISPGFLAGQKSIAWLGPRIASQGFVVITIDTISEFDQPDSRGRQLQAALDYLTTDSTVRDRIDPNRMAVMGHSMGGGGALSAAANNPSLKAAIPLQGWHTRKDWSSVRVPTLIVGAELDTIAPVSSHSEAFYNSLPSSLPKAYMELRGASHTVSNTPNTTTAKYSIAWLKRFVDDDTRYEQFLCPAPDDPAISEYRSTCPF,21.9
V329,TANPYQRGPDPTESSIEAVRGPFAVAQTTVSRLDASGFGGGTIYYPTDTSQGTFGAVAISPGFLANQEAIAWLGPRIASQGFVVITIDTISKLDYPDSRGRQLQAALDYLTTDSTVRDRIDPNRMAVMGHSMGGGGALSAAANNPSLKAAIPLQGWHTRKDWSSVRVPTLIVGAELDTIAPVSSHSEAFYNSLPSSLPKAYMELRGASHTVSNTPNTTTAKYSIAWLKRFVDDDTRYEQFLCPAPDDPAISEYRSTCPF,13.14
V330,TANPYQRGPDPTESSIEAVRGPFAVAQTTVSRLDASGFGGGTIYYPTDTSQGTFGAVAISPGFTASQKAIAWLGPRIASQGFVVITIDTISEFDYPDSRGRQLQAALDYLTTDSTVRDRIDPNRMAVMGHSMGGGGALSAAANNPSLKAAIPLQGWHTRKDWSSVRVPTLIVGAELDTIAPVSSYSEAFYNSLPSSLPKAYMELRGASHLVSNTPNTTTAKYSIAWLKRFVDDDTRYEQFLCPAPDDPAISEYRSTCPF,5.61
V331,TANPYQRGPDPTESSIEAVRGPFAVAQTTVSRLDASGFGGGTIYYPTDTSQGTFGAVAISPGFLAGQSSIAWLGPRIASQGFVVITIDTISRFDYPDSRGRQLQAALDYLTTDSTVRDRIDPNRMAVMGHSMGGGGALSAAANNPSLKAAIPLQGWHTRKDWSSVRVPTLIVGAELDTIAPVSSHSEAFYNSLPSSLPKAYMELRGASHTVSNTPNTTTAKYSIAWLKRFVDDDTRYEQFLCPAPDDPAISEYRSTCPF,8.14
V332,TANPYQRGPDPTESSIEAVRGPFAVAQTTVSRLDASGFGGGTIYYPTDTSQGTFGAVAISPGFLAGQESIAWLGPRIASQGFVVITIDTISRFDYPDSRGRQLQAALDYLTTDSTVRDRIDPNRMAVMGHSMGGGGALSAAANNPSLKAAIPLQGWHTRKDWSSVRVPTLIVGAELDTIAPVSSHSEAFYNSLPSSLPKAYMELRGASHTVSNTPNTTTAKYSIAWLKRFVDDDTRYEQFLCPAPDDPAISEYRSTCPF,44.32
V333,TANPYQRGPDPTESSIEAVRGPFAVAQTTVSRLDASGFGGGTIYYPTDTSQGTFGAVAISPGFTAGQSSIAWLGPRIASQGFVVITIDTISRFDYPDSRGRQLQAALDYLTTDSTVRDRIDPNRMAVMGHSMGGGGALSAAANNPSLKAAIPLQGWHTRKDWSSVRVPTLIVGAELDTIAPVSSHSEAFYNSLPSSLPKAYMELRGASHTVSNTPNTTTAKYSIAWLKRFVDDDTRYEQFLCPAPDDPAISEYRSTCPF,93.62
V334,TANPYQRGPDPTESSIEAVRGPFAVAQTTVSRLDASGFGGGTIYYPTDTSQGTFGAVAISPGFLANQESIAWLGPRIASQGFVVITIDTISRFDYPDSRGRQLQAALDYLTTDSTVRDRIDPNRMAVMGHSMGGGGALSAAANNPSLKAAIPLQGWHTRKDWSSVRVPTLIVGAELDTIAPVSSHSEAFYNSLPSSLPKAYMELRGASHTVSNTPNTTTAKYSIAWLKRFVDDDTRYEQFLCPAPDDPAISEYRSTCPF,18.89
V335,TANPYQRGPDPTESSIEAVRGPFAVAQTTVSRLDASGFGGGTIYYPTDTSQGTFGAVAISPGFTAGQESIAWLGPRIASQGFVVITIDTISRFDYPDSRGRQLQAALDYLTTDSTVRDRIDPNRMAVMGHSMGGGGALSAAANNPSLKAAIPLQGWHTRKDWSSVRVPTLIVGAELDTIAPVSSHSEAFYNSLPSSLPKAYMELRGASHTVSNTPNTTTAKYSIAWLKRFVDDDTRYEQFLCPAPDDPAISEYRSTCPF,68.25
