Code,Protein_Seq,Weight_Loss
R4M10,TANPYQRGPDPTESSIEAVRGPFAVAQTTVSRLDASGFGGGTIYYPTDTSQGTFGAVAISPGFTAGQSSIAWLGPRIASQGFVVITIDTISRFDYPDSRGRQLQAALDYLTTDSTVRDRIDPNRMAVMGHSMGGGGALSAAANNPSLKAAIPLQGWHTRKDWSSVRVPTLIVGAELDTIAPVSSHSEAFYNSLPSSLPKAYMELRGASHTVSNTPNTTTAKYSIAWLKRFVDDDTRYEQFLCPAPDDPAISEYRSTCPF,100
V1,TANPYQRGPDPTESSIEAVRGPFAVAQTTVSRLDASGFGGGTIYYPTDTSQGTFGAVAISPGFLAGQKAIAWLGPRIASQGFVVITIDTISRFDYPDSRGRQLQAALDYLTTDSTVRDRIDPNRMAVMGHSMGGGGALSAAANNPSLKAAIPLQGWHTRKDWSSVRVPTLIVGAELDTIAPVSSHSEAFYNSLPSSLPKAYMELRGASHTVSNTPNTTTAKYSIAWLKRFVDDDTRYEQFLCPAPDDPAISEYRSTCPF,20
V2,TANPYQRGPDPTESSIEAVRGPFAVAQTTVSRLDASGFGGGTIYYPTDTSQGTFGAVAISPGFLAGQSAIAWLGPRIASQGFVVITIDTISRLDQPDSRGRQLQAALDYLTTDSTVRDRIDPNRMAVMGHSMGGGGALSAAANNPSLKAAIPLQGWHTRKDWSSVRVPTLIVGAELDTIAPVSSNSEAFYNSLPSSLPKAYMELRGASHLVSNTPNTTTAKYSIAWLKRFVDDDTRYEQFLCPAPDDPAISEYRSTCPF,98
V3,TANPYQRGPDPTESSIEAVRGPFAVAQTTVSRLDASGFGGGTIYYPTDTSQGTFGAVAISPGFNAGQSAIAWLGPRIASQGFVVITIDTISRLDQPDSRGRQLQAALDYLTTDSTVRDRIDPNRMAVMGHSMGGGGALSAAANNPSLKAAIPLQGWHTRKDWSSVRVPTLIVGAELDTIAPVSSHSEAFYNSLPSSLPKAYMELRGASHLVSNTPNTTTAKYSIAWLKRFVDDDTRYEQFLCPAPDDPAISEYRSTCPF,16
V4,TANPYQRGPDPTESSIEAVRGPFAVAQTTVSRLDASGFGGGTIYYPTDTSQGTFGAVAISPGFLATQNAIAWLGPRIASQGFVVITIDTISRFDQPDSRGRQLQAALDYLTTDSTVRDRIDPNRMAVMGHSMGGGGALSAAANNPSLKAAIPLQGWHTRKDWSSVRVPTLIVGAELDTIAPVSSHSEAFYNSLPSSLPKAYMELRGASHTVSNTPNTTTAKYSIAWLKRFVDDDTRYEQFLCPAPDDPAISEYRSTCPF,55
V5,TANPYQRGPDPTESSIEAVRGPFAVAQTTVSRLDASGFGGGTIYYPTDTSQGTFGAVAISPGFLATQESIAWLGPRIASQGFVVITIDTISELDQPDSRGRQLQAALDYLTTDSTVRDRIDPNRMAVMGHSMGGGGALSAAANNPSLKAAIPLQGWHTRKDWSSVRVPTLIVGAELDTIAPVSSHSEAFYNSLPSSLPKAYMELRGASHTVSNTPNTTTAKYSIAWLKRFVDDDTRYEQFLCPAPDDPAISEYRSTCPF,7
V6,TANPYQRGPDPTESSIEAVRGPFAVAQTTVSRLDASGFGGGTIYYPTDTSQGTFGAVAISPGFLAGQKSIAWLGPRIASQGFVVITIDTISEFDQPDSRGRQLQAALDYLTTDSTVRDRIDPNRMAVMGHSMGGGGALSAAANNPSLKAAIPLQGWHTRKDWSSVRVPTLIVGAELDTIAPVSSNSEAFYNSLPSSLPKAYMELRGASHLVSNTPNTTTAKYSIAWLKRFVDDDTRYEQFLCPAPDDPAISEYRSTCPF,43
V8,TANPYQRGPDPTESSIEAVRGPFAVAQTTVSRLDASGFGGGTIYYPTDTSQGTFGAVAISPGFLATQNSIAWLGPRIASQGFVVITIDTISSLDQPDSRGRQLQAALDYLTTDSTVRDRIDPNRMAVMGHSMGGGGALSAAANNPSLKAAIPLQGWHTRKDWSSVRVPTLIVGAELDTIAPVSSHSEAFYNSLPSSLPKAYMELRGASHLVSNTPNTTTAKYSIAWLKRFVDDDTRYEQFLCPAPDDPAISEYRSTCPF,86
V9,TANPYQRGPDPTESSIEAVRGPFAVAQTTVSRLDASGFGGGTIYYPTDTSQGTFGAVAISPGFLATQEAIAWLGPRIASQGFVVITIDTISRFDYPDSRGRQLQAALDYLTTDSTVRDRIDPNRMAVMGHSMGGGGALSAAANNPSLKAAIPLQGWHTRKDWSSVRVPTLIVGAELDTIAPVSSHSEAFYNSLPSSLPKAYMELRGASHTVSNTPNTTTAKYSIAWLKRFVDDDTRYEQFLCPAPDDPAISEYRSTCPF,28
V11,TANPYQRGPDPTESSIEAVRGPFAVAQTTVSRLDASGFGGGTIYYPTDTSQGTFGAVAISPGFTAGQSSIAWLGPRIASQGFVVITIDTISRFDYPDSRGRQLQAALDYLTTDSTVRDRIDPNRMAVMGHSMGGGGALSAAANNPSLKAAIPLQGWHTRKDWSSVRVPTLIVGAELDTIAPVSSHSEAFYNSLPSSLPKAYMELRGASHLVSNTPNTTTAKYSIAWLKRFVDDDTRYEQFLCPAPDDPAISEYRSTCPF,99
V12,TANPYQRGPDPTESSIEAVRGPFAVAQTTVSRLDASGFGGGTIYYPTDTSQGTFGAVAISPGFTATQEAIAWLGPRIASQGFVVITIDTISRFDYPDSRGRQLQAALDYLTTDSTVRDRIDPNRMAVMGHSMGGGGALSAAANNPSLKAAIPLQGWHTRKDWSSVRVPTLIVGAELDTIAPVSSHSEAFYNSLPSSLPKAYMELRGASHSVSNTPNTTTAKYSIAWLKRFVDDDTRYEQFLCPAPDDPAISEYRSTCPF,31
V13,TANPYQRGPDPTESSIEAVRGPFAVAQTTVSRLDASGFGGGTIYYPTDTSQGTFGAVAISPGFNAGQSAIAWLGPRIASQGFVVITIDTISKFDYPDSRGRQLQAALDYLTTDSTVRDRIDPNRMAVMGHSMGGGGALSAAANNPSLKAAIPLQGWHTRKDWSSVRVPTLIVGAELDTIAPVSSHSEAFYNSLPSSLPKAYMELRGASHTVSNTPNTTTAKYSIAWLKRFVDDDTRYEQFLCPAPDDPAISEYRSTCPF,7
V14,TANPYQRGPDPTESSIEAVRGPFAVAQTTVSRLDASGFGGGTIYYPTDTSQGTFGAVAISPGFLANQNSIAWLGPRIASQGFVVITIDTISKFDQPDSRGRQLQAALDYLTTDSTVRDRIDPNRMAVMGHSMGGGGALSAAANNPSLKAAIPLQGWHTRKDWSSVRVPTLIVGAELDTIAPVSSHSEAFYNSLPSSLPKAYMELRGASHTVSNTPNTTTAKYSIAWLKRFVDDDTRYEQFLCPAPDDPAISEYRSTCPF,80
V15,TANPYQRGPDPTESSIEAVRGPFAVAQTTVSRLDASGFGGGTIYYPTDTSQGTFGAVAISPGFLAGQEAIAWLGPRIASQGFVVITIDTISSFDQPDSRGRQLQAALDYLTTDSTVRDRIDPNRMAVMGHSMGGGGALSAAANNPSLKAAIPLQGWHTRKDWSSVRVPTLIVGAELDTIAPVSSYSEAFYNSLPSSLPKAYMELRGASHLVSNTPNTTTAKYSIAWLKRFVDDDTRYEQFLCPAPDDPAISEYRSTCPF,6
V16,TANPYQRGPDPTESSIEAVRGPFAVAQTTVSRLDASGFGGGTIYYPTDTSQGTFGAVAISPGFTAGQSSIAWLGPRIASQGFVVITIDTISRLDYPDSRGRQLQAALDYLTTDSTVRDRIDPNRMAVMGHSMGGGGALSAAANNPSLKAAIPLQGWHTRKDWSSVRVPTLIVGAELDTIAPVSSYSEAFYNSLPSSLPKAYMELRGASHTVSNTPNTTTAKYSIAWLKRFVDDDTRYEQFLCPAPDDPAISEYRSTCPF,115
V18,TANPYQRGPDPTESSIEAVRGPFAVAQTTVSRLDASGFGGGTIYYPTDTSQGTFGAVAISPGFLAGQKSIAWLGPRIASQGFVVITIDTISRFDYPDSRGRQLQAALDYLTTDSTVRDRIDPNRMAVMGHSMGGGGALSAAANNPSLKAAIPLQGWHTRKDWSSVRVPTLIVGAELDTIAPVSSHSEAFYNSLPSSLPKAYMELRGASHTVSNTPNTTTAKYSIAWLKRFVDDDTRYEQFLCPAPDDPAISEYRSTCPF,41
V19,TANPYQRGPDPTESSIEAVRGPFAVAQTTVSRLDASGFGGGTIYYPTDTSQGTFGAVAISPGFTAGQSSIAWLGPRIASQGFVVITIDTISSFDQPDSRGRQLQAALDYLTTDSTVRDRIDPNRMAVMGHSMGGGGALSAAANNPSLKAAIPLQGWHTRKDWSSVRVPTLIVGAELDTIAPVSSHSEAFYNSLPSSLPKAYMELRGASHLVSNTPNTTTAKYSIAWLKRFVDDDTRYEQFLCPAPDDPAISEYRSTCPF,37
V20,TANPYQRGPDPTESSIEAVRGPFAVAQTTVSRLDASGFGGGTIYYPTDTSQGTFGAVAISPGFLANQKAIAWLGPRIASQGFVVITIDTISRFDYPDSRGRQLQAALDYLTTDSTVRDRIDPNRMAVMGHSMGGGGALSAAANNPSLKAAIPLQGWHTRKDWSSVRVPTLIVGAELDTIAPVSSHSEAFYNSLPSSLPKAYMELRGASHLVSNTPNTTTAKYSIAWLKRFVDDDTRYEQFLCPAPDDPAISEYRSTCPF,30
V21,TANPYQRGPDPTESSIEAVRGPFAVAQTTVSRLDASGFGGGTIYYPTDTSQGTFGAVAISPGFTAGQSSIAWLGPRIASQGFVVITIDTISRFDYPDSRGRQLQAALDYLTTDSTVRDRIDPNRMAVMGHSMGGGGALSAAANNPSLKAAIPLQGWHTRKDWSSVRVPTLIVGAELDTIAPVSSHSEAFYNSLPSSLPKAYMELRGASHTVSNTPNTTTAKYSIAWLKRFVDDDTRYEQFLCPAPDDPAISEYRSTCPF,92
V22,TANPYQRGPDPTESSIEAVRGPFAVAQTTVSRLDASGFGGGTIYYPTDTSQGTFGAVAISPGFLAGQEAIAWLGPRIASQGFVVITIDTISRFDYPDSRGRQLQAALDYLTTDSTVRDRIDPNRMAVMGHSMGGGGALSAAANNPSLKAAIPLQGWHTRKDWSSVRVPTLIVGAELDTIAPVSSYSEAFYNSLPSSLPKAYMELRGASHLVSNTPNTTTAKYSIAWLKRFVDDDTRYEQFLCPAPDDPAISEYRSTCPF,51
V23,TANPYQRGPDPTESSIEAVRGPFAVAQTTVSRLDASGFGGGTIYYPTDTSQGTFGAVAISPGFTAGQEAIAWLGPRIASQGFVVITIDTISRLDQPDSRGRQLQAALDYLTTDSTVRDRIDPNRMAVMGHSMGGGGALSAAANNPSLKAAIPLQGWHTRKDWSSVRVPTLIVGAELDTIAPVSSHSEAFYNSLPSSLPKAYMELRGASHLVSNTPNTTTAKYSIAWLKRFVDDDTRYEQFLCPAPDDPAISEYRSTCPF,43
V24,TANPYQRGPDPTESSIEAVRGPFAVAQTTVSRLDASGFGGGTIYYPTDTSQGTFGAVAISPGFLASQNSIAWLGPRIASQGFVVITIDTISKLDQPDSRGRQLQAALDYLTTDSTVRDRIDPNRMAVMGHSMGGGGALSAAANNPSLKAAIPLQGWHTRKDWSSVRVPTLIVGAELDTIAPVSSNSEAFYNSLPSSLPKAYMELRGASHLVSNTPNTTTAKYSIAWLKRFVDDDTRYEQFLCPAPDDPAISEYRSTCPF,126
V25,TANPYQRGPDPTESSIEAVRGPFAVAQTTVSRLDASGFGGGTIYYPTDTSQGTFGAVAISPGFTAGQSSIAWLGPRIASQGFVVITIDTISKLDQPDSRGRQLQAALDYLTTDSTVRDRIDPNRMAVMGHSMGGGGALSAAANNPSLKAAIPLQGWHTRKDWSSVRVPTLIVGAELDTIAPVSSNSEAFYNSLPSSLPKAYMELRGASHTVSNTPNTTTAKYSIAWLKRFVDDDTRYEQFLCPAPDDPAISEYRSTCPF,61
V26,TANPYQRGPDPTESSIEAVRGPFAVAQTTVSRLDASGFGGGTIYYPTDTSQGTFGAVAISPGFTAGQSAIAWLGPRIASQGFVVITIDTISKLDYPDSRGRQLQAALDYLTTDSTVRDRIDPNRMAVMGHSMGGGGALSAAANNPSLKAAIPLQGWHTRKDWSSVRVPTLIVGAELDTIAPVSSHSEAFYNSLPSSLPKAYMELRGASHTVSNTPNTTTAKYSIAWLKRFVDDDTRYEQFLCPAPDDPAISEYRSTCPF,29
V27,TANPYQRGPDPTESSIEAVRGPFAVAQTTVSRLDASGFGGGTIYYPTDTSQGTFGAVAISPGFLANQNAIAWLGPRIASQGFVVITIDTISRLDQPDSRGRQLQAALDYLTTDSTVRDRIDPNRMAVMGHSMGGGGALSAAANNPSLKAAIPLQGWHTRKDWSSVRVPTLIVGAELDTIAPVSSNSEAFYNSLPSSLPKAYMELRGASHTVSNTPNTTTAKYSIAWLKRFVDDDTRYEQFLCPAPDDPAISEYRSTCPF,48
V28,TANPYQRGPDPTESSIEAVRGPFAVAQTTVSRLDASGFGGGTIYYPTDTSQGTFGAVAISPGFTAGQKAIAWLGPRIASQGFVVITIDTISRFDYPDSRGRQLQAALDYLTTDSTVRDRIDPNRMAVMGHSMGGGGALSAAANNPSLKAAIPLQGWHTRKDWSSVRVPTLIVGAELDTIAPVSSHSEAFYNSLPSSLPKAYMELRGASHTVSNTPNTTTAKYSIAWLKRFVDDDTRYEQFLCPAPDDPAISEYRSTCPF,79
V29,TANPYQRGPDPTESSIEAVRGPFAVAQTTVSRLDASGFGGGTIYYPTDTSQGTFGAVAISPGFTASQSAIAWLGPRIASQGFVVITIDTISRFDYPDSRGRQLQAALDYLTTDSTVRDRIDPNRMAVMGHSMGGGGALSAAANNPSLKAAIPLQGWHTRKDWSSVRVPTLIVGAELDTIAPVSSHSEAFYNSLPSSLPKAYMELRGASHTVSNTPNTTTAKYSIAWLKRFVDDDTRYEQFLCPAPDDPAISEYRSTCPF,76
V30,TANPYQRGPDPTESSIEAVRGPFAVAQTTVSRLDASGFGGGTIYYPTDTSQGTFGAVAISPGFLATQKAIAWLGPRIASQGFVVITIDTISRLDQPDSRGRQLQAALDYLTTDSTVRDRIDPNRMAVMGHSMGGGGALSAAANNPSLKAAIPLQGWHTRKDWSSVRVPTLIVGAELDTIAPVSSYSEAFYNSLPSSLPKAYMELRGASHTVSNTPNTTTAKYSIAWLKRFVDDDTRYEQFLCPAPDDPAISEYRSTCPF,71
V31,TANPYQRGPDPTESSIEAVRGPFAVAQTTVSRLDASGFGGGTIYYPTDTSQGTFGAVAISPGFNAGQSAIAWLGPRIASQGFVVITIDTISRFDYPDSRGRQLQAALDYLTTDSTVRDRIDPNRMAVMGHSMGGGGALSAAANNPSLKAAIPLQGWHTRKDWSSVRVPTLIVGAELDTIAPVSSHSEAFYNSLPSSLPKAYMELRGASHLVSNTPNTTTAKYSIAWLKRFVDDDTRYEQFLCPAPDDPAISEYRSTCPF,7
V32,TANPYQRGPDPTESSIEAVRGPFAVAQTTVSRLDASGFGGGTIYYPTDTSQGTFGAVAISPGFLAGQSSIAWLGPRIASQGFVVITIDTISEFDYPDSRGRQLQAALDYLTTDSTVRDRIDPNRMAVMGHSMGGGGALSAAANNPSLKAAIPLQGWHTRKDWSSVRVPTLIVGAELDTIAPVSSHSEAFYNSLPSSLPKAYMELRGASHTVSNTPNTTTAKYSIAWLKRFVDDDTRYEQFLCPAPDDPAISEYRSTCPF,4
V33,TANPYQRGPDPTESSIEAVRGPFAVAQTTVSRLDASGFGGGTIYYPTDTSQGTFGAVAISPGFLASQSAIAWLGPRIASQGFVVITIDTISELDYPDSRGRQLQAALDYLTTDSTVRDRIDPNRMAVMGHSMGGGGALSAAANNPSLKAAIPLQGWHTRKDWSSVRVPTLIVGAELDTIAPVSSHSEAFYNSLPSSLPKAYMELRGASHTVSNTPNTTTAKYSIAWLKRFVDDDTRYEQFLCPAPDDPAISEYRSTCPF,4
V34,TANPYQRGPDPTESSIEAVRGPFAVAQTTVSRLDASGFGGGTIYYPTDTSQGTFGAVAISPGFNAGQSSIAWLGPRIASQGFVVITIDTISKFDYPDSRGRQLQAALDYLTTDSTVRDRIDPNRMAVMGHSMGGGGALSAAANNPSLKAAIPLQGWHTRKDWSSVRVPTLIVGAELDTIAPVSSHSEAFYNSLPSSLPKAYMELRAASHLVSNTPNTTTAKYSIAWLKRFVDDDTRYEQFLCPAPDDPAISEYRSTCPF,23
V36,TANPYQRGPDPTESSIEAVRGPFAVAQTTVSRLDASGFGGGTIYYPTDTSQGTFGAVAISPGFLASQEAIAWLGPRIASQGFVVITIDTISEFDQPDSRGRQLQAALDYLTTDSTVRDRIDPNRMAVMGHSMGGGGALSAAANNPSLKAAIPLQGWHTRKDWSSVRVPTLIVGAELDTIAPVSSHSEAFYNSLPSSLPKAYMELRGASHTVSNTPNTTTAKYSIAWLKRFVDDDTRYEQFLCPAPDDPAISEYRSTCPF,3
V37,TANPYQRGPDPTESSIEAVRGPFAVAQTTVSRLDASGFGGGTIYYPTDTSQGTFGAVAISPGFTAGQSAIAWLGPRIASQGFVVITIDTISSFDQPDSRGRQLQAALDYLTTDSTVRDRIDPNRMAVMGHSMGGGGALSAAANNPSLKAAIPLQGWHTRKDWSSVRVPTLIVGAELDTIAPVSSHSEAFYNSLPSSLPKAYMELRGASHTVSNTPNTTTAKYSIAWLKRFVDDDTRYEQFLCPAPDDPAISEYRSTCPF,6
V52,TANPYQRGPDPTESSIEAVRGPFAVAQTTVSRLDASGFGGGTIYYPTDTSQGTFGAVAISPGFTAGQSSIAWLGPRIASQGFVVITIDTISRFDYPDSRGRQLQAALDYLTTDSTVRDRIDPNRMAVMGHSMGGGGALSAAANNPSLKAAIPLQGWHTRKDWSSVRVPTLIVGAELDTIAPVSSHSEAFYNSLPSSLPKAYMELRGASHTVSNTPNTTTAKYSIAWLKRFVDDDTRYEQFLCPAPDDPAISEYRSTCPF,96
V54,TANPYQRGPDPTESSIEAVRGPFAVAQTTVSRLDASGFGGGTIYYPTDTSQGTFGAVAISPGFTATQSAIAWLGPRIASQGFVVITIDTISSFDQPDSRGRQLQAALDYLTTDSTVRDRIDPNRMAVMGHSMGGGGALSAAANNPSLKAAIPLQGWHTRKDWSSVRVPTLIVGAELDTIAPVSSYSEAFYNSLPSSLPKAYMELRGASHLVSNTPNTTTAKYSIAWLKRFVDDDTRYEQFLCPAPDDPAISEYRSTCPF,56
V55,TANPYQRGPDPTESSIEAVRGPFAVAQTTVSRLDASGFGGGTIYYPTDTSQGTFGAVAISPGFTAGQSSIAWLGPRIASQGFVVITIDTISRFDYPDSRGRQLQAALDYLTTDSTVRDRIDPNRMAVMGHSMGGGGALSAAANNPSLKAAIPLQGWHTRKDWSSVRVPTLIVGAELDTIAPVSSNSEAFYNSLPSSLPKAYMELRGASHTVSNTPNTTTAKYSIAWLKRFVDDDTRYEQFLCPAPDDPAISEYRSTCPF,129
V57,TANPYQRGPDPTESSIEAVRGPFAVAQTTVSRLDASGFGGGTIYYPTDTSQGTFGAVAISPGFLANQSAIAWLGPRIASQGFVVITIDTISRFDYPDSRGRQLQAALDYLTTDSTVRDRIDPNRMAVMGHSMGGGGALSAAANNPSLKAAIPLQGWHTRKDWSSVRVPTLIVGAELDTIAPVSSHSEAFYNSLPSSLPKAYMELRGASHTVSNTPNTTTAKYSIAWLKRFVDDDTRYEQFLCPAPDDPAISEYRSTCPF,20
V58,TANPYQRGPDPTESSIEAVRGPFAVAQTTVSRLDASGFGGGTIYYPTDTSQGTFGAVAISPGFTAGQESIAWLGPRIASQGFVVITIDTISELDYPDSRGRQLQAALDYLTTDSTVRDRIDPNRMAVMGHSMGGGGALSAAANNPSLKAAIPLQGWHTRKDWSSVRVPTLIVGAELDTIAPVSSHSEAFYNSLPSSLPKAYMELRGASHLVSNTPNTTTAKYSIAWLKRFVDDDTRYEQFLCPAPDDPAISEYRSTCPF,3
V59,TANPYQRGPDPTESSIEAVRGPFAVAQTTVSRLDASGFGGGTIYYPTDTSQGTFGAVAISPGFLAGQEAIAWLGPRIASQGFVVITIDTISELDYPDSRGRQLQAALDYLTTDSTVRDRIDPNRMAVMGHSMGGGGALSAAANNPSLKAAIPLQGWHTRKDWSSVRVPTLIVGAELDTIAPVSSNSEAFYNSLPSSLPKAYMELRGASHTVSNTPNTTTAKYSIAWLKRFVDDDTRYEQFLCPAPDDPAISEYRSTCPF,1
V60,TANPYQRGPDPTESSIEAVRGPFAVAQTTVSRLDASGFGGGTIYYPTDTSQGTFGAVAISPGFTAGQKSIAWLGPRIASQGFVVITIDTISKLDQPDSRGRQLQAALDYLTTDSTVRDRIDPNRMAVMGHSMGGGGALSAAANNPSLKAAIPLQGWHTRKDWSSVRVPTLIVGAELDTIAPVSSHSEAFYNSLPSSLPKAYMELRGASHTVSNTPNTTTAKYSIAWLKRFVDDDTRYEQFLCPAPDDPAISEYRSTCPF,68
V61,TANPYQRGPDPTESSIEAVRGPFAVAQTTVSRLDASGFGGGTIYYPTDTSQGTFGAVAISPGFLANQNAIAWLGPRIASQGFVVITIDTISKLDYPDSRGRQLQAALDYLTTDSTVRDRIDPNRMAVMGHSMGGGGALSAAANNPSLKAAIPLQGWHTRKDWSSVRVPTLIVGAELDTIAPVSSHSEAFYNSLPSSLPKAYMELRGASHTVSNTPNTTTAKYSIAWLKRFVDDDTRYEQFLCPAPDDPAISEYRSTCPF,31
V62,TDNPYQRGPDPTESSIEAVRGPFAVAQTTVSRLDASGFGGGTIYYPTDTSQGTFGAVAISPGFLAGQSAIAWLGPRIASQGFVVITIDTISRFDQPDSRGRQLQAALDYLTTDSTVRDRIDPNRMAVMGHSMGGGGALSAAANNPSLKAAIPLQGWHTRKDWSSVRVPTLIVGAELDTIAPVSSNSEAFYNSLPSSLPKAYMELRGASHTVSNTPNTTTAKYSIAWLKRFVDDDTRYEQFLCPAPDDPAISEYRSTCPF,75
V63,TANPYQRGPDPTESSIEAVRGPFAVAQTTVSRLDASGFGGGTIYYPTDTSQGTFGAVAISPGFTATQSAIAWLGPRIASQGFVVITIDTISSLDQPDSRGRQLQAALDYLTTDSTVRDRIDPNRMAVMGHSMGGGGALSAAANNPSLKAAIPLQGWHTRKDWSSVRVPTLIVGAELDTIAPVSSHSEAFYNSLPSSLPKAYMELRGASHTVSNTPNTTTAKYSIAWLKRFVDDDTRYEQFLCPAPDDPAISEYRSTCPF,14
V64,TANPYQRGPDPTESSIEAVRGPFAVAQTTVSRLDASGFGGGTIYYPTDTSQGTFGAVAISPGFTAGQSSIAWLGPRIASQGFVVITIDTISEFDQPDSRGRQLQAALDYLTTDSTVRDRIDPNRMAVMGHSMGGGGALSAAANNPSLKAAIPLQGWHTRKDWSSVRVPTLIVGAELDTIAPVSSHSEAFYNSLPSSLPKAYMELRGASHLVSNTPNTTTAKYSIAWLKRFVDDDTRYEQFLCPAPDDPAISEYRSTCPF,0
V66,TANPYQRGPDPTESSIEAVRGPFAVAQTTVSRLDASGFGGGTIYYPTDTSQGTFGAVAISPGFNASQNAIAWLGPRIASQGFVVITIDTISRFDYPDSRGRQLQAALDYLTTDSTVRDRIDPNRMAVMGHSMGGGGALSAAANNPSLKAAIPLQGWHTRKDWSSVRVPTLIVGAELDTIAPVSSNSEAFYNSLPSSLPKAYMELRGASHLVSNTPNTTTAKYSIAWLKRFVDDDTRYEQFLCPAPDDPAISEYRSTCPF,37
V67,TANPYQRGPDPTESSIEAVRGPFAVAQTTVSRLDASGFGGGTIYYPTDTSQGTFGAVAISPGFNAGQEAIAWLGPRIASQGFVVITIDTISKFDYPDSRGRQLQAALDYLTTDSTVRDRIDPNRMAVMGHSMGGGGALSAAANNPSLKAAIPLQGWHTRKDWSSVRVPTLIVGAELDTIAPVSSHSEAFYNSLPSSLPKAYMELRGASHTVSNTPNTTTAKYSIAWLKRFVDDDTRYEQFLCPAPDDPAISEYRSTCPF,-2
V68,TANPYQRGPDPTESSIEAVRGPFAVAQTTVSRLDASGFGGGTIYYPTDTSQGTFGAVAISPGFNAGQEAIAWLGPRIASQGFVVITIDTISSLDYPDSRGRQLQAALDYLTTDSTVRDRIDPNRMAVMGHSMGGGGALSAAANNPSLKAAIPLQGWHTRKDWSSVRVPTLIVGAELDTIAPVSSYSEAFYNSLPSSLPKAYMELRGASHTVSNTPNTTTAKYSIAWLKRFVDDDTRYEQFLCPAPDDPAISEYRSTCPF,31
V69,TANPYQRGPDPTESSIEAVRGPFAVAQTTVSRLDASGFGGGTIYYPTDTSQGTFGAVAISPGFTAGQSSIAWLGPRIASQGFVVITIDTISRFDYPDSRGRQLQAALDYLTTDSTVRDRIDPNRMAVMGHSMGGGGALSAAANNPSLKAAIPLQGWHTRKDWSSVRVPTLIVGAELDTIAPVSSHSEAFYNSLPSSLPKAYMELRGASHTVSNTPNTTTAKYSIAWLKRFVDDDTRYEQFLCPAPDDPAISEYRSTCPF,99
V70,TANPYQRGPDPTESSIEAVRGPFAVAQTTVSRLDASGFGGGTIYYPTDTSQGTFGAVAISPGFLATQSSIAWLGPRIASQGFVVITIDTISRFDYPDSRGRQLQAALDYLTTDSTVRDRIDPNRMAVMGHSMGGGGALSAAANNPSLKAAIPLQGWHTRKDWSSVRVPTLIVGAELDTIAPVSSHSEAFYNSLPSSLPKAYMELRGASHLVSNTPNTTTAKYSIAWLKRFVDDDTRYEQFLCPAPDDPAISEYRSTCPF,59
V72,TANPYQRGPDPTESSIEAVRGPFAVAQTTVSRLDASGFGGGTIYYPTDTSQGTFGAVAISPGFLATQNSIAWLGPRIASQGFVVITIDTISSLDQPDSRGRQLQAALDYLTTDSTVRDRIDPNRMAVMGHSMGGGGALSAAANNPSLKAAIPLQGWHTRKDWSSVRVPTLIVGAELDTIAPVSSHSEAFYNSLPSSLPKAYMELRGASHLVSNTPNTTTAKYSIAWLKRFVDDDTRYEQFLCPAPDDPAISEYRSTCPF,62
V74,TANPYQRGPDPTESSIEAVRGPFAVAQTTVSRLDASGFGGGTIYYPTDTSQGTFGAVAISPGFTANQEAIAWLGPRIASQGFVVITIDTISRFDYPDSRGRQLQAALDYLTTDSTVRDRIDPNRMAVMGHSMGGGGALSAAANNPSLKAAIPLQGWHTRKDWSSVRVPTLIVGAELDTIAPVSSYSEAFYNSLPSSLPKAYMELRGASHTVSNTPNTTTAKYSIAWLKRFVDDDTRYEQFLCPAPDDPAISEYRSTCPF,83
V75,TANPYQRGPDPTESSIEAVRGPFAVAQTTVSRLDASGFGGGTIYYPTDTSQGTFGAVAISPGFTAGQSSIAWLGPRIASQGFVVITIDTISSLDQPDSRGRQLQAALDYLTTDSTVRDRIDPNRMAVMGHSMGGGGALSAAANNPSLKAAIPLQGWHTRKDWSSVRVPTLIVGAELDTIAPVSSYSEAFYNSLPSSLPKAYMELRGASHTVSNTPNTTTAKYSIAWLKRFVDDDTRYEQFLCPAPDDPAISEYRSTCPF,61
V80,TANPYQRGPDPTESSIEAVRGPFAVAQTTVSRLDASGFGGGTIYYPTDTSQGTFGAVAISPGFLAGQKAIAWLGPRIASQGFVVITIDTISELDYPDSRGRQLQAALDYLTTDSTVRDRIDPNRMAVMGHSMGGGGALSAAANNPSLKAAIPLQGWHTRKDWSSVRVPTLIVGAELDTIAPVSSHSEAFYNSLPSSLPKAYMELRGASHTVSNTPNTTTAKYSIAWLKRFVDDDTRYEQFLCPAPDDPAISEYRSTCPF,8
V81,TANPYQRGPDPTESSIEAVRGPFAVAQTTVSRLDASGFGGGTIYYPTDTSQGTFGAVAISPGFTAGQSSIAWLGPRIASQGFVVITIDTISKFDQPDSRGRQLQAALDYLTTDSTVRDRIDPNRMAVMGHSMGGGGALSAAANNPSLKAAIPLQGWHTRKDWSSVRVPTLIVGAELDTIAPVSSHSEAFYNSLPSSLPKAYMELRGASHLVSNTPNTTTAKYSIAWLKRFVDDDTRYEQFLCPAPDDPAISEYRSTCPF,91
V82,TANPYQRGPDPTESSIEAVRGPFAVAQTTVSRLDASGFGGGTIYYPTDTSQGTFGAVAISPGFTAGQSAIAWLGPRIASQGFVVITIDTISEFDQPDSRGRQLQAALDYLTTDSTVRDRIDPNRMAVMGHSMGGGGALSAAANNPSLKAAIPLQGWHTRKDWSSVRVPTLIVGAELDTIAPVSSYSEAFYNSLPSSLPKAYMELRGASHTVSNTPNTTTAKYSIAWLKRFVDDDTRYEQFLCPAPDDPAISEYRSTCPF,3
V83,TANPYQRGPDPTESSIEAVRGPFAVAQTTVSRLDASGFGGGTIYYPTDTSQGTFGAVAISPGFLASQRAIAWLGPRIASQGFVVITIDTISRFDYPDSRGRQLQAALDYLTTDSTVRDRIDPNRMAVMGHSMGGGGALSAAANNPSLKAAIPLQGWHTRKDWSSVRVPTLIVGAELDTIAPVSSHSEAFYNSLPSSLPKAYMELRGASHTVSNTPNTTTAKYSIAWLKRFVDDDTRYEQFLCPAPDDPAISEYRSTCPF,32
V85,TANPYQRGPDPTESSIEAVRGPFAVAQTTVSRLDASGFGGGTIYYPTDTSQGTFGAVAISPGFTAGQNAIAWLGPRIASQGFVVITIDTISEFDQPDSRGRQLQAALDYLTTDSTVRDRIDPNRMAVMGHSMGGGGALSAAANNPSLKAAIPLQGWHTRKDWSSVRVPTLIVGAELDTIAPVSSNSEAFYNSLPSSLPKAYMELRGASHLVSNTPNTTTAKYSIAWLKRFVDDDTRYEQFLCPAPDDPAISEYRSTCPF,4
V86,TANPYQRGPDPTESSIEAVRGPFAVAQTTVSRLDASGFGGGTIYYPTDTSQGTFGAVAISPGFTAGQSSIAWLGPRIASQGFVVITIDTISEFDQPDSRGRQLQAALDYLTTDSTVRDRIDPNRMAVMGHSMGGGGALSAAANNPSLKAAIPLQGWHTRKDWSSVRVPTLIVGAELDTIAPVSSHSEAFYNSLPSSLPKAYMELRGASHLVSNTPNTTTAKYSIAWLKRFVDDDTRYEQFLCPAPDDPAISEYRSTCPF,4
V87,TANPYQRGPDPTESSIEAVRGPFAVAQTTVSRLDASGFGGGTIYYPTDTSQGTFGAVAISPGFLAGQKAIAWLGPRIASQGFVVITIDTISSFDYPDSRGRQLQAALDYLTTDSTVRDRIDPNRMAVMGHSMGGGGALSAAANNPSLKAAIPLQGWHTRKDWSSVRVPTLIVGAELDTIAPVSSYSEAFYNSLPSSLPKAYMELRGASHLVSNTPNTTTAKYSIAWLKRFVDDDTRYEQFLCPAPDDPAISEYRSTCPF,61
V89,TANPYQRGPDPTESSIEAVRGPFAVAQTTVSRLDASGFGGGTIYYPTDTSQGTFGAVAISPGFTASQSAIAWLGPRIASQGFVVITIDTISEFDYPDSRGRQLQAALDYLTTDSTVRDRIDPNRMAVMGHSMGGGGALSAAANNPSLKAAIPLQGWHTRKDWSSVRVPTLIVGAELDTIAPVSSYSEAFYNSLPSSLPKAYMELRGASHTVSNTPNTTTAKYSIAWLKRFVDDDTRYEQFLCPAPDDPAISEYRSTCPF,-3
V90,TANPYQRGPDPTESSIEAVRGPFAVAQTTVSRLDASGFGGGTIYYPTDTSQGTFGAVAISPGFTAGQSAIAWLGPRIASQGFVVITIDTISSFDQPDSRGRQLQAALDYLTTDSTVRDRIDPNRMAVMGHSMGGGGALSAAANNPSLKAAIPLQGWHTRKDWSSVRVPTLIVGAELDTIAPVSSHSEAFYNSLPSSLPKAYMELRGASHTVSNTPNTTTAKYSIAWLKRFVDDDTRYEQFLCPAPDDPAISEYRSTCPF,10
V93,TANPYQRGPDPTESSIEAVRGPFAVAQTTVSRLDASGFGGGTIYYPTDTSQGTFGAVAISPGFTASQEAIAWLGPRIASQGFVVITIDTISKFDQPDSRGRQLQAALDYLTTDSTVRDRIDPNRMAVMGHSMGGGGALSAAANNPSLKAAIPLQGWHTRKDWSSVRVPTLIVGAELDTIAPVSSHSEAFYNSLPSSLPKAYMELRGASHTVSNTPNTTTAKYSIAWLKRFVDDDTRYEQFLCPAPDDPAISEYRSTCPF,19
V94,TANPYQRGPDPTESSIEAVRGPFAVAQTTVSRLDASGFGGGTIYYPTDTSQGTFGAVAISPGFLAGQSAIAWLGPRIASQGFVVITIDTISRLDYPDSRGRQLQAALDYLTTDSTVRDRIDPNRMAVMGHSMGGGGALSAAANNPSLKAAIPLQGWHTRKDWSSVRVPTLIVGAELDTIAPVSSNSEAFYNSLPSSLPKAYMELRGASHTVSNTPNTTTAKYSIAWLKRFVDDDTRYEQFLCPAPDDPAISEYRSTCPF,58
V95,TANPYQRGPDPTESSIEAVRGPFAVAQTTVSRLDASGFGGGTIYYPTDTSQGTFGAVAISPGFIASQSAIAWLGPRIASQGFVVITIDTISEFDQPDSRGRQLQAALDYLTTDSTVRDRIDPNRMAVMGHSMGGGGALSAAANNPSLKAAIPLQGWHTRKDWSSVRVPTLIVGAELDTIAPVSSHSEAFYNSLPSSLPKAYMELRGASHLVSNTPNTTTAKYSIAWLKRFVDDDTRYEQFLCPAPDDPAISEYRSTCPF,0
V98,TANPYQRGPDPTESSIEAVRGPFAVAQTTVSRLDASGFGGGTIYYPTDTSQGTFGAVAISPGFLASQEAIAWLGPRIASQGFVVITIDTISRFDQPDSRGRQLQAALDYLTTDSTVRDRIDPNRMAVMGHSMGGGGALSAAANNPSLKAAIPLQGWHTRKDWSSVRVPTLIVGAELDTIAPVSSHSEAFYNSLPSSLPKAYMELRGASHTVSNTPNTTTAKYSIAWLKRFVDDDTRYEQFLCPAPDDPAISEYRSTCPF,33
V99,TANPYQRGPDPTESSIEAVRGPFAVAQTTVSRLDASGFGGGTIYYPTDTSQGTFGAVAISPGFNAGQESIAWLGPRIASQGFVVITIDTISKLDQPDSRGRQLQAALDYLTTDSTVRDRIDPNRMAVMGHSMGGGGALSAAANNPSLKAAIPLQGWHTRKDWSSVRVPTLIVGAELDTIAPVSSHSEAFYNSLPSSLPKAYMELRGASHLVSNTPNTTTAKYSIAWLKRFVDDDTRYEQFLCPAPDDHTVSEYRSTCPF,-3
V100,TANPYQRGPDPTESSIEAVRGPFAVAQTTVSRLDASGFGGGTIYYPTDTSQGTFGAVAISPGFLASQEAIAWLGPRIASQGFVVITIDTISEFDQPDSRGRQLQAALDYLTTDSTVRDRIDPNRMAVMGHSMGGGGALSAAANNPSLKAAIPLQGWHTRKDWSSVRVPTLIVGAELDTIAPVSSHSEAFYNSLPSSLPKAYMELRGASHTVSNTPNTTTAKYSIAWLKRFVDDDTRYEQFLCPAPDDPAISEYRSTCPF,1
V102,TANPYQRGPDPTESSIEAVRGPFAVAQTTVSRLDASGFGGGTIYYPTDTSQGTFGAVAISPGFLAGQESIAWLGPRIASQGFVVITIDTISKFDQPDSRGRQLQAALDYLTTDSTVRDRIDPNRMAVMGHSMGGGGALSAAANNPSLKAAIPLQGWHTRKDWSSVRVPTLIVGAELDTIAPVSSHSEAFYNSLPSSLPKAYMELRGASHLVSNTPNTTTAKYSIAWLKRFVDDDTRYEQFLCPAPDDPAISEYRSTCPF,36
V103,TANPYQRGPDPTESSIEAVRGPFAVAQTTVSRLDASGFGGGTIYYPTDTSQGTFGAVAISPGFLATQSSIAWLGPRIASQGFVVITIDTISELDQPDSRGRQLQAALDYLTTDSTVRDRIDPNRMAVMGHSMGGGGALSAAANNPSLKAAIPLQGWHTRKDWSSVRVPTLIVGAELDTIAPVSSHSEAFYNSLPSSLPKAYMELRGASHTVSNTPNTTTAKYSIAWLKRFVDDDTRYEQFLCPAPDDPAISEYRSTCPF,0
V104,TANPYQRGPDPTESSIEAVRGPFAVAQTTVSRLDASGFGGGTIYYPTDTSQGTFGAVAISPGFLAGQKAIAWLGPRIASQGFVVITIDTISSLDQPDSRGRQLQAALDYLTTDSTVRDRIDPNRMAVMGHSMGGGGALSAAANNPSLKAAIPLQGWHTRKDWSSVRVPTLIVGAELDTIAPVSSHSEAFYNSLPSSLPKAYMELRGASHTVSNTPNTTTAKYSIAWLKRFVDDDTRYEQFLCPAPDDPAISEYRSTCPF,23
V105,TANPYQRGPDPTESSIEAVRGPFAVAQTTVSRLDASGFGGGTIYYPTDTSQGTFGAVAISPGFTAGQNSIAWLGPRIASQGFVVITIDTISSFDQPDSRGRQLQAALDYLTTDSTVRDRIDPNRMAVMGHSMGGGGALSAAANNPSLKAAIPLQGWHTRKDWSSVRVPTLIVGAELDTIAPVSSHSEAFYNSLPSSLPKAYMELRGASHLVSNTPNTTTAKYSIAWLKRFVDDDTRYEQFLCPAPDDPAISEYRSTCPF,57
V106,TANPYQRGPDPTESSIEAVRGPFAVAQTTVSRLDASGFGGGTIYYPTDTSQGTFGAVAISPGFLATQNSIAWLGPRIASQGFVVITIDTISRFDYPDSRGRQLQAALDYLTTDSTVRDRIDPNRMAVMGHSMGGGGALSAAANNPSLKAAIPLQGWHTRKDWSSVRVPTLIVGAELDTIAPVSSHSEAFYNSLPSSLPKAYMELRGASHLVSNTPNTTTAKYSIAWLKRFVDDDTRYEQFLCPAPDDPAISEYRSTCPF,67
V107,TANPYQRGPDPTESSIEAVRGPFAVAQTTVSRLDASGFGGGTIYYPTDTSQGTFGAVAISPGFLAGQESIAWLGPRIASQGFVVITIDTISRLDQPDSRGRQLQAALDYLTTDSTVRDRIDPNRMAVMGHSMGGGGALSAAANNPSLKAAIPLQGWHTRKDWSSVRVPTLIVGAELDTIAPVSSHSEAFYNSLPSSLPKAYMELRGASHLVSNTPNTTTAKYSIAWLKRFVDDDTRYEQFLCPAPDDPAISEYRSTCPF,87
V108,TANPYQRGPDPTESSIEAVRGPFAVAQTTVSRLDASGFGGGTIYYPTDTSQGTFGAVAISPGFTAGQSSIAWLGPRIASQGFVVITIDTISELDQPDSRGRQLQAALDYLTTDSTVRDRIDPNRMAVMGHSMGGGGALSAAANNPSLKAAIPLQGWHTRKDWSSVRVPTLIVGAELDTIAPVSSHSEAFYNSLPSSLPKAYMELRGASHLVSNTPNTTTAKYSIAWLKRFVDDDTRYEQFLCPAPDDPAISEYRSTCPF,-1
V109,TANPYQRGPDPTESSIEAVRGPFAVAQTTVSRLDASGFGGGTIYYPTDTSQGTFGAVAISPGFLAGQEAIAWLGPRIASQGFVVITIDTISRFDYPDSRGRQLQAALDYLTTDSTVRDRIDPNRMAVMGHSMGGGGALSAAANNPSLKAAIPLQGWHTRKDWSSVRVPTLIVGAELDTIAPVSSHSEAFYNSLPSSLPKAYMELRGASHTVSNTPNTTTAKYSIAWLKRFVDDDTRYEQFLCPAPDDPAISEYRSTCPF,21
V110,TANPYQRGPDPTESSIEAVRGPFAVAQTTVSRLDASGFGGGTIYYPTDTSQGTFGAVAISPGFNAGQSAIAWLGPRIASQGFVVITIDTISRFDYPDSRGRQLQAALDYLTTDSTVRDRIDPNRMAVMGHSMGGGGALSAAANNPSLKAAIPLQGWHTRKDWSSVRVPTLIVGAELDTIAPVSSHSEAFYNSLPSSLPKAYMELRGASHLVSNTPNTTTAKYSIAWLKRFVDDDTRYEQFLCPAPDDPAISEYRSTCPF,20
V111,TANPYQRGPDPTESSIEAVRGPFAVAQTTVSRLDASGFGGGTIYYPTDTSQGTFGAVAISPGFLANQNAIAWLGPRIASQGFVVITIDTISRLDQPDSRGRQLQAALDYLTTDSTVRDRIDPNRMAVMGHSMGGGGALSAAANNPSLKAAIPLQGWHTRKDWSSVRVPTLIVGAELDTIAPVSSNSEAFYNSLPSSLPKAYMELRGASHTVSNTPNTTTAKYSIAWLKRFVDDDTRYEQFLCPAPDDPAISEYRSTCPF,75
V112,TANPYQRGPDPTESSIEAVRGPFAVAQTTVSRLDASGFGGGTIYYPTDTSQGTFGAVAISPGFTAGQSSIAWLGPRIASQGFVVITIDTISSFDQPDSRGRQLQAALDYLTTDSTVRDRIDPNRMAVMGHSMGGGGALSAAANNPSLKAAIPLQGWHTRKDWSSVRVPTLIVGAELDTIAPVSSNSEAFYNSLPSSLPKAYMELRGASHLVSNTPNTTTAKYSIAWLKRFVDDDTRYEQFLCPAPDDPAISEYRSTCPF,75
V113,TANPYQRGPDPTESSIEAVRGPFAVAQTTVSRLDASGFGGGTIYYPTDTSQGTFGAVAISPGFTAGQEAIAWLGPRIASQGFVVITIDTISKFDQPDSRGRQLQAALDYLTTDSTVRDRIDPNRMAVMGHSMGGGGALSAAANNPSLKAAIPLQGWHTRKDWSSVRVPTLIVGAELDTIAPVSSHSEAFYNSLPSSLPKAYMELRGASHLVSNTPNTTTAKYSIAWLKRFVDDDTRYEQFLCPAPDDPAISEYRSTCPF,28
V114,TANPYQRGPDPTESSIEAVRGPFAVAQTTVSRLDASGFGGGTIYYPTDTSQGTFGAVAISPGFLAGQKAIAWLGPRIASQGFVVITIDTISRFDYPDSRGRQLQAALDYLTTDSTVRDRIDPNRMAVMGHSMGGGGALSAAANNPSLKAAIPLQGWHTRKDWSSVRVPTLIVGAELDTIAPVSSHSEAFYNSLPSSLPKAYMELRGASHTVSNTPNTTTAKYSIAWLKRFVDDDTRYEQFLCPAPDDPAISEYRSTCPF,24
V115,TANPYQRGPDPTESSIEAVRGPFAVAQTTVSRLDASGFGGGTIYYPTDTSQGTFGAVAISPGFLANQESIAWLGPRIASQGFVVITIDTISKFDYPDSRGRQLQAALDYLTTDSTVRDRIDPNRMAVMGHSMGGGGALSAAANNPSLKAAIPLQGWHTRKDWSSVRVPTLIVGAELDTIAPVSSHSEAFYNSLPSSLPKAYMELRGASHTVSNTPNTTTAKYSIAWLKRFVDDDTRYEQFLCPAPDDPAISEYRSTCPF,64
V116,TANPYQRGPDPTESSIEAVRGPFAVAQTTVSRLDASGFGGGTIYYPTDTSQGTFGAVAISPGFTAGQEAIAWLGPRIASQGFVVITIDTISRLDQPDSRGRQLQAALDYLTTDSTVRDRIDPNRMAVMGHSMGGGGALSAAANNPSLKAAIPLQGWHTRKDWSSVRVPTLIVGAELDTIAPVSSHSEAFYNSLPSSLPKAYMELRGASHLVSNTPNTTTAKYSIAWLKRFVDDDTRYEQFLCPAPDDPAISEYRSTCPF,48
V117,TANPYQRGPDPTESSIEAVRGPFAVAQTTVSRLDASGFGGGTIYYPTDTSQGTFGAVAISPGFLASQNSIAWLGPRIASQGFVVITIDTISSFDQPDSRGRQLQAALDYLTTDSTVRDRIDPNRMAVMGHSMGGGGALSAAANNPSLKAAIPLQGWHTRKDWSSVRVPTLIVGAELDTIAPVSSHSEAFYNSLPSSLPKAYMELRGASHTVSNTPNTTTAKYSIAWLKRFVDDDTRYEQFLCPAPDDPAISEYRSTCPF,91
V118,TANPYQRGPDPTESSIEAVRGPFAVAQTTVSRLDASGFGGGTIYYPTDTSQGTFGAVAISPGFTAGQSSIAWLGPRIASQGFVVITIDTISKFDQPDSRGRQLQAALDYLTTDSTVRDRIDPNRMAVMGHSMGGGGALSAAANNPSLKAAIPLQGWHTRKDWSSVRVPTLIVGAELDTIAPVSSHSEAFYNSLPSSLPKAYMELRGASHLVSNTPNTTTAKYSIAWLKRFVDDDTRYEQFLCPAPDDPAISEYRSTCPF,94
V119,TANPYQRGPDPTESSIEAVRGPFAVAQTTVSRLDASGFGGGTIYYPTDTSQGTFGAVAISPGFLAGQKAIAWLGPRIASQGFVVITIDTISSLDQPDSRGRQLQAALDYLTTDSTVRDRIDPNRMAVMGHSMGGGGALSAAANNPSLKAAIPLQGWHTRKDWSSVRVPTLIVGAELDTIAPVSSHSEAFYNSLPSSLPKAYMELRGASHLVSNTPNTTTAKYSIAWLKRFVDDDTRYEQFLCPAPDDPAISEYRSTCPF,43
V120,TANPYQRGPDPTESSIEAVRGPFAVAQTTVSRLDASGFGGGTIYYPTDTSQGTFGAVAISPGFLAGQRAIAWLGPRIASQGFVVITIDTISSLDQPDSRGRQLQAALDYLTTDSTVRDRIDPNRMAVMGHSMGGGGALSAAANNPSLKAAIPLQGWHTRKDWSSVRVPTLIVGAELDTIAPVSSHSEAFYNSLPSSLPKAYMELRGASHLVSNTPNTTTAKYSIAWLKRFVDDDTRYEQFLCPAPDDPAISEYRSTCPF,27
V121,TANPYQRGPDPTESSIEAVRGPFAVAQTTVSRLDASGFGGGTIYYPTDTSQGTFGAVAISPGFLASQNSIAWLGPRIASQGFVVITIDTISKLDQPDSRGRQLQAALDYLTTDSTVRDRIDPNRMAVMGHSMGGGGALSAAANNPSLKAAIPLQGWHTRKDWSSVRVPTLIVGAELDTIAPVSSNSEAFYNSLPSSLPKAYMELRGASHLVSNTPNTTTAKYSIAWLKRFVDDDTRYEQFLCPAPDDPAISEYRSTCPF,119
V122,TANPYQRGPDPTESSIEAVRGPFAVAQTTVSRLDASGFGGGTIYYPTDTSQGTFGAVAISPGFTAGQSSIAWLGPRIASQGFVVITIDTISRFDYPDSRGRQLQAALDYLTTDSTVRDRIDPNRMAVMGHSMGGGGALSAAANNPSLKAAIPLQGWHTRKDWSSVRVPTLIVGAELDTIAPVSSHSEAFYNSLPSSLPKAYMELRGASHTVSNTPNTTTAKYSIAWLKRFVDDDTRYEQFLCPAPDDPAISEYRSTCPF,97
V123,TANPYQRGPDPTESSIEAVRGPFAVAQTTVSRLDASGFGGGTIYYPTDTSQGTFGAVAISPGFLAGQNAIAWLGPRIASQGFVVITIDTISRLDQPDSRGRQLQAALDYLTTDSTVRDRIDPNRMAVMGHSMGGGGALSAAANNPSLKAAIPLQGWHTRKDWSSVRVPTLIVGAELDTIAPVSSYSEAFYNSLPSSLPKAYMELRGASHTVSNTPNTTTAKYSIAWLKRFVDDDTRYEQFLCPAPDDPAISEYRSTCPF,61
V124,TANPYQRGPDPTESSIEAVRGPFAVAQTTVSRLDASGFGGGTIYYPTDTSQGTFGAVAISPGFLAGQSAIAWLGPRIASQGFVVITIDTISRFDQPDSRGRQLQAALDYLTTDSTVRDRIDPNRMAVMGHSMGGGGALSAAANNPSLKAAIPLQGWHTRKDWSSVRVPTLIVGAELDTIAPVSSNSEAFYNSLPSSLPKAYMELRGASHLVSNTPNTTTAKYSIAWLKRFVDDDTRYEQFLCPAPDDPAISEYRSTCPF,94
V125,TANPYQRGPDPTESSIEAVRGPFAVAQTTVSRLDASGFGGGTIYYPTDTSQGTFGAVAISPGFTAGQSSIAWLGPRIASQGFVVITIDTISKLDQPDSRGRQLQAALDYLTTDSTVRDRIDPNRMAVMGHSMGGGGALSAAANNPSLKAAIPLQGWHTRKDWSSVRVPTLIVGAELDTIAPVSSHSEAFYNSLPSSLPKAYMELRGASHLVSNTPNTTTAKYSIAWLKRFVDDDTRYEQFLCPAPDDPAISEYRSTCPF,93
V127,TANPYQRGPDPTESSIEAVRGPFAVAQTTVSRLDASGFGGGTIYYPTDTSQGTFGAVAISPGFTAGQSSIAWLGPRIASQGFVVITIDTISRLDQPDSRGRQLQAALDYLTTDSTVRDRIDPNRMAVMGHSMGGGGALSAAANNPSLKAAIPLQGWHTRKDWSSVRVPTLIVGAELDTIAPVSSYSEAFYNSLPSSLPKAYMELRGASHLVSNTPNTTTAKYSIAWLKRFVDDDTRYEQFLCPAPDDPAISEYRSTCPF,120
V128,TANPYQRGPDPTESSIEAVRGPFAVAQTTVSRLDASGFGGGTIYYPTDTSQGTFGAVAISPGFTAGQKAIAWLGPRIASQGFVVITIDTISRFDQPDSRGRQLQAALDYLTTDSTVRDRIDPNRMAVMGHSMGGGGALSAAANNPSLKAAIPLQGWHTRKDWSSVRVPTLIVGAELDTIAPVSSHSEAFYNSLPSSLPKAYMELRGASHTVSNTPNTTTAKYSIAWLKRFVDDDTRYEQFLCPAPDDPAISEYRSTCPF,63
V130,TANPYQRGPDPTESSIEAVRGPFAVAQTTVSRLDASGFGGGTIYYPTDTSQGTFGAVAISPGFLASQNSIAWLGPRIASQGFVVITIDTISEFDQPDSRGRQLQAALDYLTTDSTVRDRIDPNRMAVMGHSMGGGGALSAAANNPSLKAAIPLQGWHTRKDWSSVRVPTLIVGAELDTIAPVSSHSEAFYNSLPSSLPKAYMELRGASHTVSNTPNTTTAKYSIAWLKRFVDDDTRYEQFLCPAPDDPAISEYRSTCPF,79
V131,TANPYQRGPDPTESSIEAVRGPFAVAQTTVSRLDASGFGGGTIYYPTDTSQGTFGAVAISPGFTAGQSSIAWLGPRIASQGFVVITIDTISELDYPDSRGRQLQAALDYLTTDSTVRDRIDPNRMAVMGHSMGGGGALSAAANNPSLKAAIPLQGWHTRKDWSSVRVPTLIVGAELDTIAPVSSHSEAFYNSLPSSLPKAYMELRGASHLVSNTPNTTTAKYSIAWLKRFVDDDTRYEQFLCPAPDDPAISEYRSTCPF,3
V132,TANPYQRGPDPTESSIEAVRGPFAVAQTTVSRLDASGFGGGTIYYPTDTSQGTFGAVAISPGFNATQSAIAWLGPRIASQGFVVITIDTISRFDYPDSRGRQLQAALDYLTTDSTVRDRIDPNRMAVMGHSMGGGGALSAAANNPSLKAAIPLQGWHTRKDWSSVRVPTLIVGAELDTIAPVSSYSEAFYNSLPSSLPKAYMELRGASHTVSNTPNTTTAKYSIAWLKRFVDDDTRYEQFLCPAPDDPAISEYRSTCPF,14
V133,TANPYQRGPDPTESSIEAVRGPFAVAQTTVSRLDASGFGGGTIYYPTDTSQGTFGAVAISPGFNASQSSIAWLGPRIASQGFVVITIDTISRFDYPDSRGRQLQAALDYLTTDSTVRDRIDPNRMAVMGHSMGGGGALSAAANNPSLKAAIPLQGWHTRKDWSSVRVPTLIVGAELDTIAPVSSHSEAFYNSLPSSLPKAYMELRGASHTVSNTPNTTTAKYSIAWLKRFVDDDTRYEQFLCPAPDDPAISEYRSTCPF,33
V134,TANPYQRGPDPTESSIEAVRGPFAVAQTTVSRLDASGFGGGTIYYPTDTSQGTFGAVAISPGFNANQKSIAWLGPRIASQGFVVITIDTISSFDYPDSRGRQLQAALDYLTTDSTVRDRIDPNRMAVMGHSMGGGGALSAAANNPSLKAAIPLQGWHTRKDWSSVRVPTLIVGAELDTIAPVSSYSEAFYNSLPSSLPKAYMELRGASHTVSNTPNTTTAKYSIAWLKRFVDDDTRYEQFLCPAPDDPAISEYRSTCPF,24
V135,TANPYQRGPDPTESSIEAVRGPFAVAQTTVSRLDASGFGGGTIYYPTDTSQGTFGAVAISPGFTAGQSSIAWLGPRIASQGFVVITIDTISRFDYPDSRGRQLQAALDYLTTDSTVRDRIDPNRMAVMGHSMGGGGALSAAANNPSLKAAIPLQGWHTRKDWSSVRVPTLIVGAELDTIAPVSSHSEAFYNSLPSSLPKAYMELRGASHTVSNTPNTTTAKYSIAWLKRFVDDDTRYEQFLCPAPDDPAISEYRSTCPF,78
V136,TANPYQRGPDPTESSIEAVRGPFAVAQTTVSRLDASGFGGGTIYYPTDTSQGTFGAVAISPGFLAGQNAIAWLGPRIASQGFVVITIDTISELDQPDSRGRQLQAALDYLTTDSTVRDRIDPNRMAVMGHSMGGGGALSAAANNPSLKAAIPLQGWHTRKDWSSVRVPTLIVGAELDTIAPVSSNSEAFYNSLPSSLPKAYMELRGASHLVSNTPNTTTAKYSIAWLKRFVDDDTRYEQFLCPAPDDPAISEYRSTCPF,3
V137,TANPYQRGPDPTESSIEAVRGPFAVAQTTVSRLDASGFGGGTIYYPTDTSQGTFGAVAISPGFTAGQESIAWLGPRIASQGFVVITIDTISRFDYPDSRGRQLQAALDYLTTDSTVRDRIDPNRMAVMGHSMGGGGALSAAANNPSLKAAIPLQGWHTRKDWSSVRVPTLIVGAELDTIAPVSSHSEAFYNSLPSSLPKAYMELRGASHTVSNTPNTTTAKYSIAWLKRFVDDDTRYEQFLCPAPDDPAISEYRSTCPF,80
V138,TANPYQRGPDPTESSIEAVRGPFAVAQTTVSRLDASGFGGGTIYYPTDTSQGTFGAVAISPGFLASQSAIAWLGPRIASQGFVVITIDTISKFDYPDSRGRQLQAALDYLTTDSTVRDRIDPNRMAVMGHSMGGGGALSAAANNPSLKAAIPLQGWHTRKDWSSVRVPTLIVGAELDTIAPVSSHSEAFYNSLPSSLPKAYMELRGASHLVSNTPNTTTAKYSIAWLKRFVDDDTRYEQFLCPAPDDPAISEYRSTCPF,28
V140,TANPYQRGPDPTESSIEAVRGPFAVAQTTVSRLDASGFGGGTIYYPTDTSQGTFGAVAISPGFTAGQSSIAWLGPRIASQGFVVITIDTISRFDQPDSRGRQLQAALDYLTTDSTVRDRIDPNRMAVMGHSMGGGGALSAAANNPSLKAAIPLQGWHTRKDWSSVRVPTLIVGAELDTIAPVSSHSEAFYNSLPSSLPKAYMELRGASHTVSNTPNTTTAKYSIAWLKRFVDDDTRYEQFLCPAPDDPAISEYRSTCPF,93
V141,TANPYQRGPDPTESSIEAVRGPFAVAQTTVSRLDASGFGGGTIYYPTDTSQGTFGAVAISPGFTAGQSSIAWLGPRIASQGFVVITIDTISRFDYPDSRGRQLQAALDYLTTDSTVRDRIDPNRMAVMGHSMGGGGALSAAANNPSLKAAIPLQGWHTRKDWSSVRVPTLIVGAELDTIAPVSSYSEAFYNSLPSSLPKAYMELRGASHTVSNTPNTTTAKYSIAWLKRFVDDDTRYEQFLCPAPDDPAISEYRSTCPF,122
V145,TANPYQRGPDPTESSIEAVRGPFAVAQTTVSRLDASGFGGGTIYYPTDTSQGTFGAVAISPGFLAGQSSIAWLGPRIASQGFVVITIDTISRLDYPDSRGRQLQAALDYLTTDSTVRDRIDPNRMAVMGHSMGGGGALSAAANNPSLKAAIPLQGWHTRKDWSSVRVPTLIVGAELDTIAPVSSHSEAFYNSLPSSLPKAYMELRGASHTVSNTPNTTTAKYSIAWLKRFVDDDTRYEQFLCPAPDDPAISEYRSTCPF,61
V146,TANPYQRGPDPTESSIEAVRGPFAVAQTTVSRLDASGFGGGTIYYPTDTSQGTFGAVAISPGFLAGQESIAWLGPRIASQGFVVITIDTISRFDYPDSRGRQLQAALDYLTTDSTVRDRIDPNRMAVMGHSMGGGGALSAAANNPSLKAAIPLQGWHTRKDWSSVRVPTLIVGAELDTIAPVSSNSEAFYNSLPSSLPKAYMELRGASHLVSNTPNTTTAKYSIAWLKRFVDDDTRYEQFLCPAPDDPAISEYRSTCPF,103
V149,TANPYQRGPDPTESSIEAVRGPFAVAQTTVSRLDASGFGGGTIYYPTDTSQGTFGAVAISPGFLASQSSIAWLGPRIASQGFVVITIDTISRFDYPDSRGRQLQAALDYLTTDSTVRDRIDPNRMAVMGHSMGGGGALSAAANNPSLKAAIPLQGWHTRKDWSSVRVPTLIVGAELDTIAPVSSHSEAFYNSLPSSLPKAYMELRGASHTVSNTPNTTTAKYSIAWLKRFVDDDTRYEQFLCPAPDDPAISEYRSTCPF,72
V150,TANPYQRGPDPTESSIEAVRGPFAVAQTTVSRLDASGFGGGTIYYPTDTSQGTFGAVAISPGFTASQNSIAWLGPRIASQGFVVITIDTISEFDYPDSRGRQLQAALDYLTTDSTVRDRIDPNRMAVMGHSMGGGGALSAAANNPSLKAAIPLQGWHTRKDWSSVRVPTLIVGAELDTIAPVSSHSEAFYNSLPSSLPKAYMELRGASHLVSNTPNTTTAKYSIAWLKRFVDDDTRYEQFLCPAPDDPAISEYRSTCPF,6
V153,TANPYQRGPDPTESSIEAVRGPFAVAQTTVSRLDASGFGGGTIYYPTDTSQGTFGAVAISPGFTAGQNAIAWLGPRIASQGFVVITIDTISRFDYPDSRGRQLQAALDYLTTDSTVRDRIDPNRMAVMGHSMGGGGALSAAANNPSLKAAIPLQGWHTRKDWSSVRVPTLIVGAELDTIAPVSSNSEAFYNSLPSSLPKAYMELRGASHLVSNTPNTTTAKYSIAWLKRFVDDDTRYEQFLCPAPDDPAISEYRSTCPF,114
V155,TANPYQRGPDPTESSIEAVRGPFAVAQTTVSRLDASGFGGGTIYYPTDTSQGTFGAVAISPGFLAGQESIAWLGPRIASQGFVVITIDTISRLDQPDSRGRQLQAALDYLTTDSTVRDRIDPNRMAVMGHSMGGGGALSAAANNPSLKAAIPLQGWHTRKDWSSVRVPTLIVGAELDTIAPVSSHSEAFYNSLPSSLPKAYMELRGASHTVSNTPNTTTAKYSIAWLKRFVDDDTRYEQFLCPAPDDPAISEYRSTCPF,64
V156,TANPYQRGPDPTESSIEAVRGPFAVAQTTVSRLDASGFGGGTIYYPTDTSQGTFGAVAISPGFLAGQKAIAWLGPRIASQGFVVITIDTISSLDQPDSRGRQLQAALDYLTTDSTVRDRIDPNRMAVMGHSMGGGGALSAAANNPSLKAAIPLQGWHTRKDWSSVRVPTLIVGAELDTIAPVSSHSEAFYNSLPSSLPKAYMELRGASHLVSNTPNTTTAKYSIAWLKRFVDDDTRYEQFLCPAPDDPAISEYRSTCPF,21
V159,TANPYQRGPDPTESSIEAVRGPFAVAQTTVSRLDASGFGGGTIYYPTDTSQGTFGAVAISPGFTAGQSSIAWLGPRIASQGFVVITIDTISRFDYPDSRGRQLQAALDYLTTDSTVRDRIDPNRMAVMGHSMGGGGALSAAANNPSLKAAIPLQGWHTRKDWSSVRVPTLIVGAELDTIAPVSSHSEAFYNSLPSSLPKAYMELRGASHLVSNTPNTTTAKYSIAWLKRFVDDDTRYEQFLCPAPDDPAISEYRSTCPF,69
V160,TANPYQRGPDPTESSIEAVRGPFAVAQTTVSRLDASGFGGGTIYYPTDTSQGTFGAVAISPGFLASQSAIAWLGPRIASQGFVVITIDTISKFDYPDSRGRQLQAALDYLTTDSTVRDRIDPNRMAVMGHSMGGGGALSAAANNPSLKAAIPLQGWHTRKDWSSVRVPTLIVGAELDTIAPVSSHSEAFYNSLPSSLPKAYMELRGASHLVSNTPNTTTAKYSIAWLKRFVDDDTRYEQFLCPAPDDPAISEYRSTCPF,35
V161,TANPYQRGPDPTESSIEAVRGPFAVAQTTVSRLDASGFGGGTIYYPTDTSQGTFGAVAISPGFTAGQSSIAWLGPRIASQGFVVITIDTISSLDQPDSRGRQLQAALDYLTTDSTVRDRIDPNRMAVMGHSMGGGGALSAAANNPSLKAAIPLQGWHTRKDWSSVRVPTLIVGAELDTIAPVSSHSEAFYNSLPSSLPKAYMELRGASHTVSNTPNTTTAKYSIAWLKRFVDDDTRYEQFLCPAPDDPAISEYRSTCPF,37
V162,TANPYQRGPDPTESSIEAVRGPFAVAQTTVSRLDASGFGGGTIYYPTDTSQGTFGAVAISPGFTATQSSIAWLGPRIASQGFVVITIDTISRFDYPDSRGRQLQAALDYLTTDSTVRDRIDPNRMAVMGHSMGGGGALSAAANNPSLKAAIPLQGWHTRKDWSSVRVPTLIVGAELDTIAPVSSHSEAFYNSLPSSLPKAYMELRGASHTVSNTPNTTTAKYSIAWLKRFVDDDTRYEQFLCPAPDDPAISEYRSTCPF,98
V163,TANPYQRGPDPTESSIEAVRGPFAVAQTTVSRLDASGFGGGTIYYPTDTSQGTFGAVAISPGFTAGQSSIAWLGPRIASQGFVVITIDTISGLDQPDSRGRQLQAALDYLTTDSTVRDRIDPNRMAVMGHSMGGGGALSAAANNPSLKAAIPLQGWHTRKDWSSVRVPTLIVGAELDTIAPVSSHSEAFYNSLPSSLPKAYMELRGASHTVSNTPNTTTAKYSIAWLKRFVDDDTRYEQFLCPAPDDPAISEYRSTCPF,53
V164,TANPYQRGPDPTESSIEAVRGPFAVAQTTVSRLDASGFGGGTIYYPTDTSQGTFGAVAISPGFLASQSSIAWLGPRIASQGFVVITIDTISRFDYPDSRGRQLQAALDYLTTDSTVRDRIDPNRMAVMGHSMGGGGALSAAANNPSLKAAIPLQGWHTRKDWSSVRVPTLIVGAELDTIAPVSSHSEAFYNSLPSSLPKAYMELRGASHLVSNTPNTTTAKYSIAWLKRFVDDDTRYEQFLCPAPDDPAISEYRSTCPF,51
V165,TANPYQRGPDPTESSIEAVRGPFAVAQTTVSRLDASGFGGGTIYYPTDTSQGTFGAVAISPGFLATQEAIAWLGPRIASQGFVVITIDTISRFDYPDSRGRQLQAALDYLTTDSTVRDRIDPNRMAVMGHSMGGGGALSAAANNPSLKAAIPLQGWHTRKDWSSVRVPTLIVGAELDTIAPVSSNSEAFYNSLPSSLPKAYMELRGASHTVSNTPNTTTAKYSIAWLKRFVDDDTRYEQFLCPAPDDPAISEYRSTCPF,58
V166,TANPYQRGPDPTESSIEAVRGPFAVAQTTVSRLDASGFGGGTIYYPTDTSQGTFGAVAISPGFLASQKAIAWLGPRIASQGFVVITIDTISEFDQPDSRGRQLQAALDYLTTDSTVRDRIDPNRMAVMGHSMGGGGALSAAANNPSLKAAIPLQGWHTRKDWSSVRVPTLIVGAELDTIAPVSSHSEAFYNSLPSSLPKAYMELRGASHTVSNTPNTTTAKYSIAWLKRFVDDDTRYEQFLCPAPDDPAISEYRSTCPF,26
V169,TANPYQRGPDPTESSIEAVRGPFAVAQTTVSRLDASGFGGGTIYYPTDTSQGTFGAVAISPGFLASQSSIAWLGPRIASQGFVVITIDTISKLDYPDSRGRQLQAALDYLTTDSTVRDRIDPNRMAVMGHSMGGGGALSAAANNPSLKAAIPLQGWHTRKDWSSVRVPTLIVGAELDTIAPVSSHSEAFYNSLPSSLPKAYMELRGASHTVSNTPNTTTAKYSIAWLKRFVDDDTRYEQFLCPAPDDPAISEYRSTCPF,66
V170,TANPYQRGPDPTESSIEAVRGPFAVAQTTVSRLDASGFGGGTIYYPTDTSQGTFGAVAISPGFTAGQSSIAWLGPRIASQGFVVITIDTISRFDYPDSRGRQLQAALDYLTTDSTVRDRIDPNRMAVMGHSMGGGGALSAAANNPSLKAAIPLQGWHTRKDWSSVRVPTLIVGAELDTIAPVSSHSEAFYNSLPSSLPKAYMELRGASHTVSNTPNTTTAKYSIAWLKRFVDDDTRYEQFLCPAPDDPAISEYRSTCPF,93
V171,TANPYQRGPDPTESSIEAVRGPFAVAQTTVSRLDAYGFGGGTIYYPTDTSQGTFGAVAISPGFLAGQNAIAWLGPRIASQGFVVITIDTISEFDYPDSRGRQLQAALDYLTTDSTVRDRIDPNRMAVMGHSMGGGGALSAAANNPSLKAAIPLQGWHTRKDWSSVRVPTLIVGAELDTIAPVSSHSEAFYNSLPSSLPKAYMELRGASHTVSNTPNTTTAKYSIAWLKRFVDDDTRYEQFLCPAPDDPAISEYRSTCPF,0
V172,TANPYQRGPDPTESSIEAVRGPFAVAQTTVSRLDASGFGGGTIYYPTDTSQGTFGAVAISPGFLATQESIAWLGPRIASQGFVVITIDTISRFDYPDSRGRQLQAALDYLTTDSTVRDRIDPNRMAVMGHSMGGGGALSAAANNPSLKAAIPLQGWHTRKDWSSVRVPTLIVGAELDTIAPVSSYSEAFYNSLPSSLPKAYMELRGASHTVSNTPNTTTAKYSIAWLKRFVDDDTRYEQFLCPAPDDPAISEYRSTCPF,32
V174,TANPYQRGPDPTESSIEAVRGPFAVAQTTVSRLDASGFGGGTIYYPTDTSQGTFGAVAISPGFLASQEAIAWLGPRIASQGFVVITIDTISRLDQPDSRGRQLQAALDYLTTDSTVRDRIDPNRMAVMGHSMGGGGALSAAANNPSLKAAIPLQGWHTRKDWSSVRVPTLIVGAELDTIAPVSSHSEAFYNSLPSSLPKAYMELRGASHTVSNTPNTTTAKYSIAWLKRFVDDDTRYEQFLCPAPDDPAISEYRSTCPF,9
V175,TANPYQRGPDPTESSIEAVRGPFAVAQTTVSRLDASGFGGGTIYYPTDTSQGTFGAVAISPGFLAAQNAIAWLGPRIASQGFVVITIDTISEFDYPDSRGRQLQAALDYLTTDSTVRDRIDPNRMAVMGHSMGGGGALSAAANNPSLKAAIPLQGWHTRKDWSSVRVPTLIVGAELDTIAPVSSYSEAFYNSLPSSLPKAYMELRGASHLVSNTPNTTTAKYSIAWLKRFVDDDTRYEQFLCPAPDDPAISEYRSTCPF,54
V178,TANPYQRGPDPTESSIEAVRGPFAVAQTTVSRLDASGFGGGTIYYPTDTSQGTFGAVAISPGFTAGQSSIAWLGPRIASQGFVVITIDTISRFDYPDSRGRQLQAALDYLTTDSTVRDRIDPNRMAVMGHSMGGGGALSAAANNPSLKAAIPLQGWHTRKDWSSVRVPTLIVGAELDTIAPVSSHSEAFYNSLPSSLPKAYMELRGASHTVSNTPNTTTAKYSIAWLKRFVDDDTRYEQFLCPAPDDPAISEYRSTCPF,17
V180,TANPYQRGPDPTESSIEAVRGPFAVAQTTVSRLDASGFGGGTIYYPTDTSQGTFGAVAISPGFNASQSSIAWLGPRIASQGFVVITIDTISRFDYPDSRGRQLQAALDYLTTDSTVRDRIDPNRMAVMGHSMGGGGALSAAANNPSLKAAIPLQGWHTRKDWSSVRVPTLIVGAELDTIAPVSSYSEAFYNSLPSSLPKAYMELRGASHTVSNTPNTTTAKYSIAWLKRFVDDDTRYEQFLCPAPDDPAISEYRSTCPF,31
V182,TANPYQRGPDPTESSIEAVRGPFAVAQTTVSRLDASGFGGGTIYYPTDTSQGTFGAVAISPGFTANQNSIAWLGPRIASQGFVVITIDTISRFDYPDSRGRQLQAALDYLTTDSTVRDRIDPNRMAVMGHSMGGGGALSAAANNPSLKAAIPLQGWHTRKDWSSVRVPTLIVGAELDTIAPVSSHSEAFYNSLPSSLPKAYMELRGASHTVSNTPNTTTAKYSIAWLKRFVDDDTRYEQFLCPAPDDPAISEYRSTCPF,47
V184,TANPYQRGPDPTESSIEAVRGPFAVAQTTVSRLDASGFGGGTIYYPTDTSQGTFGAVAISPGFTASQSAIAWLGPRIASQGFVVITIDTISRFDYPDSRGRQLQAALDYLTTDSTVRDRIDPNRMAVMGHSMGGGGALSAAANNPSLKAAIPLQGWHTRKDWSSVRVPTLIVGAELDTIAPVSSYSEAFYNSLPSSLPKAYMELRGASHTVSNTPNTTTAKYSIAWLKRFVDDDTRYEQFLCPAPDDPAISEYRSTCPF,93
V185,TANPYQRGPDPTESSIEAVRGPFAVAQTTVSRLDASGFGGGTIYYPTDTSQGTFGAVAISPGFTAGQSSIAWLGPRIASQGFVVITIDTISRFDYPDSRGRQLQAALDYLTTDSTVRDRIDPNRMAVMGHSMGGGGALSAAANNPSLKAAIPLQGWHTRKDWSSVRVPTLIVGAELDTIAPVSSHSEAFYNSLPSSLPKAYMELRGASHTVSNTPNTTTAKYSIAWLKRFVDDDTRYEQFLCPAPDDPAISEYRSTCPF,79
V186,TANPYQRGPDPTESSIEAVRGPFAVAQTTVSRLDASGFGGGTIYYPTDTSQGTFGAVAISPGFTAGQSSIAWLGPRIASQGFVVITIDTISSFDQPDSRGRQLQAALDYLTTDSTVRDRIDPNRMAVMGHSMGGGGALSAAANNPSLKAAIPLQGWHTRKDWSSVRVPTLIVGAELDTIAPVSSYSEAFYNSLPSSLPKAYMELRGASHLVSNTPNTTTAKYSIAWLKRFVDDDTRYEQFLCPAPDDPAISEYRSTCPF,51
V187,TANPYQRGPDPTESSIEAVRGPFAVAQTTVSRLDASGFGGGTIYYPTDTSQGTFGAVAISPGFNAGQSAIAWLGPRIASQGFVVITIDTISRFDYPDSRGRQLQAALDYLTTDSTVRDRIDPNRMAVMGHSMGGGGALSAAANNPSLKAAIPLQGWHTRKDWSSVRVPTLIVGAELDTIAPVSSHSEAFYNSLPSSLPKAYMELRGASHLVSNTPNTTTAKYSIAWLKRFVDDDTRYEQFLCPAPDDPAISEYRSTCPF,7
V188,TANPYQRGPDPTESSIEAVRGPFAVAQTTVSRLDASGFGGGTIYYPTDTSQGTFGAVAISPGFLAGQSSIAWLGPRIASQGFVVITIDTISRFDYPDSRGRQLQAALDYLTTDSTVRDRIDPNRMAVMGHSMGGGGALSAAANNPSLKAAIPLQGWHTRKDWSSVRVPTLIVGAELDTIAPVSSHSEAFYNSLPSSLPKAYMELRGASHTVSNTPNTTTAKYSIAWLKRFVDDDTRYEQFLCPAPDDPAISEYRSTCPF,21
V189,TANPYQRGPDPTESSIEAVRGPFAVAQTTVSRLDASGFGGGTIYYPTDTSQGTFGAVAISPGFTATQESIAWLGPRIASQGFVVITIDTISRFDYPDSRGRQLQAALDYLTTDSTVRDRIDPNRMAVMGHSMGGGGALSAAANNPSLKAAIPLQGWHTRKDWSSVRVPTLIVGAELDTIAPVSSHSEAFYNSLPSSLPKAYMELRGASHTVSNTPNTTTAKYSIAWLKRFVDDDTRYEQFLCPAPDDPAISEYRSTCPF,64
V190,TANPYQRGPDPTESSIEAVRGPFAVAQTTVSRLDASGFGGGTIYYPTDTSQGTFGAVAISPGFLAGQNAIAWLGPRIASQGFVVITIDTISRFDYPDSRGRQLQAALDYLTTDSTVRDRIDPNRMAVMGHSMGGGGALSAAANNPSLKAAIPLQGWHTRKDWSSVRVPTLIVGAELDTIAPVSSNSEAFYNSLPSSLPKAYMELRGASHTVSNTPNTTTAKYSIAWLKRFVDDDTRYEQFLCPAPDDPAISEYRSTCPF,48
V191,TANPYQRGPDPTESSIEAVRGPFAVAQTTVSRLDASGFGGGTIYYPTDTSQGTFGAVAISPGFLASQEAIAWLGPRIASQGFVVITIDTISKFDQPDSRGRQLQAALDYLTTDSTVRDRIDPNRMAVMGHSMGGGGALSAAANNPSLKAAIPLQGWHTRKDWSSVRVPTLIVGAELDTIAPVSSHSEAFYNSLPSSLPKAYMELRGASHTVSNTPNTTTAKYSIAWLKRFVDDDTRYEQFLCPAPDDPAISEYRSTCPF,24
V192,TANPYQRGPDPTESSIEAVRGPFAVAQTTVSRLDASGFGGGTIYYPTDTSQGTFGAVAISPGFTAGQSSIAWLGPRIASQGFVVITIDTISRLDYPDSRGRQLQAALDYLTTDSTVRDRIDPNRMAVMGHSMGGGGALSAAANNPSLKAAIPLQGWHTRKDWSSVRVPTLIVGAELDTIAPVSSNSEAFYNSLPSSLPKAYMELRGASHTVSNTPNTTTAKYSIAWLKRFVDDDTRYEQFLCPAPDDPAISEYRSTCPF,116
V193,TANPYQRGPDPTESSIEAVRGPFAVAQTTVSRLDASGFGGGTIYYPTDTSQGTFGAVAISPGFTAGQSSIAWLGPRIASQGFVVITIDTISRFDYPDSRGRQLQAALDYLTTDSTVRDRIDPNRMAVMGHSMGGGGALSAAANNPSLKAAIPLQGWHTRKDWSSVRVPTLIVGAELDTIAPVSSNSEAFYNSLPSSLPKAYMELRGASHLVSNTPNTTTAKYSIAWLKRFVDDDTRYEQFLCPAPDDPAISEYRSTCPF,131
V194,TANPYQRGPDPTESSIEAVRGPFAVAQTTVSRLDASGFGGGTIYYPTDTSQGTFGAVAISPGFTAGQSSIAWLGPRIASQGFVVITIDTISSLDYPDSRGRQLQAALDYLTTDSTVRDRIDPNRMAVMGHSMGGGGALSAAANNPSLKAAIPLQGWHTRKDWSSVRVPTLIVGAELDTIAPVSSHSEAFYNSLPSSLPKAYMELRGASHTVSNTPNTTTAKYSIAWLKRFVDDDTRYEQFLCPAPDDPAISEYRSTCPF,23
V195,TANPYQRGPDPTESSIEAVRGPFAVAQTTVSRLDASGFGGGTIYYPTDTSQGTFGAVAISPGFTAGQSSIAWLGPRIASQGFVVITIDTISRFDYPDSRGRQLQAALDYLTTDSTVRDRIDPNRMAVMGHSMGGGGALSAAANNPSLKAAIPLQGWHTRKDWSSVRVPTLIVGAELDTIAPVSSHSEAFYNSLPSSLPKAYMELRGASHTVSNTPNTTTAKYSIAWLKRFVDDDTRYEQFLCPAPDDPAISEYRSTCPF,71
V196,TANPYQRGPDPTESSIEAVRGPFAVAQTTVSRLDASGFGGGTIYYPTDTSQGTFGAVAISPGFLAGQKSIAWLGPRIASQGFVVITIDTISSFDQPDSRGRQLQAALDYLTTDSTVRDRIDPNRMAVMGHSMGGGGALSAAANNPSLKAAIPLQGWHTRKDWSSVRVPTLIVGAELDTIAPVSSYSEAFYNSLPSSLPKAYMELRGASHTVSNTPNTTTAKYSIAWLKRFVDDDTRYEQFLCPAPDDPAISEYRSTCPF,70
V197,TANPYQRGPDPTESSIEAVRGPFAVAQTTVSRLDASGFGGGTIYYPTDTSQGTFGAVAISPGFTAGQSSIAWLGPRIASQGFVVITIDTISRFDQPDSRGRQLQAALDYLTTDSTVRDRIDPNRMAVMGHSMGGGGALSAAANNPSLKAAIPLQGWHTRKDWSSVRVPTLIVGAELDTIAPVSSYSEAFYNSLPSSLPKAYMELRGASHLVSNTPNTTTAKYSIAWLKRFVDDDTRYEQFLCPAPDDPAISEYRSTCPF,60
V198,TANPYQRGPDPTESSIEAVRGPFAVAQTTVSRLDASGFGGGTIYYPTDTSQGTFGAVAISPGFLAGQKSIAWLGPRIASQGFVVITIDTISKFDYPDSRGRQLQAALDYLTTDSTVRDRIDPNRMAVMGHSMGGGGALSAAANNPSLKAAIPLQGWHTRKDWSSVRVPTLIVGAELDTIAPVSSHSEAFYNSLPSSLPKAYMELRGASHTVSNTPNTTTAKYSIAWLKRFVDDDTRYEQFLCPAPDDPAISEYRSTCPF,17
V199,TANPYQRGPDPTESSIEAVRGPFAVAQTTVSRLDASGFGGGTIYYPTDTSQGTFGAVAISPGFLASQSAIAWLGPRIASQGFVVITIDTISRFDYPDSRGRQLQAALDYLTTDSTVRDRIDPNRMAVMGHSMGGGGALSAAANNPSLKAAIPLQGWHTRKDWSSVRVPTLIVGAELDTIAPVSSHSEAFYNSLPSSLPKAYMELRGASHTVSNTPNTTTAKYSIAWLKRFVDDDTRYEQFLCPAPDDPAISEYRSTCPF,19
V200,TANPYQRGPDPTESSIEAVRGPFAVAQTTVSRLDASGFGGGTIYYPTDTSQGTFGAVAISPGFLANQSAIAWLGPRIASQGFVVITIDTISRFDYPDSRGRQLQAALDYLTTDSTVRDRIDPNRMAVMGHSMGGGGALSAAANNPSLKAAIPLQGWHTRKDWSSVRVPTLIVGAELDTIAPVSSYSEAFYNSLPSSLPKAYMELRGASHTVSNTPNTTTAKYSIAWLKRFVDDDTRYEQFLCPAPDDPAISEYRSTCPF,31
V201,TANPYQRGPDPTESSIEAVRGPFAVAQTTVSRLDASGFGGGTIYYPTDTSQGTFGAVAISPGFNASQSAIAWLGPRIASQGFVVITIDTISRLDYPDSRGRQLQAALDYLTTDSTVRDRIDPNRMAVMGHSMGGGGALSAAANNPSLKAAIPLQGWHTRKDWSSVRVPTLIVGAELDTIAPVSSHSEAFYNSLPSSLPKAYMELRGASHLVSNTPNTTTAKYSIAWLKRFVDDDTRYEQFLCPAPDDPAISEYRSTCPF,9
V202,TANPYQRGPDPTESSIEAVRGPFAVAQTTVSRLDASGFGGGTIYYPTDTSQGTFGAVAISPGFLATQKAIAWLGPRIASQGFVVITIDTISSFDYPDSRGRQLQAALDYLTTDSTVRDRIDPNRMAVMGHSMGGGGALSAAANNPSLKAAIPLQGWHTRKDWSSVRVPTLIVGAELDTIAPVSSHSEAFYNSLPSSLPKAYMELRGASHLVSNTPNTTTAKYSIAWLKRFVDDDTRYEQFLCPAPDDPAISEYRSTCPF,24
V203,TANPYQRGPDPTESSIEAVRGPFAVAQTTVSRLDASGFGGGTIYYPTDTSQGTFGAVAISPGFTAGQSAIAWLGPRIASQGFVVITIDTISSLDYPDSRGRQLQAALDYLTTDSTVRDRIDPNRMAVMGHSMGGGGALSAAANNPSLKAAIPLQGWHTRKDWSSVRVPTLIVGAELDTIAPVSSYSEAFYNSLPSSLPKAYMELRGASHLVSNTPNTTTAKYSIAWLKRFVDDDTRYEQFLCPAPDDPAISEYRSTCPF,27
V204,TANPYQRGPDPTESSIEAVRGPFAVAQTTVSRLDASGFGGGTIYYPTDTSQGTFGAVAISPGFLASQSAIAWLGPRIASQGFVVITIDTISRFDYPDSRGRQLQAALDYLTTDSTVRDRIDPNRMAVMGHSMGGGGALSAAANNPSLKAAIPLQGWHTRKDWSSVRVPTLIVGAELDTIAPVSSHSEAFYNSLPSSLPKAYMELRGASHTVSNTPNTTTAKYSIAWLKRFVDDDTRYEQFLCPAPDDPAISEYRSTCPF,21
V205,TANPYQRGPDPTESSIEAVRGPFAVAQTTVSRLDASGFGGGTIYYPTDTSQGTFGAVAISPGFTATQNAIAWLGPRIASQGFVVITIDTISSFDYPDSRGRQLQAALDYLTTDSTVRDRIDPNRMAVMGHSMGGGGALSAAANNPSLKAAIPLQGWHTRKDWSSVRVPTLIVGAELDTIAPVSSHSEAFYNSLPSSLPKAYMELRGASHLVSNTPNTTTAKYSIAWLKRFVDDDTRYEQFLCPAPDDPAISEYRSTCPF,33
V206,TANPYQRGPDPTESSIEAVRGPFAVAQTTVSRLDASGFGGGTIYYPTDTSQGTFGAVAISPGFLANQSSIAWLGPRIASQGFVVITIDTISKFDQPDSRGRQLQAALDYLTTDSTVRDRIDPNRMAVMGHSMGGGGALSAAANNPSLKAAIPLQGWHTRKDWSSVRVPTLIVGAELDTIAPVSSHSEAFYNSLPSSLPKAYMELRGASHTVSNTPNTTTAKYSIAWLKRFVDDDTRYEQFLCPAPDDPAISEYRSTCPF,51
V207,TANPYQRGPDPTESSIEAVRGPFAVAQTTVSRLDASGFGGGTIYYPTDTSQGTFGAVAISPGFTAGQSSIAWLGPRIASQGFVVITIDTISRFDYPDSRGRQLQAALDYLTTDSTVRDRIDPNRMAVMGHSMGGGGALSAAANNPSLKAAIPLQGWHTRKDWSSVRVPTLIVGAELDTIAPVSSHSEAFYNSLPSSLPKAYMELRGASHTVSNTPNTTTAKYSIAWLKRFVDDDTRYEQFLCPAPDDPAISEYRSTCPF,71
V208,TANPYQRGPDPTESSIEAVRGPFAVAQTTVSRLDASGFGGGTIYYPTDTSQGTFGAVAISPGFLAGQSAIAWLGPRIASQGFVVITIDTISRFDYPDSRGRQLQAALDYLTTDSTVRDRIDPNRMAVMGHSMGGGGALSAAANNPSLKAAIPLQGWHTRKDWSSVRVPTLIVGAELDTIAPVSSHSEAFYNSLPSSLPKAYMELRGASHTVSNTPNTTTAKYSIAWLKRFVDDDTRYEQFLCPAPDDPAISEYRSTCPF,26
V209,TANPYQRGPDPTESSIEAVRGPFAVAQTTVSRLDASGFGGGTIYYPTDTSQGTFGAVAISPGFLAGQSAIAWLGPRIASQGFVVITIDTISRFDYPDSRGRQLQAALDYLTTDSTVRDRIDPNRMAVMGHSMGGGGALSAAANNPSLKAAIPLQGWHTRKDWSSVRVPTLIVGAELDTIAPVSSHSEAFYNSLPSSLPKAYMELRGASHTVSNTPNTTTAKYSIAWLKRFVDDDTRYEQFLCPAPDDPAISEYRSTCPF,29
V210,TANPYQRGPDPTESSIEAVRGPFAVAQTTVSRLDASGFGGGTIYYPTDTSQGTFGAVAISPGFTAGQSSIAWLGPRIASQGFVVITIDTISRFDYPDSRGRQLQAALDYLTTDSTVRDRIDPNRMAVMGHSMGGGGALSAAANNPSLKAAIPLQGWHTRKDWSSVRVPTLIVGAELDTIAPVSSHSEAFYNSLPSSLPKAYMELRGASHTVSNTPNTTTAKYSIAWLKRFVDDDTRYEQFLCPAPDDPAISEYRSTCPF,91
V211,TANPYQRGPDPTESSIEAVRGPFAVAQTTVSRLDASGFGGGTIYYPTDTSQGTFGAVAISPGFLATQSAIAWLGPRIASQGFVVITIDTISSLDYPDSRGRQLQAALDYLTTDSTVRDRIDPNRMAVMGHSMGGGGALSAAANNPSLKAAIPLQGWHTRKDWSSVRVPTLIVGAELDTIAPVSSHSEAFYNSLPSSLPKAYMELRGASHTVSNTPNTTTAKYSIAWLKRFVDDDTRYEQFLCPAPDDPAISEYRSTCPF,15
V212,TANPYQRGPDPTESSIEAVRGPFAVAQTTVSRLDASGFGGGTIYYPTDTSQGTFGAVAISPGFTAGQSSIAWLGPRIASQGFVVITIDTISRFDQPDSRGRQLQAALDYLTTDSTVRDRIDPNRMAVMGHSMGGGGALSAAANNPSLKAAIPLQGWHTRKDWSSVRVPTLIVGAELDTIAPVSSHSEAFYNSLPSSLPKAYMELRGASHTVSNTPNTTTAKYSIAWLKRFVDDDTRYEQFLCPAPDDPAISEYRSTCPF,63
V213,TANPYQRGPDPTESSIEAVRGPFAVAQTTVSRLDASGFGGGTIYYPTDTSQGTFGAVAISPGFTAGQKAIAWLGPRIASQGFVVITIDTISRFDQPDSRGRQLQAALDYLTTDSTVRDRIDPNRMAVMGHSMGGGGALSAAANNPSLKAAIPLQGWHTRKDWSSVRVPTLIVGAELDTIAPVSSHSEAFYNSLPSSLPKAYMELRGASHTVSNTPNTTTAKYSIAWLKRFVDDDTRYEQFLCPAPDDPAISEYRSTCPF,38
V214,TANPYQRGPDPTESSIEAVRGPFAVAQTTVSRLDASGFGGGTIYYPTDTSQGTFGAVAISPGFTAGQEAIAWLGPRIASQGFVVITIDTISRLDYPDSRGRQLQAALDYLTTDSTVRDRIDPNRMAVMGHSMGGGGALSAAANNPSLKAAIPLQGWHTRKDWSSVRVPTLIVGAELDTIAPVSSHSEAFYNSLPSSLPKAYMELRGASHLVSNTPNTTTAKYSIAWLKRFVDDDTRYEQFLCPAPDDPAISEYRSTCPF,36
V215,TANPYQRGPDPTESSIEAVRGPFAVAQTTVSRLDASGFGGGTIYYPTDTSQGTFGAVAISPGFLAGQESIAWLGPRIASQGFVVITIDTISRLDQPDSRGRQLQAALDYLTTDSTVRDRIDPNRMAVMGHSMGGGGALSAAANNPSLKAAIPLQGWHTRKDWSSVRVPTLIVGAELDTIAPVSSHSEAFYNSLPSSLPKAYMELRGASHTVSNTPNTTTAKYSIAWLKRFVDDDTRYEQFLCPAPDDPAISEYRSTCPF,54
V217,TANPYQRGPDPTESSIEAVRGPFAVAQTTVSRLDASGFGGGTIYYPTDTSQGTFGAVAISPGFTAGQSSIAWLGPRIASQGFVVITIDTISKFDYPDSRGRQLQAALDYLTTDSTVRDRIDPNRMAVMGHSMGGGGALSAAANNPSLKAAIPLQGWHTRKDWSSVRVPTLIVGAELDTIAPVSSHSEAFYNSLPSSLPKAYMELRGASHTVSNTPNTTTAKYSIAWLKRFVDDDTRYEQFLCPAPDDPAISEYRSTCPF,73
V218,TANPYQRGPDPTESSIEAVRGPFAVAQTTVSRLDASGFGGGTIYYPTDTSQGTFGAVAISPGFTATQSSIAWLGPRIASQGFVVITIDTISSFDYPDSRGRQLQAALDYLTTDSTVRDRIDPNRMAVMGHSMGGGGALSAAANNPSLKAAIPLQGWHTRKDWSSVRVPTLIVGAELDTIAPVSSNSEAFYNSLPSSLPKAYMELRGASHTVSNTPNTTTAKYSIAWLKRFVDDDTRYEQFLCPAPDDPAISEYRSTCPF,59
V219,TANPYQRGPDPTESSIEAVRGPFAVAQTTVSRLDASGFGGGTIYYPTDTSQGTFGAVAISPGFTASQSAIAWLGPRIASQGFVVITIDTISRFDYPDSRGRQLQAALDYLTTDSTVRDRIDPNRMAVMGHSMGGGGALSAAANNPSLKAAIPLQGWHTRKDWSSVRVPTLIVGAELDTIAPVSSHSEAFYNSLPSSLPKAYMELRGASHLVSNTPNTTTAKYSIAWLKRFVDDDTRYEQFLCPAPDDPAISEYRSTCPF,65
V220,TANPYQRGPDPTESSIEAVRGPFAVAQTTVSRLDASGFGGGTIYYPTDTSQGTFGAVAISPGFTAGQSSIAWLGPRIASQGFVVITIDTISRFDYPDSRGRQLQAALDYLTTDSTVRDRIDPNRMAVMGHSMGGGGALSAAANNPSLKAAIPLQGWHTRKDWSSVRVPTLIVGAELDTIAPVSSHSEAFYNSLPSSLPKAYMELRGASHTVSNTPNTTTAKYSIAWLKRFVDDDTRYEQFLCPAPDDPAISEYRSTCPF,80
V221,TANPYQRGPDPTESSIEAVRGPFAVAQTTVSRLDASGFGGGTIYYPTDTSQGTFGAVAISPGFLASQNAIAWLGPRIASQGFVVITIDTISKFDYPDSRGRQLQAALDYLTTDSTVRDRIDPNRMAVMGHSMGGGGALSAAANNPSLKAAIPLQGWHTRKDWSSVRVPTLIVGAELDTIAPVSSHSEAFYNSLPSSLPKAYMELRGASHLVSNTPNTTTAKYSIAWLKRFVDDDTRYEQFLCPAPDDPAISEYRSTCPF,39
V222,TANPYQRGPDPTESSIEAVRGPFAVAQTTVSRLDASGFGGGTIYYPTDTSQGTFGAVAISPGFTAGQKAIAWLGPRIASQGFVVITIDTISRFDYPDSRGRQLQAALDYLTTDSTVRDRIDPNRMAVMGHSMGGGGALSAAANNPSLKAAIPLQGWHTRKDWSSVRVPTLIVGAELDTIAPVSSHSEAFYNSLPSSLPKAYMELRGASHTVSNTPNTTTAKYSIAWLKRFVDDDTRYEQFLCPAPDDPAISEYRSTCPF,21
V223,TANPYQRGPDPTESSIEAVRGPFAVAQTTVSRLDASGFGGGTIYYPTDTSQGTFGAVAISPGFTAGQSSIAWLGPRIASQGFVVITIDTISKFDYPDSRGRQLQAALDYLTTDSTVRDRIDPNRMAVMGHSMGGGGALSAAANNPSLKAAIPLQGWHTRKDWSSVRVPTLIVGAELDTIAPVSSHSEAFYNSLPSSLPKAYMELRGASHTVSNTPNTTTAKYSIAWLKRFVDDDTRYEQFLCPAPDDPAISEYRSTCPF,79
V224,TANPYQRGPDPTESSIEAVRGPFAVAQTTVSRLDASGFGGGTIYYPTDTSQGTFGAVAISPGFTATQSSIAWLGPRIASQGFVVITIDTISRFDYPDSRGRQLQAALDYLTTDSTVRDRIDPNRMAVMGHSMGGGGALSAAANNPSLKAAIPLQGWHTRKDWSSVRVPTLIVGAELDTIAPVSSHSEAFYNSLPSSLPKAYMELRGASHLVSNTPNTTTAKYSIAWLKRFVDDDTRYEQFLCPAPDDPAISEYRSTCPF,71
V225,TANPYQRGPDPTESSIEAVRGPFAVAQTTVSRLDASGFGGGTIYYPTDTSQGTFGAVAISPGFTASQEAIAWLGPRIASQGFVVITIDTISRFDQPDSRGRQLQAALDYLTTDSTVRDRIDPNRMAVMGHSMGGGGALSAAANNPSLKAAIPLQGWHTRKDWSSVRVPTLIVGAELDTIAPVSSHSEAFYNSLPSSLPKAYMELRGASHTVSNTPNTTTAKYSIAWLKRFVDDDTRYEQFLCPAPDDPAISEYRSTCPF,43
V226,TANPYQRGPDPTESSIEAVRGPFAVAQTTVSRLDASGFGGGTIYYPTDTSQGTFGAVAISPGFTAGQSSIAWLGPRIASQGFVVITIDTISSLDYPDSRGRQLQAALDYLTTDSTVRDRIDPNRMAVMGHSMGGGGALSAAANNPSLKAAIPLQGWHTRKDWSSVRVPTLIVGAELDTIAPVSSHSEAFYNSLPSSLPKAYMELRGASHLVSNTPNTTTAKYSIAWLKRFVDDDTRYEQFLCPAPDDPAISEYRSTCPF,46
V229,TANPYQRGPDPTESSIEAVRGPFAVAQTTVSRLDASGFGGGTIYYPTDTSQGTFGAVAISPGFLAGQSSIAWLGPRIASQGFVVITIDTISKLDQPDSRGRQLQAALDYLTTDSTVRDRIDPNRMAVMGHSMGGGGALSAAANNPSLKAAIPLQGWHTRKDWSSVRVPTLIVGAELDTIAPVSSHSEAFYNSLPSSLPKAYMELRGASHTVSNTPNTTTAKYSIAWLKRFVDDDTRYEQFLCPAPDDPAISEYRSTCPF,50
V230,TANPYQRGPDPTESSIEAVRGPFAVAQTTVSRLDASGFGGGTIYYPTDTSQGTFGAVAISPGFLAGQEAIAWLGPRIASQGFVVITIDTISRFDYPDSRGRQLQAALDYLTTDSTVRDRIDPNRMAVMGHSMGGGGALSAAANNPSLKAAIPLQGWHTRKDWSSVRVPTLIVGAELDTIAPVSSHSEAFYNSLPSSLPKAYMELRGASHTVSNTPNTTTAKYSIAWLKRFVDDDTRYEQFLCPAPDDPAISEYRSTCPF,18
V231,TANPYQRGPDPTESSIEAVRGPFAVAQTTVSRLDASGFGGGTIYYPTDTSQGTFGAVAISPGFLASQKAIAWLGPRIASQGFVVITIDTISSFDYPDSRGRQLQAALDYLTTDSTVRDRIDPNRMAVMGHSMGGGGALSAAANNPSLKAAIPLQGWHTRKDWSSVRVPTLIVGAELDTIAPVSSHSEAFYNSLPSSLPKAYMELRGASHTVSNTPNTTTAKYSIAWLKRFVDDDTRYEQFLCPAPDDPAISEYRSTCPF,21
V234,TANPYQRGPDPTESSIEAVRGPFAVAQTTVSRLDASGFGGGTIYYPTDTSQGTFGAVAISPGFLASQSAIAWLGPRIASQGFVVITIDTISRFDQPDSRGRQLQAALDYLTTDSTVRDRIDPNRMAVMGHSMGGGGALSAAANNPSLKAAIPLQGWHTRKDWSSVRVPTLIVGAELDTIAPVSSNSEAFYNSLPSSLPKAYMELRGASHLVSNTPNTTTAKYSIAWLKRFVDDDTRYEQFLCPAPDDPAISEYRSTCPF,81
V235,TANPYQRGPDPTESSIEAVRGPFAVAQTTVSRLDASGFGGGTIYYPTDTSQGTFGAVAISPGFTASQEAIAWLGPRIASQGFVVITIDTISSFDQPDSRGRQLQAALDYLTTDSTVRDRIDPNRMAVMGHSMGGGGALSAAANNPSLKAAIPLQGWHTRKDWSSVRVPTLIVGAELDTIAPVSSNSEAFYNSLPSSLPKAYMELRGASHTVSNTPNTTTAKYSIAWLKRFVDDDTRYEQFLCPAPDDPAISEYRSTCPF,0
V236,TANPYQRGPDPTESSIEAVRGPFAVAQTTVSRLDASGFGGGTIYYPTDTSQGTFGAVAISPGFTAGQSSIAWLGPRIASQGFVVITIDTISEFDYPDSRGRQLQAALDYLTTDSTVRDRIDPNRMAVMGHSMGGGGALSAAANNPSLKAAIPLQGWHTRKDWSSVRVPTLIVGAELDTIAPVSSHSEAFYNSLPSSLPKAYMELRGASHTVSNTPNTTTAKYSIAWLKRFVDDDTRYEQFLCPAPDDPAISEYRSTCPF,6
V237,TANPYQRGPDPTESSIEAVRGPFAVAQTTVSRLDASGFGGGTIYYPTDTSQGTFGAVAISPGFTAGQSSIAWLGPRIASQGFVVITIDTISSFDQPDSRGRQLQAALDYLTTDSTVRDRIDPNRMAVMGHSMGGGGALSAAANNPSLKAAIPLQGWHTRKDWSSVRVPTLIVGAELDTIAPVSSHSEAFYNSLPSSLPKAYMELRGASHTVSNTPNTTTAKYSIAWLKRFVDDDTRYEQFLCPAPDDPAISEYRSTCPF,59
V241,TANPYQRGPDPTESSIEAVRGPFAVAQTTVSRLDASGFGGGTIYYPTDTSQGTFGAVAISPGFTAGQKSIAWLGPRIASQGFVVITIDTISSLDQPDSRGRQLQAALDYLTTDSTVRDRIDPNRMAVMGHSMGGGGALSAAANNPSLKAAIPLQGWHTRKDWSSVRVPTLIVGAELDTIAPVSSNSEAFYNSLPSSLPKAYMELRGASHTVSNTPNTTTAKYSIAWLKRFVDDDTRYEQFLCPAPDDPAISEYRSTCPF,4
V240,TANPYQRGPDPTESSIEAVRGPFAVAQTTVSRLDASGFGGGTIYYPTDTSQGTFGAVAISPGFLASQSAIAWLGPRIASQGFVVITIDTISELDYPDSRGRQLQAALDYLTTDSTVRDRIDPNRMAVMGHSMGGGGALSAAANNPSLKAAIPLQGWHTRKDWSSVRVPTLIVGAELDTIAPVSSHSEAFYNSLPSSLPKAYMELRGASHLVSNTPNTTTAKYSIAWLKRFVDDDTRYEQFLCPAPDDPAISEYRSTCPF,59
V246,TANPYQRGPDPTESSIEAVRGPFAVAQTTVSRLDASGFGGGTIYYPTDTSQGTFGAVAISPGFTATQNSIAWLGPRIASQGFVVITIDTISSLDQPDSRGRQLQAALDYLTTDSTVRDRIDPNRMAVMGHSMGGGGALSAAANNPSLKAAIPLQGWHTRKDWSSVRVPTLIVGAELDTIAPVSSNSEAFYNSLPSSLPKAYMELRGASHTVSNTPNTTTAKYSIAWLKRFVDDDTRYEQFLCPAPDDPAISEYRSTCPF,37
V247,TANPYQRGPDPTESSIEAVRGPFAVAQTTVSRLDASGFGGGTIYYPTDTSQGTFGAVAISPGFLATQKAIAWLGPRIASQGFVVITIDTISRFDYPDSRGRQLQAALDYLTTDSTVRDRIDPNRMAVMGHSMGGGGALSAAANNPSLKAAIPLQGWHTRKDWSSVRVPTLIVGAELDTIAPVSSHSEAFYNSLPSSLPKAYMELRGASHLVSNTPNTTTAKYSIAWLKRFVDDDTRYEQFLCPAPDDPAISEYRSTCPF,11
V251,TANPYQRGPDPTESSIEAVRGPFAVAQTTVSRLDASGFGGGTIYYPTDTSQGTFGAVAISPGFLAGQSAIAWLGPRIASQGFVVITIDTISRFDYPDSRGRQLQAALDYLTTDSTVRDRIDPNRMAVMGHSMGGGGALSAAANNPSLKAAIPLQGWHTRKDWSSVRVPTLIVGAELDTIAPVSSNSEAFYNSLPSSLPKAYMELRGASHTVSNTPNTTTAKYSIAWLKRFVDDDTRYEQFLCPAPDDPAISEYRSTCPF,63
V252,TANPYQRGPDPTESSIEAVRGPFAVAQTTVSRLDASGFGGGTIYYPTDTSQGTFGAVAISPGFTAGQSSIAWLGPRIASQGFVVITIDTISRFDYPDSRGRQLQAALDYLTTDSTVRDRIDPNRMAVMGHSMGGGGALSAAANNPSLKAAIPLQGWHTRKDWSSVRVPTLIVGAELDTIAPVSSHSEAFYNSLPSSLPKAYMELRGASHTVSNTPNTTTAKYSIAWLKRFVDDDTRYEQFLCPAPDDPAISEYRSTCPF,92
V253,TANPYQRGPDPTESSIEAVRGPFAVAQTTVSRLDASGFGGGTIYYPTDTSQGTFGAVAISPGFTAGQSSIAWLGPRIASQGFVVITIDTISRFDYPDSRGRQLQAALDYLTTDSTVRDRIDPNRMAVMGHSMGGGGALSAAANNPSLKAAIPLQGWHTRKDWSSVRVPTLIVGAELDTIAPVSSHSEAFYNSLPSSLPKAYMELRGASHTVSNTPNTTTAKYSIAWLKRFVDDDTRYEQFLCPAPDDPAISEYRSTCPF,89
V254,TANPYQRGPDPTESSIEAVRGPFAVAQTTVSRLDASGFGGGTIYYPTDTSQGTFGAVAISPGFTASQSSIAWLGPRIASQGFVVITIDTISRFDYPDSRGRQLQAALDYLTTDSTVRDRIDPNRMAVMGHSMGGGGALSAAANNPSLKAAIPLQGWHTRKDWSSVRVPTLIVGAELDTIAPVSSHSEAFYNSLPSSLPKAYMELRGASHLVSNTPNTTTAKYSIAWLKRFVDDDTRYEQFLCPAPDDPAISEYRSTCPF,86
V255,TANPYQRGPDPTESSIEAVRGPFAVAQTTVSRLDASGFGGGTIYYPTDTSQGTFGAVAISPGFNAGQKSIAWLGPRIASQGFVVITIDTISRFDYPDSRGRQLQAALDYLTTDSTVRDRIDPNRMAVMGHSMGGGGALSAAANNPSLKAAIPLQGWHTRKDWSSVRVPTLIVGAELDTIAPVSSHSEAFYNSLPSSLPKAYMELRGASHLVSNTPNTTTAKYSIAWLKRFVDDDTRYEQFLCPAPDDPAISEYRSTCPF,65
V256,TANPYQRGPDPTESSIEAVRGPFAVAQTTVSRLDASGFGGGTIYYPTDTSQGTFGAVAISPGFTATQNAIAWLGPRIASQGFVVITIDTISELDQPDSRGRQLQAALDYLTTDSTVRDRIDPNRMAVMGHSMGGGGALSAAANNPSLKAAIPLQGWHTRKDWSSVRVPTLIVGAELDTIAPVSSYSEAFYNSLPSSLPKAYMELRGASHTVSNTPNTTTAKYSIAWLKRFVDDDTRYEQFLCPAPDDPAISEYRSTCPF,4
V257,TANPYQRGPDPTESSIEAVRGPFAVAQTTVSRLDASGFGGGTIYYPTDTSQGTFGAVAISPGFLAGQSSIAWLGPRIASQGFVVITIDTISKFDQPDSRGRQLQAALDYLTTDSTVRDRIDPNRMAVMGHSMGGGGALSAAANNPSLKAAIPLQGWHTRKDWSSVRVPTLIVGAELDTIAPVSSHSEAFYNSLPSSLPKAYMELRGASHTVSNTPNTTTAKYSIAWLKRFVDDDTRYEQFLCPAPDDPAISEYRSTCPF,70
V258,TANPYQRGPDPTESSIEAVRGPFAVAQTTVSRLDASGFGGGTIYYPTDTSQGTFGAVAISPGFTAGQSSIAWLGPRIASQGFVVITIDTISELDQPDSRGRQLQAALDYLTTDSTVRDRIDPNRMAVMGHSMGGGGALSAAANNPSLKAAIPLQGWHTRKDWSSVRVPTLIVGAELDTIAPVSSHSEAFYNSLPSSLPKAYMELRGASHTVSNTPNTTTAKYSIAWLKRFVDDDTRYEQFLCPAPDDPAISEYRSTCPF,4
V260,TANPYQRGPDPTESSIEAVRGPFAVAQTTVSRLDASGFGGGTIYYPTDTSQGTFGAVAISPGFTAGQSSIAWLGPRIASQGFVVITIDTISRFDYPDSRGRQLQAALDYLTTDSTVRDRIDPNRMAVMGHSMGGGGALSAAANNPSLKAAIPLQGWHTRKDWSSVRVPTLIVGAELDTIAPVSSYSEAFYNSLPSSLPKAYMELRGASHTVSNTPNTTTAKYSIAWLKRFVDDDTRYEQFLCPAPDDPAISEYRSTCPF,114
V263,TANPYQRGPDPTESSIEAVRGPFAVAQTTVSRLDASGFGGGTIYYPTDTSQGTFGAVAISPGFTAGQSSIAWLGPRIASQGFVVITIDTISRFDYPDSRGRQLQAALDYLTTDSTVRDRIDPNRMAVMGHSMGGGGALSAAANNPSLKAAIPLQGWHTRKDWSSVRVPTLIVGAELDTIAPVSSHSEAFYNSLPSSLPKAYMELRGASHTVSNTPNTTTAKYSIAWLKRFVDDDTRYEQFLCPAPDDPAISEYRSTCPF,86
V265,TANPYQRGPDPTESSIEAVRGPFAVAQTTVSRLDASGFGGGTIYYPTDTSQGTFGAVAISPGFLAGQSSIAWLGPRIASQGFVVITIDTISRFDYPDSRGRQLQAALDYLTTDSTVRDRIDPNRMAVMGHSMGGGGALSAAANNPSLKAAIPLQGWHTRKDWSSVRVPTLIVGAELDTIAPVSSHSEAFYNSLPSSLPKAYMELRGASHLVSNTPNTTTAKYSIAWLKRFVDDDTRYEQFLCPAPDDPAISEYRSTCPF,38
V266,TANPYQRGPDPTESSIEAVRGPFAVAQTTVSRLDASGFGGGTIYYPTDTSQGTFGAVAISPGFTAGQSAIAWLGPRIASQGFVVITIDTISSFDYPDSRGRQLQAALDYLTTDSTVRDRIDPNRMAVMGHSMGGGGALSAAANNPSLKAAIPLQGWHTRKDWSSVRVPTLIVGAELDTIAPVSSHSEAFYNSLPSSLPKAYMELRGASHTVSNTPNTTTAKYSIAWLKRFVDDDTRYEQFLCPAPDDPAISEYRSTCPF,20
V267,TANPYQRGPDPTESSIEAVRGPFAVAQTTVSRLDASGFGGGTIYYPTDTSQGTFGAVAISPGFTAGQKSIAWLGPRIASQGFVVITIDTISSLDQPDSRGRQLQAALDYLTTDSTVRDRIDPNRMAVMGHSMGGGGALSAAANNPSLKAAIPLQGWHTRKDWSSVRVPTLIVGAELDTIAPVSSYSEAFYNSLPSSLPKAYMELRGASHTVSNTPNTTTAKYSIAWLKRFVDDDTRYEQFLCPAPDDPAISEYRSTCPF,65
V268,TANPYQRGPDPTESSIEAVRGPFAVAQTTVSRLDASGFGGGTIYYPTDTSQGTFGAVAISPGFTAGQSSIAWLGPRIASQGFVVITIDTISRFDYPDSRGRQLQAALDYLTTDSTVRDRIDPNRMAVMGHSMGGGGALSAAANNPSLKAAIPLQGWHTRKDWSSVRVPTLIVGAELDTIAPVSSHSEAFYNSLPSSLPKAYMELRGASHTVSNTPNTTTAKYSIAWLKRFVDDDTRYEQFLCPAPDDPAISEYRSTCPF,80
V269,TANPYQRGPDPTESSIEAVRGPFAVAQTTVSRLDASGFGGGTIYYPTDTSQGTFGAVAISPGFLAGQSAIAWLGPRIASQGFVVITIDTISSLDQPDSRGRQLQAALDYLTTDSTVRDRIDPNRMAVMGHSMGGGGALSAAANNPSLKAAIPLQGWHTRKDWSSVRVPTLIVGAELDTIAPVSSHSEAFYNSLPSSLPKAYMELRGASHLVSNTPNTTTAKYSIAWLKRFVDDDTRYEQFLCPAPDDPAISEYRSTCPF,17
V271,TANPYQRGPDPTESSIEAVRGPFAVAQTTVSRLDASGFGGGTIYYPTDTSQGTFGAVAISPGFTAGQSSIAWLGPRIASQGFVVITIDTISRFDYPDSRGRQLQAALDYLTTDSTVRDRIDPNRMAVMGHSMGGGGALSAAANNPSLKAAIPLQGWHTRKDWSSVRVPTLIVGAELDTIAPVSSHSEAFYNSLPSSLPKAYMELRGASHTVSNTPNTTTAKYSIAWLKRFVDDDTRYEQFLCPAPDDPAISEYRSTCPF,88
V272,TANPYQRGPDPTESSIEAVRGPFAVAQTTVSRLDASGFGGGTIYYPTDTSQGTFGAVAISPGFTAGQSSIAWLGPRIASQGFVVITIDTISKLDYPDSRGRQLQAALDYLTTDSTVRDRIDPNRMAVMGHSMGGGGALSAAANNPSLKAAIPLQGWHTRKDWSSVRVPTLIVGAELDTIAPVSSNSEAFYNSLPSSLPKAYMELRGASHTVSNTPNTTTAKYSIAWLKRFVDDDTRYEQFLCPAPDDPAISEYRSTCPF,114
V273,TANPYQRGPDPTESSIEAVRGPFAVAQTTVSRLDASGFGGGTIYYPTDTSQGTFGAVAISPGFTAGQNAIAWLGPRIASQGFVVITIDTISRFDYPDSRGRQLQAALDYLTTDSTVRDRIDPNRMAVMGHSMGGGGALSAAANNPSLKAAIPLQGWHTRKDWSSVRVPTLIVGAELDTIAPVSSHSEAFYNSLPSSLPKAYMELRGASHTVSNTPNTTTAKYSIAWLKRFVDDDTRYEQFLCPAPDDPAISEYRSTCPF,73
V274,TANPYQRGPDPTESSIEAVRGPFAVAQTTVSRLDASGFGGGTIYYPTDTSQGTFGAVAISPGFTAGQSAIAWLGPRIASQGFVVITIDTISELDQPDSRGRQLQAALDYLTTDSTVRDRIDPNRMAVMGHSMGGGGALSAAANNPSLKAAIPLQGWHTRKDWSSVRVPTLIVGAELDTIAPVSSYSEAFYNSLPSSLPKAYMELRGASHLVSNTPNTTTAKYSIAWLKRFVDDDTRYEQFLCPAPDDPAISEYRSTCPF,0
V280,TANPYQRGPDPTESSIEAVRGPFAVAQTTVSRLDASGFGGGTIYYPTDTSQGTFGAVAISPGFTAGQSAIAWLGPRIASQGFVVITIDTISSFDQPDSRGRQLQAALDYLTTDSTVRDRIDPNRMAVMGHSMGGGGALSAAANNPSLKAAIPLQGWHTRKDWSSVRVPTLIVGAELDTIAPVSSNSEAFYNSLPSSLPKAYMELRGASHLVSNTPNTTTAKYSIAWLKRFVDDDTRYEQFLCPAPDDPAISEYRSTCPF,49
V283,TANPYQRGPDPTESSIEAVRGPFAVAQTTVSRLDASGFGGGTIYYPTDTSQGTFGAVAISPGFTAGQSSIAWLGPRIASQGFVVITIDTISRFDQPDSRGRQLQAALDYLTTDSTVRDRIDPNRMAVMGHSMGGGGALSAAANNPSLKAAIPLQGWHTRKDWSSVRVPTLIVGAELDTIAPVSSHSEAFYNSLPSSLPKAYMELRGASHLVSNTPNTTTAKYSIAWLKRFVDDDTRYEQFLCPAPDDPAISEYRSTCPF,92
V288,TANPYQRGPDPTESSIEAVRGPFAVAQTTVSRLDASGFGGGTIYYPTDTSQGTFGAVAISPGFLAGQSAIAWLGPRIASQGFVVITIDTISSFDYPDSRGRQLQAALDYLTTDSTVRDRIDPNRMAVMGHSMGGGGALSAAANNPSLKAAIPLQGWHTRKDWSSVRVPTLIVGAELDTIAPVSSHSEAFYNSLPSSLPKAYMELRGASHTVSNTPNTTTAKYSIAWLKRFVDDDTRYEQFLCPAPDDPAISEYRSTCPF,14
V290,TANPYQRGPDPTESSIEAVRGPFAVAQTTVSRLDASGFGGGTIYYPTDTSQGTFGAVAISPGFLASQESIAWLGPRIASQGFVVITIDTISRFDYPDSRGRQLQAALDYLTTDSTVRDRIDPNRMAVMGHSMGGGGALSAAANNPSLKAAIPLQGWHTRKDWSSVRVPTLIVGAELDTIAPVSSHSEAFYNSLPSSLPKAYMELRGASHLVSNTPNTTTAKYSIAWLKRFVDDDTRYEQFLCPAPDDPAISEYRSTCPF,63
V291,TANPYQRGPDPTESSIEAVRGPFAVAQTTVSRLDASGFGGGTIYYPTDTSQGTFGAVAISPGFTATQKAIAWLGPRIASQGFVVITIDTISRFDYPDSRGRQLQAALDYLTTDSTVRDRIDPNRMAVMGHSMGGGGALSAAANNPSLKAAIPLQGWHTRKDWSSVRVPTLIVGAELDTIAPVSSHSEAFYNSLPSSLPKAYMELRGASHTVSNTPNTTTAKYSIAWLKRFVDDDTRYEQFLCPAPDDPAISEYRSTCPF,76
V292,TANPYQRGPDPTESSIEAVRGPFAVAQTTVSRLDASGFGGGTIYYPTDTSQGTFGAVAISPGFLAGQEAIAWLGPRIASQGFVVITIDTISSFDQPDSRGRQLQAALDYLTTDSTVRDRIDPNRMAVMGHSMGGGGALSAAANNPSLKAAIPLQGWHTRKDWSSVRVPTLIVGAELDTIAPVSSHSEAFYNSLPSSLPKAYMELRGASHLVSNTPNTTTAKYSIAWLKRFVDDDTRYEQFLCPAPDDPAISEYRSTCPF,1
V293,TANPYQRGPDPTESSIEAVRGPFAVAQTTVSRLDASGFGGGTIYYPTDTSQGTFGAVAISPGFLAGQSAIAWLGPRIASQGFVVITIDTISRFDQPDSRGRQLQAALDYLTTDSTVRDRIDPNRMAVMGHSMGGGGALSAAANNPSLKAAIPLQGWHTRKDWSSVRVPTLIVGAELDTIAPVSSHSEAFYNSLPSSLPKAYMELRGASHLVSNTPNTTTAKYSIAWLKRFVDDDTRYEQFLCPAPDDPAISEYRSTCPF,24
V294,TANPYQRGPDPTESSIEAVRGPFAVAQTTVSRLDASGFGGGTIYYPTDTSQGTFGAVAISPGFTAGQNSIAWLGPRIASQGFVVITIDTISRFDYPDSRGRQLQAALDYLTTDSTVRDRIDPNRMAVMGHSMGGGGALSAAANNPSLKAAIPLQGWHTRKDWSSVRVPTLIVGAELDTIAPVSSHSEAFYNSLPSSLPKAYMELRGASHLVSNTPNTTTAKYSIAWLKRFVDDDTRYEQFLCPAPDDPAISEYRSTCPF,96
V295,TANPYQRGPDPTESSIEAVRGPFAVAQTTVSRLDASGFGGGTIYYPTDTSQGTFGAVAISPGFLANQKAIAWLGPRIASQGFVVITIDTISSFDQPDSRGRQLQAALDYLTTDSTVRDRIDPNRMAVMGHSMGGGGALSAAANNPSLKAAIPLQGWHTRKDWSSVRVPTLIVGAELDTIAPVSSNSEAFYNSLPSSLPKAYMELRGASHTVSNTPNTTTAKYSIAWLKRFVDDDTRYEQFLCPAPDDPAISEYRSTCPF,54
V296,TANPYQRGPDPTESSIEAVRGPFAVAQTTVSRLDASGFGGGTIYYPTDTSQGTFGAVAISPGFTAGQEAIAWLGPRIASQGFVVITIDTISKLDQPDSRGRQLQAALDYLTTDSTVRDRIDPNRMAVMGHSMGGGGALSAAANNPSLKAAIPLQGWHTRKDWSSVRVPTLIVGAELDTIAPVSSNSEAFYNSLPSSLPKAYMELRGASHLVSNTPNTTTAKYSIAWLKRFVDDDTRYEQFLCPAPDDPAISEYRSTCPF,53
V297,TANPYQRGPDPTESSIEAVRGPFAVAQTTVSRLDASGFGGGTIYYPTDTSQGTFGAVAISPGFTAGQSSIAWLGPRIASQGFVVITIDTISRLDYPDSRGRQLQAALDYLTTDSTVRDRIDPNRMAVMGHSMGGGGALSAAANNPSLKAAIPLQGWHTRKDWSSVRVPTLIVGAELDTIAPVSSHSEAFYNSLPSSLPKAYMELRGASHTVSNTPNTTTAKYSIAWLKRFVDDDTRYEQFLCPAPDDPAISEYRSTCPF,84
V298,TANPYQRGPDPTESSIEAVRGPFAVAQTTVSRLDASGFGGGTIYYPTDTSQGTFGAVAISPGFTAGQSSIAWLGPRIASQGFVVITIDTISRFDQPDSRGRQLQAALDYLTTDSTVRDRIDPNRMAVMGHSMGGGGALSAAANNPSLKAAIPLQGWHTRKDWSSVRVPTLIVGAELDTIAPVSSYSEAFYNSLPSSLPKAYMELRGASHTVSNTPNTTTAKYSIAWLKRFVDDDTRYEQFLCPAPDDPAISEYRSTCPF,115
V299,TANPYQRGPDPTESSIEAVRGPFAVAQTTVSRLDASGFGGGTIYYPTDTSQGTFGAVAISPGFTAGQSSIAWLGPRIASQGFVVITIDTISRFDQPDSRGRQLQAALDYLTTDSTVRDRIDPNRMAVMGHSMGGGGALSAAANNPSLKAAIPLQGWHTRKDWSSVRVPTLIVGAELDTIAPVSSHSEAFYNSLPSSLPKAYMELRGASHLVSNTPNTTTAKYSIAWLKRFVDDDTRYEQFLCPAPDDPAISEYRSTCPF,91
V300,TANPYQRGPDPTESSIEAVRGPFAVAQTTVSRLDASGFGGGTIYYPTDTSQGTFGAVAISPGFLATQNSIAWLGPRIASQGFVVITIDTISKLDYPDSRGRQLQAALDYLTTDSTVRDRIDPNRMAVMGHSMGGGGALSAAANNPSLKAAIPLQGWHTRKDWSSVRVPTLIVGAELDTIAPVSSHSEAFYNSLPSSLPKAYMELRGASHTVSNTPNTTTAKYSIAWLKRFVDDDTRYEQFLCPAPDDPAISEYRSTCPF,58
V301,TANPYQRGPDPTESSIEAVRGPFAVAQTTVSRLDASGFGGGTIYYPTDTSQGTFGAVAISPGFLAGQKAIAWLGPRIASQGFVVITIDTISRFDQPDSRGRQLQAALDYLTTDSTVRDRIDPNRMAVMGHSMGGGGALSAAANNPSLKAAIPLQGWHTRKDWSSVRVPTLIVGAELDTIAPVSSHSEAFYNSLPSSLPKAYMELRGASHTVSNTPNTTTAKYSIAWLKRFVDDDTRYEQFLCPAPDDPAISEYRSTCPF,14
V302,TANPYQRGPDPTESSIEAVRGPFAVAQTTVSRLDASGFGGGTIYYPTDTSQGTFGAVAISPGFTAGQSSIAWLGPRIASQGFVVITIDTISSLDQPDSRGRQLQAALDYLTTDSTVRDRIDPNRMAVMGHSMGGGGALSAAANNPSLKAAIPLQGWHTRKDWSSVRVPTLIVGAELDTIAPVSSHSEAFYNSLPSSLPKAYMELRGASHTVSNTPNTTTAKYSIAWLKRFVDDDTRYEQFLCPAPDDPAISEYRSTCPF,24
V303,TANPYQRGPDPTESSIEAVRGPFAVAQTTVSRLDASGFGGGTIYYPTDTSQGTFGAVAISPGFNASQSAIAWLGPRIASQGFVVITIDTISRFDYPDSRGRQLQAALDYLTTDSTVRDRIDPNRMAVMGHSMGGGGALSAAANNPSLKAAIPLQGWHTRKDWSSVRVPTLIVGAELDTIAPVSSHSEAFYNSLPSSLPKAYMELRGASHTVSNTPNTTTAKYSIAWLKRFVDDDTRYEQFLCPAPDDPAISEYRSTCPF,7
V304,TANPYQRGPDPTESSIEAVRGPFAVAQTTVSRLDASGFGGGTIYYPTDTSQGTFGAVAISPGFLASQKSIAWLGPRIASQGFVVITIDTISRLDQPDSRGRQLQAALDYLTTDSTVRDRIDPNRMAVMGHSMGGGGALSAAANNPSLKAAIPLQGWHTRKDWSSVRVPTLIVGAELDTIAPVSSHSEAFYNSLPSSLPKAYMELRGASHLVSNTPNTTTAKYSIAWLKRFVDDDTRYEQFLCPAPDDPAISEYRSTCPF,0
V305,TANPYQRGPDPTESSIEAVRGPFAVAQTTVSRLDASGFGGGTIYYPTDTSQGTFGAVAISPGFNAGQSAIAWLGPRIASQGFVVITIDTISRFDYPDSRGRQLQAALDYLTTDSTVRDRIDPNRMAVMGHSMGGGGALSAAANNPSLKAAIPLQGWHTRKDWSSVRVPTLIVGAELDTIAPVSSYSEAFYNSLPSSLPKAYMELRGASHTVSNTPNTTTAKYSIAWLKRFVDDDTRYEQFLCPAPDDPAISEYRSTCPF,19
V308,TANPYQRGPDPTESSIEAVRGPFAVAQTTVSRLDASGFGGGTIYYPTDTSQGTFGAVAISPGFLAGQNSIAWLGPRIASQGFVVITIDTISRFDYPDSRGRQLQAALDYLTTDSTVRDRIDPNRMAVMGHSMGGGGALSAAANNPSLKAAIPLQGWHTRKDWSSVRVPTLIVGAELDTIAPVSSHSEAFYNSLPSSLPKAYMELRGASHLVSNTPNTTTAKYSIAWLKRFVDDDTRYEQFLCPAPDDPAISEYRSTCPF,8
V309,TANPYQRGPDPTESSIEAVRGPFAVAQTTVSRLDASGFGGGTIYYPTDTSQGTFGAVAISPGFTAGQSSIAWLGPRIASQGFVVITIDTISRFDYPDSRGRQLQAALDYLTTDSTVRDRIDPNRMAVMGHSMGGGGALSAAANNPSLKAAIPLQGWHTRKDWSSVRVPTLIVGAELDTIAPVSSHSEAFYNSLPSSLPKAYMELRGASHTVSNTPNTTTAKYSIAWLKRFVDDDTRYEQFLCPAPDDPAISEYRSTCPF,56
V310,TANPYQRGPDPTESSIEAVRGPFAVAQTTVSRLDASGFGGGTIYYPTDTSQGTFGAVAISPGFTAGQESIAWLGPRIASQGFVVITIDTISSFDQPDSRGRQLQAALDYLTTDSTVRDRIDPNRMAVMGHSMGGGGALSAAANNPSLKAAIPLQGWHTRKDWSSVRVPTLIVGAELDTIAPVSSYSEAFYNSLPSSLPKAYMELRGASHLVSNTPNTTTAKYSIAWLKRFVDDDTRYEQFLCPAPDDPAISEYRSTCPF,28
V311,TANPYQRGPDPTESSIEAVRGPFAVAQTTVSRLDASGFGGGTIYYPTDTSQGTFGAVAISPGFTAGQSSIAWLGPRIASQGFVVITIDTISSFDYPDSRGRQLQAALDYLTTDSTVRDRIDPNRMAVMGHSMGGGGALSAAANNPSLKAAIPLQGWHTRKDWSSVRVPTLIVGAELDTIAPVSSHSEAFYNSLPSSLPKAYMELRGASHTVSNTPNTTTAKYSIAWLKRFVDDDTRYEQFLCPAPDDPAISEYRSTCPF,28
V312,TANPYQRGPDPTESSIEAVRGPFAVAQTTVSRLDASGFGGGTIYYPTDTSQGTFGAVAISPGFLANQNAIAWLGPRIASQGFVVITIDTISSLDQPDSRGRQLQAALDYLTTDSTVRDRIDPNRMAVMGHSMGGGGALSAAANNPSLKAAIPLQGWHTRKDWSSVRVPTLIVGAELDTIAPVSSHSEAFYNSLPSSLPKAYMELRGASHTVSNTPNTTTAKYSIAWLKRFVDDDTRYEQFLCPAPDDPAISEYRSTCPF,15
V313,TANPYQRGPDPTESSIEAVRGPFAVAQTTVSRLDASGFGGGTIYYPTDTSQGTFGAVAISPGFNASQNSIAWLGPRIASQGFVVITIDTISRFDYPDSRGRQLQAALDYLTTDSTVRDRIDPNRMAVMGHSMGGGGALSAAANNPSLKAAIPLQGWHTRKDWSSVRVPTLIVGAELDTIAPVSSNSEAFYNSLPSSLPKAYMELRGASHTVSNTPNTTTAKYSIAWLKRFVDDDTRYEQFLCPAPDDPAISEYRSTCPF,67
V314,TANPYQRGPDPTESSIEAVRGPFAVAQTTVSRLDASGFGGGTIYYPTDTSQGTFGAVAISPGFTASQEAIAWLGPRIASQGFVVITIDTISSFDQPDSRGRQLQAALDYLTTDSTVRDRIDPNRMAVMGHSMGGGGALSAAANNPSLKAAIPLQGWHTRKDWSSVRVPTLIVGAELDTIAPVSSNSEAFYNSLPSSLPKAYMELRGASHTVSNTPNTTTAKYSIAWLKRFVDDDTRYEQFLCPAPDDPAISEYRSTCPF,7
V315,TANPYQRGPDPTESSIEAVRGPFAVAQTTVSRLDASGFGGGTIYYPTDTSQGTFGAVAISPGFLASQESIAWLGPRIASQGFVVITIDTISRLDYPDSRGRQLQAALDYLTTDSTVRDRIDPNRMAVMGHSMGGGGALSAAANNPSLKAAIPLQGWHTRKDWSSVRVPTLIVGAELDTIAPVSSHSEAFYNSLPSSLPKAYMELRGASHLVSNTPNTTTAKYSIAWLKRFVDDDTRYEQFLCPAPDDPAISEYRSTCPF,27
V316,TANPYQRGPDPTESSIEAVRGPFAVAQTTVSRLDASGFGGGTIYYPTDTSQGTFGAVAISPGFLAGQSAIAWLGPRIASQGFVVITIDTISEFDQPDSRGRQLQAALDYLTTDSTVRDRIDPNRMAVMGHSMGGGGALSAAANNPSLKAAIPLQGWHTRKDWSSVRVPTLIVGAELDTIAPVSSHSEAFYNSLPSSLPKAYMELRGASHLVSNTPNTTTAKYSIAWLKRFVDDDTRYEQFLCPAPDDPAISEYRSTCPF,3
V317,TANPYQRGPDPTESSIEAVRGPFAVAQTTVSRLDASGFGGGTIYYPTDTSQGTFGAVAISPGFTAGQSSIAWLGPRIASQGFVVITIDTISRFDYPDSRGRQLQAALDYLTTDSTVRDRIDPNRMAVMGHSMGGGGALSAAANNPSLKAAIPLQGWHTRKDWSSVRVPTLIVGAELDTIAPVSSHSEAFYNSLPSSLPKAYMELRGASHTVSNTPNTTTAKYSIAWLKRFVDDDTRYEQFLCPAPDDPAISEYRSTCPF,28
V318,TANPYQRGPDPTESSIEAVRGPFAVAQTTVSRLDASGFGGGTIYYPTDTSQGTFGAVAISPGFTAGQSSIAWLGPRIASQGFVVITIDTISRFDYPDSRGRQLQAALDYLTTDSTVRDRIDPNRMAVMGHSMGGGGALSAAANNPSLKAAIPLQGWHTRKDWSSVRVPTLIVGAELDTIAPVSSHSEAFYNSLPSSLPKAYMELRGASHTVSNTPNTTTAKYSIAWLKRFVDDDTRYEQFLCPAPDDPAISEYRSTCPF,51
V319,TANPYQRGPDPTESSIEAVRGPFAVAQTTVSRLDASGFGGGTIYYPTDTSQGTFGAVAISPGFTAGQNAIAWLGPRIASQGFVVITIDTISRLDQPDSRGRQLQAALDYLTTDSTVRDRIDPNRMAVMGHSMGGGGALSAAANNPSLKAAIPLQGWHTRKDWSSVRVPTLIVGAELDTIAPVSSHSEAFYNSLPSSLPKAYMELRGASHTVSNTPNTTTAKYSIAWLKRFVDDDTRYEQFLCPAPDDPAISEYRSTCPF,16
V320,TANPYQRGPDPTESSIEAVRGPFAVAQTTVSRLDASGFGGGTIYYPTDTSQGTFGAVAISPGFTATQSSIAWLGPRIASQGFVVITIDTISSFDYPDSRGRQLQAALDYLTTDSTVRDRIDPNRMAVMGHSMGGGGALSAAANNPSLKAAIPLQGWHTRKDWSSVRVPTLIVGAELDTIAPVSSNSEAFYNSLPSSLPKAYMELRGASHTVSNTPNTTTAKYSIAWLKRFVDDDTRYEQFLCPAPDDPAISEYRSTCPF,65
V321,TANPYQRGPDPTESSIEAVRGPFAVAQTTVSRLDASGFGGGTIYYPTDTSQGTFGAVAISPGFLAGQKAIAWLGPRIASQGFVVITIDTISRFDYPDSRGRQLQAALDYLTTDSTVRDRIDPNRMAVMGHSMGGGGALSAAANNPSLKAAIPLQGWHTRKDWSSVRVPTLIVGAELDTIAPVSSHSEAFYNSLPSSLPKAYMELRGASHTVSNTPNTTTAKYSIAWLKRFVDDDTRYEQFLCPAPDDPAISEYRSTCPF,1
V322,TANPYQRGPDPTESSIEAVRGPFAVAQTTVSRLDASGFGGGTIYYPTDTSQGTFGAVAISPGFTAGQSSIAWLGPRIASQGFVVITIDTISRFDYPDSRGRQLQAALDYLTTDSTVRDRIDPNRMAVMGHSMGGGGALSAAANNPSLKAAIPLQGWHTRKDWSSVRVPTLIVGAELDTIAPVSSHSEAFYNSLPSSLPKAYMELRGASHTVSNTPNTTTAKYSIAWLKRFVDDDTRYEQFLCPAPDDPAISEYRSTCPF,49
V323,TANPYQRGPDPTESSIEAVRGPFAVAQTTVSRLDASGFGGGTIYYPTDTSQGTFGAVAISPGFTAGQSSIAWLGPRIASQGFVVITIDTISEFDQPDSRGRQLQAALDYLTTDSTVRDRIDPNRMAVMGHSMGGGGALSAAANNPSLKAAIPLQGWHTRKDWSSVRVPTLIVGAELDTIAPVSSHSEAFYNSLPSSLPKAYMELRGASHTVSNTPNTTTAKYSIAWLKRFVDDDTRYEQFLCPAPDDPAISEYRSTCPF,1
V324,TANPYQRGPDPTESSIEAVRGPFAVAQTTVSRLDASGFGGGTIYYPTDTSQGTFGAVAISPGFTAGQSSIAWLGPRIASQGFVVITIDTISRLDQPDSRGRQLQAALDYLTTDSTVRDRIDPNRMAVMGHSMGGGGALSAAANNPSLKAAIPLQGWHTRKDWSSVRVPTLIVGAELDTIAPVSSHSEAFYNSLPSSLPKAYMELRGASHLVSNTPNTTTAKYSIAWLKRFVDDDTRYEQFLCPAPDDPAISEYRSTCPF,51
V325,TANPYQRGPDPTESSIEAVRGPFAVAQTTVSRLDASGFGGGTIYYPTDTSQGTFGAVAISPGFLAGQNAIAWLGPRIASQGFVVITIDTISSFDYPDSRGRQLQAALDYLTTDSTVRDRIDPNRMAVMGHSMGGGGALSAAANNPSLKAAIPLQGWHTRKDWSSVRVPTLIVGAELDTIAPVSSHSEAFYNSLPSSLPKAYMELRGASHTVSNTPNTTTAKYSIAWLKRFVDDDTRYEQFLCPAPDDPAISEYRSTCPF,9
V326,TANPYQRGPDPTESSIEAVRGPFAVAQTTVSRLDASGFGGGTIYYPTDTSQGTFGAVAISPGFLAGQKSIAWLGPRIASQGFVVITIDTISSLDQPDSRGRQLQAALDYLTTDSTVRDRIDPNRMAVMGHSMGGGGALSAAANNPSLKAAIPLQGWHTRKDWSSVRVPTLIVGAELDTIAPVSSNSEAFYNSLPSSLPKAYMELRGASHTVSNTPNTTTAKYSIAWLKRFVDDDTRYEQFLCPAPDDPAISEYRSTCPF,95
V327,TANPYQRGPDPTESSIEAVRGPFAVAQTTVSRLDASGFGGGTIYYPTDTSQGTFGAVAISPGFTANQSSIAWLGPRIASQGFVVITIDTISSFDYPDSRGRQLQAALDYLTTDSTVRDRIDPNRMAVMGHSMGGGGALSAAANNPSLKAAIPLQGWHTRKDWSSVRVPTLIVGAELDTIAPVSSHSEAFYNSLPSSLPKAYMELRGASHTVSNTPNTTTAKYSIAWLKRFVDDDTRYEQFLCPAPDDPAISEYRSTCPF,35
V328,TANPYQRGPDPTESSIEAVRGPFAVAQTTVSRLDASGFGGGTIYYPTDTSQGTFGAVAISPGFLAGQKSIAWLGPRIASQGFVVITIDTISEFDQPDSRGRQLQAALDYLTTDSTVRDRIDPNRMAVMGHSMGGGGALSAAANNPSLKAAIPLQGWHTRKDWSSVRVPTLIVGAELDTIAPVSSHSEAFYNSLPSSLPKAYMELRGASHTVSNTPNTTTAKYSIAWLKRFVDDDTRYEQFLCPAPDDPAISEYRSTCPF,21
V329,TANPYQRGPDPTESSIEAVRGPFAVAQTTVSRLDASGFGGGTIYYPTDTSQGTFGAVAISPGFLANQEAIAWLGPRIASQGFVVITIDTISKLDYPDSRGRQLQAALDYLTTDSTVRDRIDPNRMAVMGHSMGGGGALSAAANNPSLKAAIPLQGWHTRKDWSSVRVPTLIVGAELDTIAPVSSHSEAFYNSLPSSLPKAYMELRGASHTVSNTPNTTTAKYSIAWLKRFVDDDTRYEQFLCPAPDDPAISEYRSTCPF,34
V330,TANPYQRGPDPTESSIEAVRGPFAVAQTTVSRLDASGFGGGTIYYPTDTSQGTFGAVAISPGFTASQKAIAWLGPRIASQGFVVITIDTISEFDYPDSRGRQLQAALDYLTTDSTVRDRIDPNRMAVMGHSMGGGGALSAAANNPSLKAAIPLQGWHTRKDWSSVRVPTLIVGAELDTIAPVSSYSEAFYNSLPSSLPKAYMELRGASHLVSNTPNTTTAKYSIAWLKRFVDDDTRYEQFLCPAPDDPAISEYRSTCPF,4
V331,TANPYQRGPDPTESSIEAVRGPFAVAQTTVSRLDASGFGGGTIYYPTDTSQGTFGAVAISPGFLAGQSSIAWLGPRIASQGFVVITIDTISRFDYPDSRGRQLQAALDYLTTDSTVRDRIDPNRMAVMGHSMGGGGALSAAANNPSLKAAIPLQGWHTRKDWSSVRVPTLIVGAELDTIAPVSSHSEAFYNSLPSSLPKAYMELRGASHTVSNTPNTTTAKYSIAWLKRFVDDDTRYEQFLCPAPDDPAISEYRSTCPF,6
V332,TANPYQRGPDPTESSIEAVRGPFAVAQTTVSRLDASGFGGGTIYYPTDTSQGTFGAVAISPGFLAGQESIAWLGPRIASQGFVVITIDTISRFDYPDSRGRQLQAALDYLTTDSTVRDRIDPNRMAVMGHSMGGGGALSAAANNPSLKAAIPLQGWHTRKDWSSVRVPTLIVGAELDTIAPVSSHSEAFYNSLPSSLPKAYMELRGASHTVSNTPNTTTAKYSIAWLKRFVDDDTRYEQFLCPAPDDPAISEYRSTCPF,35
V333,TANPYQRGPDPTESSIEAVRGPFAVAQTTVSRLDASGFGGGTIYYPTDTSQGTFGAVAISPGFTAGQSSIAWLGPRIASQGFVVITIDTISRFDYPDSRGRQLQAALDYLTTDSTVRDRIDPNRMAVMGHSMGGGGALSAAANNPSLKAAIPLQGWHTRKDWSSVRVPTLIVGAELDTIAPVSSHSEAFYNSLPSSLPKAYMELRGASHTVSNTPNTTTAKYSIAWLKRFVDDDTRYEQFLCPAPDDPAISEYRSTCPF,81
V334,TANPYQRGPDPTESSIEAVRGPFAVAQTTVSRLDASGFGGGTIYYPTDTSQGTFGAVAISPGFLANQESIAWLGPRIASQGFVVITIDTISRFDYPDSRGRQLQAALDYLTTDSTVRDRIDPNRMAVMGHSMGGGGALSAAANNPSLKAAIPLQGWHTRKDWSSVRVPTLIVGAELDTIAPVSSHSEAFYNSLPSSLPKAYMELRGASHTVSNTPNTTTAKYSIAWLKRFVDDDTRYEQFLCPAPDDPAISEYRSTCPF,37
V335,TANPYQRGPDPTESSIEAVRGPFAVAQTTVSRLDASGFGGGTIYYPTDTSQGTFGAVAISPGFTAGQESIAWLGPRIASQGFVVITIDTISRFDYPDSRGRQLQAALDYLTTDSTVRDRIDPNRMAVMGHSMGGGGALSAAANNPSLKAAIPLQGWHTRKDWSSVRVPTLIVGAELDTIAPVSSHSEAFYNSLPSSLPKAYMELRGASHTVSNTPNTTTAKYSIAWLKRFVDDDTRYEQFLCPAPDDPAISEYRSTCPF,69
