Code,Protein_Seq,Tm,Tm_stdev
R4M10,TANPYQRGPDPTESSIEAVRGPFAVAQTTVSRLDASGFGGGTIYYPTDTSQGTFGAVAISPGFTAGQSSIAWLGPRIASQGFVVITIDTISRFDYPDSRGRQLQAALDYLTTDSTVRDRIDPNRMAVMGHSMGGGGALSAAANNPSLKAAIPLQGWHTRKDWSSVRVPTLIVGAELDTIAPVSSHSEAFYNSLPSSLPKAYMELRGASHTVSNTPNTTTAKYSIAWLKRFVDDDTRYEQFLCPAPDDPAISEYRSTCPF,91.03,0.08
V1,TANPYQRGPDPTESSIEAVRGPFAVAQTTVSRLDASGFGGGTIYYPTDTSQGTFGAVAISPGFLAGQKAIAWLGPRIASQGFVVITIDTISRFDYPDSRGRQLQAALDYLTTDSTVRDRIDPNRMAVMGHSMGGGGALSAAANNPSLKAAIPLQGWHTRKDWSSVRVPTLIVGAELDTIAPVSSHSEAFYNSLPSSLPKAYMELRGASHTVSNTPNTTTAKYSIAWLKRFVDDDTRYEQFLCPAPDDPAISEYRSTCPF,95,
V2,TANPYQRGPDPTESSIEAVRGPFAVAQTTVSRLDASGFGGGTIYYPTDTSQGTFGAVAISPGFLAGQSAIAWLGPRIASQGFVVITIDTISRLDQPDSRGRQLQAALDYLTTDSTVRDRIDPNRMAVMGHSMGGGGALSAAANNPSLKAAIPLQGWHTRKDWSSVRVPTLIVGAELDTIAPVSSNSEAFYNSLPSSLPKAYMELRGASHLVSNTPNTTTAKYSIAWLKRFVDDDTRYEQFLCPAPDDPAISEYRSTCPF,87.44,0.05
V3,TANPYQRGPDPTESSIEAVRGPFAVAQTTVSRLDASGFGGGTIYYPTDTSQGTFGAVAISPGFNAGQSAIAWLGPRIASQGFVVITIDTISRLDQPDSRGRQLQAALDYLTTDSTVRDRIDPNRMAVMGHSMGGGGALSAAANNPSLKAAIPLQGWHTRKDWSSVRVPTLIVGAELDTIAPVSSHSEAFYNSLPSSLPKAYMELRGASHLVSNTPNTTTAKYSIAWLKRFVDDDTRYEQFLCPAPDDPAISEYRSTCPF,90.16,0.06
V4,TANPYQRGPDPTESSIEAVRGPFAVAQTTVSRLDASGFGGGTIYYPTDTSQGTFGAVAISPGFLATQNAIAWLGPRIASQGFVVITIDTISRFDQPDSRGRQLQAALDYLTTDSTVRDRIDPNRMAVMGHSMGGGGALSAAANNPSLKAAIPLQGWHTRKDWSSVRVPTLIVGAELDTIAPVSSHSEAFYNSLPSSLPKAYMELRGASHTVSNTPNTTTAKYSIAWLKRFVDDDTRYEQFLCPAPDDPAISEYRSTCPF,95,
V5,TANPYQRGPDPTESSIEAVRGPFAVAQTTVSRLDASGFGGGTIYYPTDTSQGTFGAVAISPGFLATQESIAWLGPRIASQGFVVITIDTISELDQPDSRGRQLQAALDYLTTDSTVRDRIDPNRMAVMGHSMGGGGALSAAANNPSLKAAIPLQGWHTRKDWSSVRVPTLIVGAELDTIAPVSSHSEAFYNSLPSSLPKAYMELRGASHTVSNTPNTTTAKYSIAWLKRFVDDDTRYEQFLCPAPDDPAISEYRSTCPF,91.42,0.12
V6,TANPYQRGPDPTESSIEAVRGPFAVAQTTVSRLDASGFGGGTIYYPTDTSQGTFGAVAISPGFLAGQKSIAWLGPRIASQGFVVITIDTISEFDQPDSRGRQLQAALDYLTTDSTVRDRIDPNRMAVMGHSMGGGGALSAAANNPSLKAAIPLQGWHTRKDWSSVRVPTLIVGAELDTIAPVSSNSEAFYNSLPSSLPKAYMELRGASHLVSNTPNTTTAKYSIAWLKRFVDDDTRYEQFLCPAPDDPAISEYRSTCPF,87.49,0.06
V8,TANPYQRGPDPTESSIEAVRGPFAVAQTTVSRLDASGFGGGTIYYPTDTSQGTFGAVAISPGFLATQNSIAWLGPRIASQGFVVITIDTISSLDQPDSRGRQLQAALDYLTTDSTVRDRIDPNRMAVMGHSMGGGGALSAAANNPSLKAAIPLQGWHTRKDWSSVRVPTLIVGAELDTIAPVSSHSEAFYNSLPSSLPKAYMELRGASHLVSNTPNTTTAKYSIAWLKRFVDDDTRYEQFLCPAPDDPAISEYRSTCPF,89.35,0.1
V9,TANPYQRGPDPTESSIEAVRGPFAVAQTTVSRLDASGFGGGTIYYPTDTSQGTFGAVAISPGFLATQEAIAWLGPRIASQGFVVITIDTISRFDYPDSRGRQLQAALDYLTTDSTVRDRIDPNRMAVMGHSMGGGGALSAAANNPSLKAAIPLQGWHTRKDWSSVRVPTLIVGAELDTIAPVSSHSEAFYNSLPSSLPKAYMELRGASHTVSNTPNTTTAKYSIAWLKRFVDDDTRYEQFLCPAPDDPAISEYRSTCPF,95,
V11,TANPYQRGPDPTESSIEAVRGPFAVAQTTVSRLDASGFGGGTIYYPTDTSQGTFGAVAISPGFTAGQSSIAWLGPRIASQGFVVITIDTISRFDYPDSRGRQLQAALDYLTTDSTVRDRIDPNRMAVMGHSMGGGGALSAAANNPSLKAAIPLQGWHTRKDWSSVRVPTLIVGAELDTIAPVSSHSEAFYNSLPSSLPKAYMELRGASHLVSNTPNTTTAKYSIAWLKRFVDDDTRYEQFLCPAPDDPAISEYRSTCPF,89.78,0.1
V12,TANPYQRGPDPTESSIEAVRGPFAVAQTTVSRLDASGFGGGTIYYPTDTSQGTFGAVAISPGFTATQEAIAWLGPRIASQGFVVITIDTISRFDYPDSRGRQLQAALDYLTTDSTVRDRIDPNRMAVMGHSMGGGGALSAAANNPSLKAAIPLQGWHTRKDWSSVRVPTLIVGAELDTIAPVSSHSEAFYNSLPSSLPKAYMELRGASHSVSNTPNTTTAKYSIAWLKRFVDDDTRYEQFLCPAPDDPAISEYRSTCPF,95,
V13,TANPYQRGPDPTESSIEAVRGPFAVAQTTVSRLDASGFGGGTIYYPTDTSQGTFGAVAISPGFNAGQSAIAWLGPRIASQGFVVITIDTISKFDYPDSRGRQLQAALDYLTTDSTVRDRIDPNRMAVMGHSMGGGGALSAAANNPSLKAAIPLQGWHTRKDWSSVRVPTLIVGAELDTIAPVSSHSEAFYNSLPSSLPKAYMELRGASHTVSNTPNTTTAKYSIAWLKRFVDDDTRYEQFLCPAPDDPAISEYRSTCPF,95,
V14,TANPYQRGPDPTESSIEAVRGPFAVAQTTVSRLDASGFGGGTIYYPTDTSQGTFGAVAISPGFLANQNSIAWLGPRIASQGFVVITIDTISKFDQPDSRGRQLQAALDYLTTDSTVRDRIDPNRMAVMGHSMGGGGALSAAANNPSLKAAIPLQGWHTRKDWSSVRVPTLIVGAELDTIAPVSSHSEAFYNSLPSSLPKAYMELRGASHTVSNTPNTTTAKYSIAWLKRFVDDDTRYEQFLCPAPDDPAISEYRSTCPF,91.99,0.37
V15,TANPYQRGPDPTESSIEAVRGPFAVAQTTVSRLDASGFGGGTIYYPTDTSQGTFGAVAISPGFLAGQEAIAWLGPRIASQGFVVITIDTISSFDQPDSRGRQLQAALDYLTTDSTVRDRIDPNRMAVMGHSMGGGGALSAAANNPSLKAAIPLQGWHTRKDWSSVRVPTLIVGAELDTIAPVSSYSEAFYNSLPSSLPKAYMELRGASHLVSNTPNTTTAKYSIAWLKRFVDDDTRYEQFLCPAPDDPAISEYRSTCPF,90.61,0.16
V16,TANPYQRGPDPTESSIEAVRGPFAVAQTTVSRLDASGFGGGTIYYPTDTSQGTFGAVAISPGFTAGQSSIAWLGPRIASQGFVVITIDTISRLDYPDSRGRQLQAALDYLTTDSTVRDRIDPNRMAVMGHSMGGGGALSAAANNPSLKAAIPLQGWHTRKDWSSVRVPTLIVGAELDTIAPVSSYSEAFYNSLPSSLPKAYMELRGASHTVSNTPNTTTAKYSIAWLKRFVDDDTRYEQFLCPAPDDPAISEYRSTCPF,90.2,0.09
V18,TANPYQRGPDPTESSIEAVRGPFAVAQTTVSRLDASGFGGGTIYYPTDTSQGTFGAVAISPGFLAGQKSIAWLGPRIASQGFVVITIDTISRFDYPDSRGRQLQAALDYLTTDSTVRDRIDPNRMAVMGHSMGGGGALSAAANNPSLKAAIPLQGWHTRKDWSSVRVPTLIVGAELDTIAPVSSHSEAFYNSLPSSLPKAYMELRGASHTVSNTPNTTTAKYSIAWLKRFVDDDTRYEQFLCPAPDDPAISEYRSTCPF,95,
V19,TANPYQRGPDPTESSIEAVRGPFAVAQTTVSRLDASGFGGGTIYYPTDTSQGTFGAVAISPGFTAGQSSIAWLGPRIASQGFVVITIDTISSFDQPDSRGRQLQAALDYLTTDSTVRDRIDPNRMAVMGHSMGGGGALSAAANNPSLKAAIPLQGWHTRKDWSSVRVPTLIVGAELDTIAPVSSHSEAFYNSLPSSLPKAYMELRGASHLVSNTPNTTTAKYSIAWLKRFVDDDTRYEQFLCPAPDDPAISEYRSTCPF,88.2,0.04
V20,TANPYQRGPDPTESSIEAVRGPFAVAQTTVSRLDASGFGGGTIYYPTDTSQGTFGAVAISPGFLANQKAIAWLGPRIASQGFVVITIDTISRFDYPDSRGRQLQAALDYLTTDSTVRDRIDPNRMAVMGHSMGGGGALSAAANNPSLKAAIPLQGWHTRKDWSSVRVPTLIVGAELDTIAPVSSHSEAFYNSLPSSLPKAYMELRGASHLVSNTPNTTTAKYSIAWLKRFVDDDTRYEQFLCPAPDDPAISEYRSTCPF,90.14,0.01
V21,TANPYQRGPDPTESSIEAVRGPFAVAQTTVSRLDASGFGGGTIYYPTDTSQGTFGAVAISPGFTAGQSSIAWLGPRIASQGFVVITIDTISRFDYPDSRGRQLQAALDYLTTDSTVRDRIDPNRMAVMGHSMGGGGALSAAANNPSLKAAIPLQGWHTRKDWSSVRVPTLIVGAELDTIAPVSSHSEAFYNSLPSSLPKAYMELRGASHTVSNTPNTTTAKYSIAWLKRFVDDDTRYEQFLCPAPDDPAISEYRSTCPF,90.89,0.29
V22,TANPYQRGPDPTESSIEAVRGPFAVAQTTVSRLDASGFGGGTIYYPTDTSQGTFGAVAISPGFLAGQEAIAWLGPRIASQGFVVITIDTISRFDYPDSRGRQLQAALDYLTTDSTVRDRIDPNRMAVMGHSMGGGGALSAAANNPSLKAAIPLQGWHTRKDWSSVRVPTLIVGAELDTIAPVSSYSEAFYNSLPSSLPKAYMELRGASHLVSNTPNTTTAKYSIAWLKRFVDDDTRYEQFLCPAPDDPAISEYRSTCPF,95,
V23,TANPYQRGPDPTESSIEAVRGPFAVAQTTVSRLDASGFGGGTIYYPTDTSQGTFGAVAISPGFTAGQEAIAWLGPRIASQGFVVITIDTISRLDQPDSRGRQLQAALDYLTTDSTVRDRIDPNRMAVMGHSMGGGGALSAAANNPSLKAAIPLQGWHTRKDWSSVRVPTLIVGAELDTIAPVSSHSEAFYNSLPSSLPKAYMELRGASHLVSNTPNTTTAKYSIAWLKRFVDDDTRYEQFLCPAPDDPAISEYRSTCPF,88.97,0.09
V24,TANPYQRGPDPTESSIEAVRGPFAVAQTTVSRLDASGFGGGTIYYPTDTSQGTFGAVAISPGFLASQNSIAWLGPRIASQGFVVITIDTISKLDQPDSRGRQLQAALDYLTTDSTVRDRIDPNRMAVMGHSMGGGGALSAAANNPSLKAAIPLQGWHTRKDWSSVRVPTLIVGAELDTIAPVSSNSEAFYNSLPSSLPKAYMELRGASHLVSNTPNTTTAKYSIAWLKRFVDDDTRYEQFLCPAPDDPAISEYRSTCPF,87.42,0.08
V25,TANPYQRGPDPTESSIEAVRGPFAVAQTTVSRLDASGFGGGTIYYPTDTSQGTFGAVAISPGFTAGQSSIAWLGPRIASQGFVVITIDTISKLDQPDSRGRQLQAALDYLTTDSTVRDRIDPNRMAVMGHSMGGGGALSAAANNPSLKAAIPLQGWHTRKDWSSVRVPTLIVGAELDTIAPVSSNSEAFYNSLPSSLPKAYMELRGASHTVSNTPNTTTAKYSIAWLKRFVDDDTRYEQFLCPAPDDPAISEYRSTCPF,86.49,0.17
V26,TANPYQRGPDPTESSIEAVRGPFAVAQTTVSRLDASGFGGGTIYYPTDTSQGTFGAVAISPGFTAGQSAIAWLGPRIASQGFVVITIDTISKLDYPDSRGRQLQAALDYLTTDSTVRDRIDPNRMAVMGHSMGGGGALSAAANNPSLKAAIPLQGWHTRKDWSSVRVPTLIVGAELDTIAPVSSHSEAFYNSLPSSLPKAYMELRGASHTVSNTPNTTTAKYSIAWLKRFVDDDTRYEQFLCPAPDDPAISEYRSTCPF,89.78,0.05
V27,TANPYQRGPDPTESSIEAVRGPFAVAQTTVSRLDASGFGGGTIYYPTDTSQGTFGAVAISPGFLANQNAIAWLGPRIASQGFVVITIDTISRLDQPDSRGRQLQAALDYLTTDSTVRDRIDPNRMAVMGHSMGGGGALSAAANNPSLKAAIPLQGWHTRKDWSSVRVPTLIVGAELDTIAPVSSNSEAFYNSLPSSLPKAYMELRGASHTVSNTPNTTTAKYSIAWLKRFVDDDTRYEQFLCPAPDDPAISEYRSTCPF,88.2,0.09
V28,TANPYQRGPDPTESSIEAVRGPFAVAQTTVSRLDASGFGGGTIYYPTDTSQGTFGAVAISPGFTAGQKAIAWLGPRIASQGFVVITIDTISRFDYPDSRGRQLQAALDYLTTDSTVRDRIDPNRMAVMGHSMGGGGALSAAANNPSLKAAIPLQGWHTRKDWSSVRVPTLIVGAELDTIAPVSSHSEAFYNSLPSSLPKAYMELRGASHTVSNTPNTTTAKYSIAWLKRFVDDDTRYEQFLCPAPDDPAISEYRSTCPF,90.51,0.04
V29,TANPYQRGPDPTESSIEAVRGPFAVAQTTVSRLDASGFGGGTIYYPTDTSQGTFGAVAISPGFTASQSAIAWLGPRIASQGFVVITIDTISRFDYPDSRGRQLQAALDYLTTDSTVRDRIDPNRMAVMGHSMGGGGALSAAANNPSLKAAIPLQGWHTRKDWSSVRVPTLIVGAELDTIAPVSSHSEAFYNSLPSSLPKAYMELRGASHTVSNTPNTTTAKYSIAWLKRFVDDDTRYEQFLCPAPDDPAISEYRSTCPF,91.83,0.18
V30,TANPYQRGPDPTESSIEAVRGPFAVAQTTVSRLDASGFGGGTIYYPTDTSQGTFGAVAISPGFLATQKAIAWLGPRIASQGFVVITIDTISRLDQPDSRGRQLQAALDYLTTDSTVRDRIDPNRMAVMGHSMGGGGALSAAANNPSLKAAIPLQGWHTRKDWSSVRVPTLIVGAELDTIAPVSSYSEAFYNSLPSSLPKAYMELRGASHTVSNTPNTTTAKYSIAWLKRFVDDDTRYEQFLCPAPDDPAISEYRSTCPF,92.47,
V31,TANPYQRGPDPTESSIEAVRGPFAVAQTTVSRLDASGFGGGTIYYPTDTSQGTFGAVAISPGFNAGQSAIAWLGPRIASQGFVVITIDTISRFDYPDSRGRQLQAALDYLTTDSTVRDRIDPNRMAVMGHSMGGGGALSAAANNPSLKAAIPLQGWHTRKDWSSVRVPTLIVGAELDTIAPVSSHSEAFYNSLPSSLPKAYMELRGASHLVSNTPNTTTAKYSIAWLKRFVDDDTRYEQFLCPAPDDPAISEYRSTCPF,91.74,0.05
V32,TANPYQRGPDPTESSIEAVRGPFAVAQTTVSRLDASGFGGGTIYYPTDTSQGTFGAVAISPGFLAGQSSIAWLGPRIASQGFVVITIDTISEFDYPDSRGRQLQAALDYLTTDSTVRDRIDPNRMAVMGHSMGGGGALSAAANNPSLKAAIPLQGWHTRKDWSSVRVPTLIVGAELDTIAPVSSHSEAFYNSLPSSLPKAYMELRGASHTVSNTPNTTTAKYSIAWLKRFVDDDTRYEQFLCPAPDDPAISEYRSTCPF,95,
V33,TANPYQRGPDPTESSIEAVRGPFAVAQTTVSRLDASGFGGGTIYYPTDTSQGTFGAVAISPGFLASQSAIAWLGPRIASQGFVVITIDTISELDYPDSRGRQLQAALDYLTTDSTVRDRIDPNRMAVMGHSMGGGGALSAAANNPSLKAAIPLQGWHTRKDWSSVRVPTLIVGAELDTIAPVSSHSEAFYNSLPSSLPKAYMELRGASHTVSNTPNTTTAKYSIAWLKRFVDDDTRYEQFLCPAPDDPAISEYRSTCPF,92.13,
V34,TANPYQRGPDPTESSIEAVRGPFAVAQTTVSRLDASGFGGGTIYYPTDTSQGTFGAVAISPGFNAGQSSIAWLGPRIASQGFVVITIDTISKFDYPDSRGRQLQAALDYLTTDSTVRDRIDPNRMAVMGHSMGGGGALSAAANNPSLKAAIPLQGWHTRKDWSSVRVPTLIVGAELDTIAPVSSHSEAFYNSLPSSLPKAYMELRAASHLVSNTPNTTTAKYSIAWLKRFVDDDTRYEQFLCPAPDDPAISEYRSTCPF,89.88,0.05
V36,TANPYQRGPDPTESSIEAVRGPFAVAQTTVSRLDASGFGGGTIYYPTDTSQGTFGAVAISPGFLASQEAIAWLGPRIASQGFVVITIDTISEFDQPDSRGRQLQAALDYLTTDSTVRDRIDPNRMAVMGHSMGGGGALSAAANNPSLKAAIPLQGWHTRKDWSSVRVPTLIVGAELDTIAPVSSHSEAFYNSLPSSLPKAYMELRGASHTVSNTPNTTTAKYSIAWLKRFVDDDTRYEQFLCPAPDDPAISEYRSTCPF,90.98,0.1
V37,TANPYQRGPDPTESSIEAVRGPFAVAQTTVSRLDASGFGGGTIYYPTDTSQGTFGAVAISPGFTAGQSAIAWLGPRIASQGFVVITIDTISSFDQPDSRGRQLQAALDYLTTDSTVRDRIDPNRMAVMGHSMGGGGALSAAANNPSLKAAIPLQGWHTRKDWSSVRVPTLIVGAELDTIAPVSSHSEAFYNSLPSSLPKAYMELRGASHTVSNTPNTTTAKYSIAWLKRFVDDDTRYEQFLCPAPDDPAISEYRSTCPF,88.7,0.19
V52,TANPYQRGPDPTESSIEAVRGPFAVAQTTVSRLDASGFGGGTIYYPTDTSQGTFGAVAISPGFTAGQSSIAWLGPRIASQGFVVITIDTISRFDYPDSRGRQLQAALDYLTTDSTVRDRIDPNRMAVMGHSMGGGGALSAAANNPSLKAAIPLQGWHTRKDWSSVRVPTLIVGAELDTIAPVSSHSEAFYNSLPSSLPKAYMELRGASHTVSNTPNTTTAKYSIAWLKRFVDDDTRYEQFLCPAPDDPAISEYRSTCPF,91.03,0.12
V54,TANPYQRGPDPTESSIEAVRGPFAVAQTTVSRLDASGFGGGTIYYPTDTSQGTFGAVAISPGFTATQSAIAWLGPRIASQGFVVITIDTISSFDQPDSRGRQLQAALDYLTTDSTVRDRIDPNRMAVMGHSMGGGGALSAAANNPSLKAAIPLQGWHTRKDWSSVRVPTLIVGAELDTIAPVSSYSEAFYNSLPSSLPKAYMELRGASHLVSNTPNTTTAKYSIAWLKRFVDDDTRYEQFLCPAPDDPAISEYRSTCPF,87.83,0.11
V55,TANPYQRGPDPTESSIEAVRGPFAVAQTTVSRLDASGFGGGTIYYPTDTSQGTFGAVAISPGFTAGQSSIAWLGPRIASQGFVVITIDTISRFDYPDSRGRQLQAALDYLTTDSTVRDRIDPNRMAVMGHSMGGGGALSAAANNPSLKAAIPLQGWHTRKDWSSVRVPTLIVGAELDTIAPVSSNSEAFYNSLPSSLPKAYMELRGASHTVSNTPNTTTAKYSIAWLKRFVDDDTRYEQFLCPAPDDPAISEYRSTCPF,87.73,0.05
V57,TANPYQRGPDPTESSIEAVRGPFAVAQTTVSRLDASGFGGGTIYYPTDTSQGTFGAVAISPGFLANQSAIAWLGPRIASQGFVVITIDTISRFDYPDSRGRQLQAALDYLTTDSTVRDRIDPNRMAVMGHSMGGGGALSAAANNPSLKAAIPLQGWHTRKDWSSVRVPTLIVGAELDTIAPVSSHSEAFYNSLPSSLPKAYMELRGASHTVSNTPNTTTAKYSIAWLKRFVDDDTRYEQFLCPAPDDPAISEYRSTCPF,95,
V58,TANPYQRGPDPTESSIEAVRGPFAVAQTTVSRLDASGFGGGTIYYPTDTSQGTFGAVAISPGFTAGQESIAWLGPRIASQGFVVITIDTISELDYPDSRGRQLQAALDYLTTDSTVRDRIDPNRMAVMGHSMGGGGALSAAANNPSLKAAIPLQGWHTRKDWSSVRVPTLIVGAELDTIAPVSSHSEAFYNSLPSSLPKAYMELRGASHLVSNTPNTTTAKYSIAWLKRFVDDDTRYEQFLCPAPDDPAISEYRSTCPF,89.37,0.06
V59,TANPYQRGPDPTESSIEAVRGPFAVAQTTVSRLDASGFGGGTIYYPTDTSQGTFGAVAISPGFLAGQEAIAWLGPRIASQGFVVITIDTISELDYPDSRGRQLQAALDYLTTDSTVRDRIDPNRMAVMGHSMGGGGALSAAANNPSLKAAIPLQGWHTRKDWSSVRVPTLIVGAELDTIAPVSSNSEAFYNSLPSSLPKAYMELRGASHTVSNTPNTTTAKYSIAWLKRFVDDDTRYEQFLCPAPDDPAISEYRSTCPF,88.95,0.03
V60,TANPYQRGPDPTESSIEAVRGPFAVAQTTVSRLDASGFGGGTIYYPTDTSQGTFGAVAISPGFTAGQKSIAWLGPRIASQGFVVITIDTISKLDQPDSRGRQLQAALDYLTTDSTVRDRIDPNRMAVMGHSMGGGGALSAAANNPSLKAAIPLQGWHTRKDWSSVRVPTLIVGAELDTIAPVSSHSEAFYNSLPSSLPKAYMELRGASHTVSNTPNTTTAKYSIAWLKRFVDDDTRYEQFLCPAPDDPAISEYRSTCPF,89.65,0.05
V61,TANPYQRGPDPTESSIEAVRGPFAVAQTTVSRLDASGFGGGTIYYPTDTSQGTFGAVAISPGFLANQNAIAWLGPRIASQGFVVITIDTISKLDYPDSRGRQLQAALDYLTTDSTVRDRIDPNRMAVMGHSMGGGGALSAAANNPSLKAAIPLQGWHTRKDWSSVRVPTLIVGAELDTIAPVSSHSEAFYNSLPSSLPKAYMELRGASHTVSNTPNTTTAKYSIAWLKRFVDDDTRYEQFLCPAPDDPAISEYRSTCPF,95,
V62,TDNPYQRGPDPTESSIEAVRGPFAVAQTTVSRLDASGFGGGTIYYPTDTSQGTFGAVAISPGFLAGQSAIAWLGPRIASQGFVVITIDTISRFDQPDSRGRQLQAALDYLTTDSTVRDRIDPNRMAVMGHSMGGGGALSAAANNPSLKAAIPLQGWHTRKDWSSVRVPTLIVGAELDTIAPVSSNSEAFYNSLPSSLPKAYMELRGASHTVSNTPNTTTAKYSIAWLKRFVDDDTRYEQFLCPAPDDPAISEYRSTCPF,89.44,0.08
V63,TANPYQRGPDPTESSIEAVRGPFAVAQTTVSRLDASGFGGGTIYYPTDTSQGTFGAVAISPGFTATQSAIAWLGPRIASQGFVVITIDTISSLDQPDSRGRQLQAALDYLTTDSTVRDRIDPNRMAVMGHSMGGGGALSAAANNPSLKAAIPLQGWHTRKDWSSVRVPTLIVGAELDTIAPVSSHSEAFYNSLPSSLPKAYMELRGASHTVSNTPNTTTAKYSIAWLKRFVDDDTRYEQFLCPAPDDPAISEYRSTCPF,89.52,0.03
V64,TANPYQRGPDPTESSIEAVRGPFAVAQTTVSRLDASGFGGGTIYYPTDTSQGTFGAVAISPGFTAGQSSIAWLGPRIASQGFVVITIDTISEFDQPDSRGRQLQAALDYLTTDSTVRDRIDPNRMAVMGHSMGGGGALSAAANNPSLKAAIPLQGWHTRKDWSSVRVPTLIVGAELDTIAPVSSHSEAFYNSLPSSLPKAYMELRGASHLVSNTPNTTTAKYSIAWLKRFVDDDTRYEQFLCPAPDDPAISEYRSTCPF,89,0.13
V66,TANPYQRGPDPTESSIEAVRGPFAVAQTTVSRLDASGFGGGTIYYPTDTSQGTFGAVAISPGFNASQNAIAWLGPRIASQGFVVITIDTISRFDYPDSRGRQLQAALDYLTTDSTVRDRIDPNRMAVMGHSMGGGGALSAAANNPSLKAAIPLQGWHTRKDWSSVRVPTLIVGAELDTIAPVSSNSEAFYNSLPSSLPKAYMELRGASHLVSNTPNTTTAKYSIAWLKRFVDDDTRYEQFLCPAPDDPAISEYRSTCPF,89,0.03
V67,TANPYQRGPDPTESSIEAVRGPFAVAQTTVSRLDASGFGGGTIYYPTDTSQGTFGAVAISPGFNAGQEAIAWLGPRIASQGFVVITIDTISKFDYPDSRGRQLQAALDYLTTDSTVRDRIDPNRMAVMGHSMGGGGALSAAANNPSLKAAIPLQGWHTRKDWSSVRVPTLIVGAELDTIAPVSSHSEAFYNSLPSSLPKAYMELRGASHTVSNTPNTTTAKYSIAWLKRFVDDDTRYEQFLCPAPDDPAISEYRSTCPF,95,
V68,TANPYQRGPDPTESSIEAVRGPFAVAQTTVSRLDASGFGGGTIYYPTDTSQGTFGAVAISPGFNAGQEAIAWLGPRIASQGFVVITIDTISSLDYPDSRGRQLQAALDYLTTDSTVRDRIDPNRMAVMGHSMGGGGALSAAANNPSLKAAIPLQGWHTRKDWSSVRVPTLIVGAELDTIAPVSSYSEAFYNSLPSSLPKAYMELRGASHTVSNTPNTTTAKYSIAWLKRFVDDDTRYEQFLCPAPDDPAISEYRSTCPF,92.5,0.42
V69,TANPYQRGPDPTESSIEAVRGPFAVAQTTVSRLDASGFGGGTIYYPTDTSQGTFGAVAISPGFTAGQSSIAWLGPRIASQGFVVITIDTISRFDYPDSRGRQLQAALDYLTTDSTVRDRIDPNRMAVMGHSMGGGGALSAAANNPSLKAAIPLQGWHTRKDWSSVRVPTLIVGAELDTIAPVSSHSEAFYNSLPSSLPKAYMELRGASHTVSNTPNTTTAKYSIAWLKRFVDDDTRYEQFLCPAPDDPAISEYRSTCPF,91.28,0.17
V70,TANPYQRGPDPTESSIEAVRGPFAVAQTTVSRLDASGFGGGTIYYPTDTSQGTFGAVAISPGFLATQSSIAWLGPRIASQGFVVITIDTISRFDYPDSRGRQLQAALDYLTTDSTVRDRIDPNRMAVMGHSMGGGGALSAAANNPSLKAAIPLQGWHTRKDWSSVRVPTLIVGAELDTIAPVSSHSEAFYNSLPSSLPKAYMELRGASHLVSNTPNTTTAKYSIAWLKRFVDDDTRYEQFLCPAPDDPAISEYRSTCPF,92.39,0.25
V72,TANPYQRGPDPTESSIEAVRGPFAVAQTTVSRLDASGFGGGTIYYPTDTSQGTFGAVAISPGFLATQNSIAWLGPRIASQGFVVITIDTISSLDQPDSRGRQLQAALDYLTTDSTVRDRIDPNRMAVMGHSMGGGGALSAAANNPSLKAAIPLQGWHTRKDWSSVRVPTLIVGAELDTIAPVSSHSEAFYNSLPSSLPKAYMELRGASHLVSNTPNTTTAKYSIAWLKRFVDDDTRYEQFLCPAPDDPAISEYRSTCPF,89.39,0.04
V74,TANPYQRGPDPTESSIEAVRGPFAVAQTTVSRLDASGFGGGTIYYPTDTSQGTFGAVAISPGFTANQEAIAWLGPRIASQGFVVITIDTISRFDYPDSRGRQLQAALDYLTTDSTVRDRIDPNRMAVMGHSMGGGGALSAAANNPSLKAAIPLQGWHTRKDWSSVRVPTLIVGAELDTIAPVSSYSEAFYNSLPSSLPKAYMELRGASHTVSNTPNTTTAKYSIAWLKRFVDDDTRYEQFLCPAPDDPAISEYRSTCPF,90.56,0.08
V75,TANPYQRGPDPTESSIEAVRGPFAVAQTTVSRLDASGFGGGTIYYPTDTSQGTFGAVAISPGFTAGQSSIAWLGPRIASQGFVVITIDTISSLDQPDSRGRQLQAALDYLTTDSTVRDRIDPNRMAVMGHSMGGGGALSAAANNPSLKAAIPLQGWHTRKDWSSVRVPTLIVGAELDTIAPVSSYSEAFYNSLPSSLPKAYMELRGASHTVSNTPNTTTAKYSIAWLKRFVDDDTRYEQFLCPAPDDPAISEYRSTCPF,89.12,0.02
V80,TANPYQRGPDPTESSIEAVRGPFAVAQTTVSRLDASGFGGGTIYYPTDTSQGTFGAVAISPGFLAGQKAIAWLGPRIASQGFVVITIDTISELDYPDSRGRQLQAALDYLTTDSTVRDRIDPNRMAVMGHSMGGGGALSAAANNPSLKAAIPLQGWHTRKDWSSVRVPTLIVGAELDTIAPVSSHSEAFYNSLPSSLPKAYMELRGASHTVSNTPNTTTAKYSIAWLKRFVDDDTRYEQFLCPAPDDPAISEYRSTCPF,91.19,0.13
V81,TANPYQRGPDPTESSIEAVRGPFAVAQTTVSRLDASGFGGGTIYYPTDTSQGTFGAVAISPGFTAGQSSIAWLGPRIASQGFVVITIDTISKFDQPDSRGRQLQAALDYLTTDSTVRDRIDPNRMAVMGHSMGGGGALSAAANNPSLKAAIPLQGWHTRKDWSSVRVPTLIVGAELDTIAPVSSHSEAFYNSLPSSLPKAYMELRGASHLVSNTPNTTTAKYSIAWLKRFVDDDTRYEQFLCPAPDDPAISEYRSTCPF,89.5,0.05
V82,TANPYQRGPDPTESSIEAVRGPFAVAQTTVSRLDASGFGGGTIYYPTDTSQGTFGAVAISPGFTAGQSAIAWLGPRIASQGFVVITIDTISEFDQPDSRGRQLQAALDYLTTDSTVRDRIDPNRMAVMGHSMGGGGALSAAANNPSLKAAIPLQGWHTRKDWSSVRVPTLIVGAELDTIAPVSSYSEAFYNSLPSSLPKAYMELRGASHTVSNTPNTTTAKYSIAWLKRFVDDDTRYEQFLCPAPDDPAISEYRSTCPF,89.63,0.09
V83,TANPYQRGPDPTESSIEAVRGPFAVAQTTVSRLDASGFGGGTIYYPTDTSQGTFGAVAISPGFLASQRAIAWLGPRIASQGFVVITIDTISRFDYPDSRGRQLQAALDYLTTDSTVRDRIDPNRMAVMGHSMGGGGALSAAANNPSLKAAIPLQGWHTRKDWSSVRVPTLIVGAELDTIAPVSSHSEAFYNSLPSSLPKAYMELRGASHTVSNTPNTTTAKYSIAWLKRFVDDDTRYEQFLCPAPDDPAISEYRSTCPF,95,
V85,TANPYQRGPDPTESSIEAVRGPFAVAQTTVSRLDASGFGGGTIYYPTDTSQGTFGAVAISPGFTAGQNAIAWLGPRIASQGFVVITIDTISEFDQPDSRGRQLQAALDYLTTDSTVRDRIDPNRMAVMGHSMGGGGALSAAANNPSLKAAIPLQGWHTRKDWSSVRVPTLIVGAELDTIAPVSSNSEAFYNSLPSSLPKAYMELRGASHLVSNTPNTTTAKYSIAWLKRFVDDDTRYEQFLCPAPDDPAISEYRSTCPF,85.67,0.17
V86,TANPYQRGPDPTESSIEAVRGPFAVAQTTVSRLDASGFGGGTIYYPTDTSQGTFGAVAISPGFTAGQSSIAWLGPRIASQGFVVITIDTISEFDQPDSRGRQLQAALDYLTTDSTVRDRIDPNRMAVMGHSMGGGGALSAAANNPSLKAAIPLQGWHTRKDWSSVRVPTLIVGAELDTIAPVSSHSEAFYNSLPSSLPKAYMELRGASHLVSNTPNTTTAKYSIAWLKRFVDDDTRYEQFLCPAPDDPAISEYRSTCPF,89.46,0.1
V87,TANPYQRGPDPTESSIEAVRGPFAVAQTTVSRLDASGFGGGTIYYPTDTSQGTFGAVAISPGFLAGQKAIAWLGPRIASQGFVVITIDTISSFDYPDSRGRQLQAALDYLTTDSTVRDRIDPNRMAVMGHSMGGGGALSAAANNPSLKAAIPLQGWHTRKDWSSVRVPTLIVGAELDTIAPVSSYSEAFYNSLPSSLPKAYMELRGASHLVSNTPNTTTAKYSIAWLKRFVDDDTRYEQFLCPAPDDPAISEYRSTCPF,89.26,0.05
V89,TANPYQRGPDPTESSIEAVRGPFAVAQTTVSRLDASGFGGGTIYYPTDTSQGTFGAVAISPGFTASQSAIAWLGPRIASQGFVVITIDTISEFDYPDSRGRQLQAALDYLTTDSTVRDRIDPNRMAVMGHSMGGGGALSAAANNPSLKAAIPLQGWHTRKDWSSVRVPTLIVGAELDTIAPVSSYSEAFYNSLPSSLPKAYMELRGASHTVSNTPNTTTAKYSIAWLKRFVDDDTRYEQFLCPAPDDPAISEYRSTCPF,90.21,0.15
V90,TANPYQRGPDPTESSIEAVRGPFAVAQTTVSRLDASGFGGGTIYYPTDTSQGTFGAVAISPGFTAGQSAIAWLGPRIASQGFVVITIDTISSFDQPDSRGRQLQAALDYLTTDSTVRDRIDPNRMAVMGHSMGGGGALSAAANNPSLKAAIPLQGWHTRKDWSSVRVPTLIVGAELDTIAPVSSHSEAFYNSLPSSLPKAYMELRGASHTVSNTPNTTTAKYSIAWLKRFVDDDTRYEQFLCPAPDDPAISEYRSTCPF,88.84,0.05
V93,TANPYQRGPDPTESSIEAVRGPFAVAQTTVSRLDASGFGGGTIYYPTDTSQGTFGAVAISPGFTASQEAIAWLGPRIASQGFVVITIDTISKFDQPDSRGRQLQAALDYLTTDSTVRDRIDPNRMAVMGHSMGGGGALSAAANNPSLKAAIPLQGWHTRKDWSSVRVPTLIVGAELDTIAPVSSHSEAFYNSLPSSLPKAYMELRGASHTVSNTPNTTTAKYSIAWLKRFVDDDTRYEQFLCPAPDDPAISEYRSTCPF,90.47,0.51
V94,TANPYQRGPDPTESSIEAVRGPFAVAQTTVSRLDASGFGGGTIYYPTDTSQGTFGAVAISPGFLAGQSAIAWLGPRIASQGFVVITIDTISRLDYPDSRGRQLQAALDYLTTDSTVRDRIDPNRMAVMGHSMGGGGALSAAANNPSLKAAIPLQGWHTRKDWSSVRVPTLIVGAELDTIAPVSSNSEAFYNSLPSSLPKAYMELRGASHTVSNTPNTTTAKYSIAWLKRFVDDDTRYEQFLCPAPDDPAISEYRSTCPF,88.96,0.19
V95,TANPYQRGPDPTESSIEAVRGPFAVAQTTVSRLDASGFGGGTIYYPTDTSQGTFGAVAISPGFIASQSAIAWLGPRIASQGFVVITIDTISEFDQPDSRGRQLQAALDYLTTDSTVRDRIDPNRMAVMGHSMGGGGALSAAANNPSLKAAIPLQGWHTRKDWSSVRVPTLIVGAELDTIAPVSSHSEAFYNSLPSSLPKAYMELRGASHLVSNTPNTTTAKYSIAWLKRFVDDDTRYEQFLCPAPDDPAISEYRSTCPF,91.57,0.17
V98,TANPYQRGPDPTESSIEAVRGPFAVAQTTVSRLDASGFGGGTIYYPTDTSQGTFGAVAISPGFLASQEAIAWLGPRIASQGFVVITIDTISRFDQPDSRGRQLQAALDYLTTDSTVRDRIDPNRMAVMGHSMGGGGALSAAANNPSLKAAIPLQGWHTRKDWSSVRVPTLIVGAELDTIAPVSSHSEAFYNSLPSSLPKAYMELRGASHTVSNTPNTTTAKYSIAWLKRFVDDDTRYEQFLCPAPDDPAISEYRSTCPF,95,
V99,TANPYQRGPDPTESSIEAVRGPFAVAQTTVSRLDASGFGGGTIYYPTDTSQGTFGAVAISPGFNAGQESIAWLGPRIASQGFVVITIDTISKLDQPDSRGRQLQAALDYLTTDSTVRDRIDPNRMAVMGHSMGGGGALSAAANNPSLKAAIPLQGWHTRKDWSSVRVPTLIVGAELDTIAPVSSHSEAFYNSLPSSLPKAYMELRGASHLVSNTPNTTTAKYSIAWLKRFVDDDTRYEQFLCPAPDDHTVSEYRSTCPF,86.08,0.19
V100,TANPYQRGPDPTESSIEAVRGPFAVAQTTVSRLDASGFGGGTIYYPTDTSQGTFGAVAISPGFLASQEAIAWLGPRIASQGFVVITIDTISEFDQPDSRGRQLQAALDYLTTDSTVRDRIDPNRMAVMGHSMGGGGALSAAANNPSLKAAIPLQGWHTRKDWSSVRVPTLIVGAELDTIAPVSSHSEAFYNSLPSSLPKAYMELRGASHTVSNTPNTTTAKYSIAWLKRFVDDDTRYEQFLCPAPDDPAISEYRSTCPF,91.32,0.06
V102,TANPYQRGPDPTESSIEAVRGPFAVAQTTVSRLDASGFGGGTIYYPTDTSQGTFGAVAISPGFLAGQESIAWLGPRIASQGFVVITIDTISKFDQPDSRGRQLQAALDYLTTDSTVRDRIDPNRMAVMGHSMGGGGALSAAANNPSLKAAIPLQGWHTRKDWSSVRVPTLIVGAELDTIAPVSSHSEAFYNSLPSSLPKAYMELRGASHLVSNTPNTTTAKYSIAWLKRFVDDDTRYEQFLCPAPDDPAISEYRSTCPF,95,
V103,TANPYQRGPDPTESSIEAVRGPFAVAQTTVSRLDASGFGGGTIYYPTDTSQGTFGAVAISPGFLATQSSIAWLGPRIASQGFVVITIDTISELDQPDSRGRQLQAALDYLTTDSTVRDRIDPNRMAVMGHSMGGGGALSAAANNPSLKAAIPLQGWHTRKDWSSVRVPTLIVGAELDTIAPVSSHSEAFYNSLPSSLPKAYMELRGASHTVSNTPNTTTAKYSIAWLKRFVDDDTRYEQFLCPAPDDPAISEYRSTCPF,91.86,0.51
V104,TANPYQRGPDPTESSIEAVRGPFAVAQTTVSRLDASGFGGGTIYYPTDTSQGTFGAVAISPGFLAGQKAIAWLGPRIASQGFVVITIDTISSLDQPDSRGRQLQAALDYLTTDSTVRDRIDPNRMAVMGHSMGGGGALSAAANNPSLKAAIPLQGWHTRKDWSSVRVPTLIVGAELDTIAPVSSHSEAFYNSLPSSLPKAYMELRGASHTVSNTPNTTTAKYSIAWLKRFVDDDTRYEQFLCPAPDDPAISEYRSTCPF,89.87,0.04
V105,TANPYQRGPDPTESSIEAVRGPFAVAQTTVSRLDASGFGGGTIYYPTDTSQGTFGAVAISPGFTAGQNSIAWLGPRIASQGFVVITIDTISSFDQPDSRGRQLQAALDYLTTDSTVRDRIDPNRMAVMGHSMGGGGALSAAANNPSLKAAIPLQGWHTRKDWSSVRVPTLIVGAELDTIAPVSSHSEAFYNSLPSSLPKAYMELRGASHLVSNTPNTTTAKYSIAWLKRFVDDDTRYEQFLCPAPDDPAISEYRSTCPF,88.36,0.1
V106,TANPYQRGPDPTESSIEAVRGPFAVAQTTVSRLDASGFGGGTIYYPTDTSQGTFGAVAISPGFLATQNSIAWLGPRIASQGFVVITIDTISRFDYPDSRGRQLQAALDYLTTDSTVRDRIDPNRMAVMGHSMGGGGALSAAANNPSLKAAIPLQGWHTRKDWSSVRVPTLIVGAELDTIAPVSSHSEAFYNSLPSSLPKAYMELRGASHLVSNTPNTTTAKYSIAWLKRFVDDDTRYEQFLCPAPDDPAISEYRSTCPF,92.26,
V107,TANPYQRGPDPTESSIEAVRGPFAVAQTTVSRLDASGFGGGTIYYPTDTSQGTFGAVAISPGFLAGQESIAWLGPRIASQGFVVITIDTISRLDQPDSRGRQLQAALDYLTTDSTVRDRIDPNRMAVMGHSMGGGGALSAAANNPSLKAAIPLQGWHTRKDWSSVRVPTLIVGAELDTIAPVSSHSEAFYNSLPSSLPKAYMELRGASHLVSNTPNTTTAKYSIAWLKRFVDDDTRYEQFLCPAPDDPAISEYRSTCPF,92.84,
V108,TANPYQRGPDPTESSIEAVRGPFAVAQTTVSRLDASGFGGGTIYYPTDTSQGTFGAVAISPGFTAGQSSIAWLGPRIASQGFVVITIDTISELDQPDSRGRQLQAALDYLTTDSTVRDRIDPNRMAVMGHSMGGGGALSAAANNPSLKAAIPLQGWHTRKDWSSVRVPTLIVGAELDTIAPVSSHSEAFYNSLPSSLPKAYMELRGASHLVSNTPNTTTAKYSIAWLKRFVDDDTRYEQFLCPAPDDPAISEYRSTCPF,88.93,0.07
V109,TANPYQRGPDPTESSIEAVRGPFAVAQTTVSRLDASGFGGGTIYYPTDTSQGTFGAVAISPGFLAGQEAIAWLGPRIASQGFVVITIDTISRFDYPDSRGRQLQAALDYLTTDSTVRDRIDPNRMAVMGHSMGGGGALSAAANNPSLKAAIPLQGWHTRKDWSSVRVPTLIVGAELDTIAPVSSHSEAFYNSLPSSLPKAYMELRGASHTVSNTPNTTTAKYSIAWLKRFVDDDTRYEQFLCPAPDDPAISEYRSTCPF,95,
V110,TANPYQRGPDPTESSIEAVRGPFAVAQTTVSRLDASGFGGGTIYYPTDTSQGTFGAVAISPGFNAGQSAIAWLGPRIASQGFVVITIDTISRFDYPDSRGRQLQAALDYLTTDSTVRDRIDPNRMAVMGHSMGGGGALSAAANNPSLKAAIPLQGWHTRKDWSSVRVPTLIVGAELDTIAPVSSHSEAFYNSLPSSLPKAYMELRGASHLVSNTPNTTTAKYSIAWLKRFVDDDTRYEQFLCPAPDDPAISEYRSTCPF,92.64,0.51
V111,TANPYQRGPDPTESSIEAVRGPFAVAQTTVSRLDASGFGGGTIYYPTDTSQGTFGAVAISPGFLANQNAIAWLGPRIASQGFVVITIDTISRLDQPDSRGRQLQAALDYLTTDSTVRDRIDPNRMAVMGHSMGGGGALSAAANNPSLKAAIPLQGWHTRKDWSSVRVPTLIVGAELDTIAPVSSNSEAFYNSLPSSLPKAYMELRGASHTVSNTPNTTTAKYSIAWLKRFVDDDTRYEQFLCPAPDDPAISEYRSTCPF,88.58,0.05
V112,TANPYQRGPDPTESSIEAVRGPFAVAQTTVSRLDASGFGGGTIYYPTDTSQGTFGAVAISPGFTAGQSSIAWLGPRIASQGFVVITIDTISSFDQPDSRGRQLQAALDYLTTDSTVRDRIDPNRMAVMGHSMGGGGALSAAANNPSLKAAIPLQGWHTRKDWSSVRVPTLIVGAELDTIAPVSSNSEAFYNSLPSSLPKAYMELRGASHLVSNTPNTTTAKYSIAWLKRFVDDDTRYEQFLCPAPDDPAISEYRSTCPF,85.23,0.06
V113,TANPYQRGPDPTESSIEAVRGPFAVAQTTVSRLDASGFGGGTIYYPTDTSQGTFGAVAISPGFTAGQEAIAWLGPRIASQGFVVITIDTISKFDQPDSRGRQLQAALDYLTTDSTVRDRIDPNRMAVMGHSMGGGGALSAAANNPSLKAAIPLQGWHTRKDWSSVRVPTLIVGAELDTIAPVSSHSEAFYNSLPSSLPKAYMELRGASHLVSNTPNTTTAKYSIAWLKRFVDDDTRYEQFLCPAPDDPAISEYRSTCPF,89.94,0.02
V114,TANPYQRGPDPTESSIEAVRGPFAVAQTTVSRLDASGFGGGTIYYPTDTSQGTFGAVAISPGFLAGQKAIAWLGPRIASQGFVVITIDTISRFDYPDSRGRQLQAALDYLTTDSTVRDRIDPNRMAVMGHSMGGGGALSAAANNPSLKAAIPLQGWHTRKDWSSVRVPTLIVGAELDTIAPVSSHSEAFYNSLPSSLPKAYMELRGASHTVSNTPNTTTAKYSIAWLKRFVDDDTRYEQFLCPAPDDPAISEYRSTCPF,95,
V115,TANPYQRGPDPTESSIEAVRGPFAVAQTTVSRLDASGFGGGTIYYPTDTSQGTFGAVAISPGFLANQESIAWLGPRIASQGFVVITIDTISKFDYPDSRGRQLQAALDYLTTDSTVRDRIDPNRMAVMGHSMGGGGALSAAANNPSLKAAIPLQGWHTRKDWSSVRVPTLIVGAELDTIAPVSSHSEAFYNSLPSSLPKAYMELRGASHTVSNTPNTTTAKYSIAWLKRFVDDDTRYEQFLCPAPDDPAISEYRSTCPF,95,
V116,TANPYQRGPDPTESSIEAVRGPFAVAQTTVSRLDASGFGGGTIYYPTDTSQGTFGAVAISPGFTAGQEAIAWLGPRIASQGFVVITIDTISRLDQPDSRGRQLQAALDYLTTDSTVRDRIDPNRMAVMGHSMGGGGALSAAANNPSLKAAIPLQGWHTRKDWSSVRVPTLIVGAELDTIAPVSSHSEAFYNSLPSSLPKAYMELRGASHLVSNTPNTTTAKYSIAWLKRFVDDDTRYEQFLCPAPDDPAISEYRSTCPF,89.29,85
V117,TANPYQRGPDPTESSIEAVRGPFAVAQTTVSRLDASGFGGGTIYYPTDTSQGTFGAVAISPGFLASQNSIAWLGPRIASQGFVVITIDTISSFDQPDSRGRQLQAALDYLTTDSTVRDRIDPNRMAVMGHSMGGGGALSAAANNPSLKAAIPLQGWHTRKDWSSVRVPTLIVGAELDTIAPVSSHSEAFYNSLPSSLPKAYMELRGASHTVSNTPNTTTAKYSIAWLKRFVDDDTRYEQFLCPAPDDPAISEYRSTCPF,90.79,0.09
V118,TANPYQRGPDPTESSIEAVRGPFAVAQTTVSRLDASGFGGGTIYYPTDTSQGTFGAVAISPGFTAGQSSIAWLGPRIASQGFVVITIDTISKFDQPDSRGRQLQAALDYLTTDSTVRDRIDPNRMAVMGHSMGGGGALSAAANNPSLKAAIPLQGWHTRKDWSSVRVPTLIVGAELDTIAPVSSHSEAFYNSLPSSLPKAYMELRGASHLVSNTPNTTTAKYSIAWLKRFVDDDTRYEQFLCPAPDDPAISEYRSTCPF,89.3,0.04
V119,TANPYQRGPDPTESSIEAVRGPFAVAQTTVSRLDASGFGGGTIYYPTDTSQGTFGAVAISPGFLAGQKAIAWLGPRIASQGFVVITIDTISSLDQPDSRGRQLQAALDYLTTDSTVRDRIDPNRMAVMGHSMGGGGALSAAANNPSLKAAIPLQGWHTRKDWSSVRVPTLIVGAELDTIAPVSSHSEAFYNSLPSSLPKAYMELRGASHLVSNTPNTTTAKYSIAWLKRFVDDDTRYEQFLCPAPDDPAISEYRSTCPF,88.56,0.12
V120,TANPYQRGPDPTESSIEAVRGPFAVAQTTVSRLDASGFGGGTIYYPTDTSQGTFGAVAISPGFLAGQRAIAWLGPRIASQGFVVITIDTISSLDQPDSRGRQLQAALDYLTTDSTVRDRIDPNRMAVMGHSMGGGGALSAAANNPSLKAAIPLQGWHTRKDWSSVRVPTLIVGAELDTIAPVSSHSEAFYNSLPSSLPKAYMELRGASHLVSNTPNTTTAKYSIAWLKRFVDDDTRYEQFLCPAPDDPAISEYRSTCPF,89.1,0.06
V121,TANPYQRGPDPTESSIEAVRGPFAVAQTTVSRLDASGFGGGTIYYPTDTSQGTFGAVAISPGFLASQNSIAWLGPRIASQGFVVITIDTISKLDQPDSRGRQLQAALDYLTTDSTVRDRIDPNRMAVMGHSMGGGGALSAAANNPSLKAAIPLQGWHTRKDWSSVRVPTLIVGAELDTIAPVSSNSEAFYNSLPSSLPKAYMELRGASHLVSNTPNTTTAKYSIAWLKRFVDDDTRYEQFLCPAPDDPAISEYRSTCPF,87.57,0.02
V122,TANPYQRGPDPTESSIEAVRGPFAVAQTTVSRLDASGFGGGTIYYPTDTSQGTFGAVAISPGFTAGQSSIAWLGPRIASQGFVVITIDTISRFDYPDSRGRQLQAALDYLTTDSTVRDRIDPNRMAVMGHSMGGGGALSAAANNPSLKAAIPLQGWHTRKDWSSVRVPTLIVGAELDTIAPVSSHSEAFYNSLPSSLPKAYMELRGASHTVSNTPNTTTAKYSIAWLKRFVDDDTRYEQFLCPAPDDPAISEYRSTCPF,91.32,0.14
V123,TANPYQRGPDPTESSIEAVRGPFAVAQTTVSRLDASGFGGGTIYYPTDTSQGTFGAVAISPGFLAGQNAIAWLGPRIASQGFVVITIDTISRLDQPDSRGRQLQAALDYLTTDSTVRDRIDPNRMAVMGHSMGGGGALSAAANNPSLKAAIPLQGWHTRKDWSSVRVPTLIVGAELDTIAPVSSYSEAFYNSLPSSLPKAYMELRGASHTVSNTPNTTTAKYSIAWLKRFVDDDTRYEQFLCPAPDDPAISEYRSTCPF,91.01,0.14
V124,TANPYQRGPDPTESSIEAVRGPFAVAQTTVSRLDASGFGGGTIYYPTDTSQGTFGAVAISPGFLAGQSAIAWLGPRIASQGFVVITIDTISRFDQPDSRGRQLQAALDYLTTDSTVRDRIDPNRMAVMGHSMGGGGALSAAANNPSLKAAIPLQGWHTRKDWSSVRVPTLIVGAELDTIAPVSSNSEAFYNSLPSSLPKAYMELRGASHLVSNTPNTTTAKYSIAWLKRFVDDDTRYEQFLCPAPDDPAISEYRSTCPF,88.19,0.11
V125,TANPYQRGPDPTESSIEAVRGPFAVAQTTVSRLDASGFGGGTIYYPTDTSQGTFGAVAISPGFTAGQSSIAWLGPRIASQGFVVITIDTISKLDQPDSRGRQLQAALDYLTTDSTVRDRIDPNRMAVMGHSMGGGGALSAAANNPSLKAAIPLQGWHTRKDWSSVRVPTLIVGAELDTIAPVSSHSEAFYNSLPSSLPKAYMELRGASHLVSNTPNTTTAKYSIAWLKRFVDDDTRYEQFLCPAPDDPAISEYRSTCPF,88.6,0.02
V127,TANPYQRGPDPTESSIEAVRGPFAVAQTTVSRLDASGFGGGTIYYPTDTSQGTFGAVAISPGFTAGQSSIAWLGPRIASQGFVVITIDTISRLDQPDSRGRQLQAALDYLTTDSTVRDRIDPNRMAVMGHSMGGGGALSAAANNPSLKAAIPLQGWHTRKDWSSVRVPTLIVGAELDTIAPVSSYSEAFYNSLPSSLPKAYMELRGASHLVSNTPNTTTAKYSIAWLKRFVDDDTRYEQFLCPAPDDPAISEYRSTCPF,88.08,0.14
V128,TANPYQRGPDPTESSIEAVRGPFAVAQTTVSRLDASGFGGGTIYYPTDTSQGTFGAVAISPGFTAGQKAIAWLGPRIASQGFVVITIDTISRFDQPDSRGRQLQAALDYLTTDSTVRDRIDPNRMAVMGHSMGGGGALSAAANNPSLKAAIPLQGWHTRKDWSSVRVPTLIVGAELDTIAPVSSHSEAFYNSLPSSLPKAYMELRGASHTVSNTPNTTTAKYSIAWLKRFVDDDTRYEQFLCPAPDDPAISEYRSTCPF,89.36,0.09
V130,TANPYQRGPDPTESSIEAVRGPFAVAQTTVSRLDASGFGGGTIYYPTDTSQGTFGAVAISPGFLASQNSIAWLGPRIASQGFVVITIDTISEFDQPDSRGRQLQAALDYLTTDSTVRDRIDPNRMAVMGHSMGGGGALSAAANNPSLKAAIPLQGWHTRKDWSSVRVPTLIVGAELDTIAPVSSHSEAFYNSLPSSLPKAYMELRGASHTVSNTPNTTTAKYSIAWLKRFVDDDTRYEQFLCPAPDDPAISEYRSTCPF,90.93,0.18
V131,TANPYQRGPDPTESSIEAVRGPFAVAQTTVSRLDASGFGGGTIYYPTDTSQGTFGAVAISPGFTAGQSSIAWLGPRIASQGFVVITIDTISELDYPDSRGRQLQAALDYLTTDSTVRDRIDPNRMAVMGHSMGGGGALSAAANNPSLKAAIPLQGWHTRKDWSSVRVPTLIVGAELDTIAPVSSHSEAFYNSLPSSLPKAYMELRGASHLVSNTPNTTTAKYSIAWLKRFVDDDTRYEQFLCPAPDDPAISEYRSTCPF,88.75,0.07
V132,TANPYQRGPDPTESSIEAVRGPFAVAQTTVSRLDASGFGGGTIYYPTDTSQGTFGAVAISPGFNATQSAIAWLGPRIASQGFVVITIDTISRFDYPDSRGRQLQAALDYLTTDSTVRDRIDPNRMAVMGHSMGGGGALSAAANNPSLKAAIPLQGWHTRKDWSSVRVPTLIVGAELDTIAPVSSYSEAFYNSLPSSLPKAYMELRGASHTVSNTPNTTTAKYSIAWLKRFVDDDTRYEQFLCPAPDDPAISEYRSTCPF,95,
V133,TANPYQRGPDPTESSIEAVRGPFAVAQTTVSRLDASGFGGGTIYYPTDTSQGTFGAVAISPGFNASQSSIAWLGPRIASQGFVVITIDTISRFDYPDSRGRQLQAALDYLTTDSTVRDRIDPNRMAVMGHSMGGGGALSAAANNPSLKAAIPLQGWHTRKDWSSVRVPTLIVGAELDTIAPVSSHSEAFYNSLPSSLPKAYMELRGASHTVSNTPNTTTAKYSIAWLKRFVDDDTRYEQFLCPAPDDPAISEYRSTCPF,95,
V134,TANPYQRGPDPTESSIEAVRGPFAVAQTTVSRLDASGFGGGTIYYPTDTSQGTFGAVAISPGFNANQKSIAWLGPRIASQGFVVITIDTISSFDYPDSRGRQLQAALDYLTTDSTVRDRIDPNRMAVMGHSMGGGGALSAAANNPSLKAAIPLQGWHTRKDWSSVRVPTLIVGAELDTIAPVSSYSEAFYNSLPSSLPKAYMELRGASHTVSNTPNTTTAKYSIAWLKRFVDDDTRYEQFLCPAPDDPAISEYRSTCPF,91.85,0.12
V135,TANPYQRGPDPTESSIEAVRGPFAVAQTTVSRLDASGFGGGTIYYPTDTSQGTFGAVAISPGFTAGQSSIAWLGPRIASQGFVVITIDTISRFDYPDSRGRQLQAALDYLTTDSTVRDRIDPNRMAVMGHSMGGGGALSAAANNPSLKAAIPLQGWHTRKDWSSVRVPTLIVGAELDTIAPVSSHSEAFYNSLPSSLPKAYMELRGASHTVSNTPNTTTAKYSIAWLKRFVDDDTRYEQFLCPAPDDPAISEYRSTCPF,90.85,0.3
V136,TANPYQRGPDPTESSIEAVRGPFAVAQTTVSRLDASGFGGGTIYYPTDTSQGTFGAVAISPGFLAGQNAIAWLGPRIASQGFVVITIDTISELDQPDSRGRQLQAALDYLTTDSTVRDRIDPNRMAVMGHSMGGGGALSAAANNPSLKAAIPLQGWHTRKDWSSVRVPTLIVGAELDTIAPVSSNSEAFYNSLPSSLPKAYMELRGASHLVSNTPNTTTAKYSIAWLKRFVDDDTRYEQFLCPAPDDPAISEYRSTCPF,86.65,0.08
V137,TANPYQRGPDPTESSIEAVRGPFAVAQTTVSRLDASGFGGGTIYYPTDTSQGTFGAVAISPGFTAGQESIAWLGPRIASQGFVVITIDTISRFDYPDSRGRQLQAALDYLTTDSTVRDRIDPNRMAVMGHSMGGGGALSAAANNPSLKAAIPLQGWHTRKDWSSVRVPTLIVGAELDTIAPVSSHSEAFYNSLPSSLPKAYMELRGASHTVSNTPNTTTAKYSIAWLKRFVDDDTRYEQFLCPAPDDPAISEYRSTCPF,95,
V138,TANPYQRGPDPTESSIEAVRGPFAVAQTTVSRLDASGFGGGTIYYPTDTSQGTFGAVAISPGFLASQSAIAWLGPRIASQGFVVITIDTISKFDYPDSRGRQLQAALDYLTTDSTVRDRIDPNRMAVMGHSMGGGGALSAAANNPSLKAAIPLQGWHTRKDWSSVRVPTLIVGAELDTIAPVSSHSEAFYNSLPSSLPKAYMELRGASHLVSNTPNTTTAKYSIAWLKRFVDDDTRYEQFLCPAPDDPAISEYRSTCPF,93,
V140,TANPYQRGPDPTESSIEAVRGPFAVAQTTVSRLDASGFGGGTIYYPTDTSQGTFGAVAISPGFTAGQSSIAWLGPRIASQGFVVITIDTISRFDQPDSRGRQLQAALDYLTTDSTVRDRIDPNRMAVMGHSMGGGGALSAAANNPSLKAAIPLQGWHTRKDWSSVRVPTLIVGAELDTIAPVSSHSEAFYNSLPSSLPKAYMELRGASHTVSNTPNTTTAKYSIAWLKRFVDDDTRYEQFLCPAPDDPAISEYRSTCPF,90.64,0.1
V141,TANPYQRGPDPTESSIEAVRGPFAVAQTTVSRLDASGFGGGTIYYPTDTSQGTFGAVAISPGFTAGQSSIAWLGPRIASQGFVVITIDTISRFDYPDSRGRQLQAALDYLTTDSTVRDRIDPNRMAVMGHSMGGGGALSAAANNPSLKAAIPLQGWHTRKDWSSVRVPTLIVGAELDTIAPVSSYSEAFYNSLPSSLPKAYMELRGASHTVSNTPNTTTAKYSIAWLKRFVDDDTRYEQFLCPAPDDPAISEYRSTCPF,91.03,0.17
V145,TANPYQRGPDPTESSIEAVRGPFAVAQTTVSRLDASGFGGGTIYYPTDTSQGTFGAVAISPGFLAGQSSIAWLGPRIASQGFVVITIDTISRLDYPDSRGRQLQAALDYLTTDSTVRDRIDPNRMAVMGHSMGGGGALSAAANNPSLKAAIPLQGWHTRKDWSSVRVPTLIVGAELDTIAPVSSHSEAFYNSLPSSLPKAYMELRGASHTVSNTPNTTTAKYSIAWLKRFVDDDTRYEQFLCPAPDDPAISEYRSTCPF,95,
V146,TANPYQRGPDPTESSIEAVRGPFAVAQTTVSRLDASGFGGGTIYYPTDTSQGTFGAVAISPGFLAGQESIAWLGPRIASQGFVVITIDTISRFDYPDSRGRQLQAALDYLTTDSTVRDRIDPNRMAVMGHSMGGGGALSAAANNPSLKAAIPLQGWHTRKDWSSVRVPTLIVGAELDTIAPVSSNSEAFYNSLPSSLPKAYMELRGASHLVSNTPNTTTAKYSIAWLKRFVDDDTRYEQFLCPAPDDPAISEYRSTCPF,89.39,0.07
V149,TANPYQRGPDPTESSIEAVRGPFAVAQTTVSRLDASGFGGGTIYYPTDTSQGTFGAVAISPGFLASQSSIAWLGPRIASQGFVVITIDTISRFDYPDSRGRQLQAALDYLTTDSTVRDRIDPNRMAVMGHSMGGGGALSAAANNPSLKAAIPLQGWHTRKDWSSVRVPTLIVGAELDTIAPVSSHSEAFYNSLPSSLPKAYMELRGASHTVSNTPNTTTAKYSIAWLKRFVDDDTRYEQFLCPAPDDPAISEYRSTCPF,95,
V150,TANPYQRGPDPTESSIEAVRGPFAVAQTTVSRLDASGFGGGTIYYPTDTSQGTFGAVAISPGFTASQNSIAWLGPRIASQGFVVITIDTISEFDYPDSRGRQLQAALDYLTTDSTVRDRIDPNRMAVMGHSMGGGGALSAAANNPSLKAAIPLQGWHTRKDWSSVRVPTLIVGAELDTIAPVSSHSEAFYNSLPSSLPKAYMELRGASHLVSNTPNTTTAKYSIAWLKRFVDDDTRYEQFLCPAPDDPAISEYRSTCPF,89.76,0.04
V153,TANPYQRGPDPTESSIEAVRGPFAVAQTTVSRLDASGFGGGTIYYPTDTSQGTFGAVAISPGFTAGQNAIAWLGPRIASQGFVVITIDTISRFDYPDSRGRQLQAALDYLTTDSTVRDRIDPNRMAVMGHSMGGGGALSAAANNPSLKAAIPLQGWHTRKDWSSVRVPTLIVGAELDTIAPVSSNSEAFYNSLPSSLPKAYMELRGASHLVSNTPNTTTAKYSIAWLKRFVDDDTRYEQFLCPAPDDPAISEYRSTCPF,85.98,0.07
V155,TANPYQRGPDPTESSIEAVRGPFAVAQTTVSRLDASGFGGGTIYYPTDTSQGTFGAVAISPGFLAGQESIAWLGPRIASQGFVVITIDTISRLDQPDSRGRQLQAALDYLTTDSTVRDRIDPNRMAVMGHSMGGGGALSAAANNPSLKAAIPLQGWHTRKDWSSVRVPTLIVGAELDTIAPVSSHSEAFYNSLPSSLPKAYMELRGASHTVSNTPNTTTAKYSIAWLKRFVDDDTRYEQFLCPAPDDPAISEYRSTCPF,95,
V156,TANPYQRGPDPTESSIEAVRGPFAVAQTTVSRLDASGFGGGTIYYPTDTSQGTFGAVAISPGFLAGQKAIAWLGPRIASQGFVVITIDTISSLDQPDSRGRQLQAALDYLTTDSTVRDRIDPNRMAVMGHSMGGGGALSAAANNPSLKAAIPLQGWHTRKDWSSVRVPTLIVGAELDTIAPVSSHSEAFYNSLPSSLPKAYMELRGASHLVSNTPNTTTAKYSIAWLKRFVDDDTRYEQFLCPAPDDPAISEYRSTCPF,88.45,0.11
V159,TANPYQRGPDPTESSIEAVRGPFAVAQTTVSRLDASGFGGGTIYYPTDTSQGTFGAVAISPGFTAGQSSIAWLGPRIASQGFVVITIDTISRFDYPDSRGRQLQAALDYLTTDSTVRDRIDPNRMAVMGHSMGGGGALSAAANNPSLKAAIPLQGWHTRKDWSSVRVPTLIVGAELDTIAPVSSHSEAFYNSLPSSLPKAYMELRGASHLVSNTPNTTTAKYSIAWLKRFVDDDTRYEQFLCPAPDDPAISEYRSTCPF,89.46,0.06
V160,TANPYQRGPDPTESSIEAVRGPFAVAQTTVSRLDASGFGGGTIYYPTDTSQGTFGAVAISPGFLASQSAIAWLGPRIASQGFVVITIDTISKFDYPDSRGRQLQAALDYLTTDSTVRDRIDPNRMAVMGHSMGGGGALSAAANNPSLKAAIPLQGWHTRKDWSSVRVPTLIVGAELDTIAPVSSHSEAFYNSLPSSLPKAYMELRGASHLVSNTPNTTTAKYSIAWLKRFVDDDTRYEQFLCPAPDDPAISEYRSTCPF,92.11,0.19
V161,TANPYQRGPDPTESSIEAVRGPFAVAQTTVSRLDASGFGGGTIYYPTDTSQGTFGAVAISPGFTAGQSSIAWLGPRIASQGFVVITIDTISSLDQPDSRGRQLQAALDYLTTDSTVRDRIDPNRMAVMGHSMGGGGALSAAANNPSLKAAIPLQGWHTRKDWSSVRVPTLIVGAELDTIAPVSSHSEAFYNSLPSSLPKAYMELRGASHTVSNTPNTTTAKYSIAWLKRFVDDDTRYEQFLCPAPDDPAISEYRSTCPF,89.19,0.03
V162,TANPYQRGPDPTESSIEAVRGPFAVAQTTVSRLDASGFGGGTIYYPTDTSQGTFGAVAISPGFTATQSSIAWLGPRIASQGFVVITIDTISRFDYPDSRGRQLQAALDYLTTDSTVRDRIDPNRMAVMGHSMGGGGALSAAANNPSLKAAIPLQGWHTRKDWSSVRVPTLIVGAELDTIAPVSSHSEAFYNSLPSSLPKAYMELRGASHTVSNTPNTTTAKYSIAWLKRFVDDDTRYEQFLCPAPDDPAISEYRSTCPF,91.84,
V163,TANPYQRGPDPTESSIEAVRGPFAVAQTTVSRLDASGFGGGTIYYPTDTSQGTFGAVAISPGFTAGQSSIAWLGPRIASQGFVVITIDTISGLDQPDSRGRQLQAALDYLTTDSTVRDRIDPNRMAVMGHSMGGGGALSAAANNPSLKAAIPLQGWHTRKDWSSVRVPTLIVGAELDTIAPVSSHSEAFYNSLPSSLPKAYMELRGASHTVSNTPNTTTAKYSIAWLKRFVDDDTRYEQFLCPAPDDPAISEYRSTCPF,89.93,0.04
V164,TANPYQRGPDPTESSIEAVRGPFAVAQTTVSRLDASGFGGGTIYYPTDTSQGTFGAVAISPGFLASQSSIAWLGPRIASQGFVVITIDTISRFDYPDSRGRQLQAALDYLTTDSTVRDRIDPNRMAVMGHSMGGGGALSAAANNPSLKAAIPLQGWHTRKDWSSVRVPTLIVGAELDTIAPVSSHSEAFYNSLPSSLPKAYMELRGASHLVSNTPNTTTAKYSIAWLKRFVDDDTRYEQFLCPAPDDPAISEYRSTCPF,91.84,0.11
V165,TANPYQRGPDPTESSIEAVRGPFAVAQTTVSRLDASGFGGGTIYYPTDTSQGTFGAVAISPGFLATQEAIAWLGPRIASQGFVVITIDTISRFDYPDSRGRQLQAALDYLTTDSTVRDRIDPNRMAVMGHSMGGGGALSAAANNPSLKAAIPLQGWHTRKDWSSVRVPTLIVGAELDTIAPVSSNSEAFYNSLPSSLPKAYMELRGASHTVSNTPNTTTAKYSIAWLKRFVDDDTRYEQFLCPAPDDPAISEYRSTCPF,91.08,0.02
V166,TANPYQRGPDPTESSIEAVRGPFAVAQTTVSRLDASGFGGGTIYYPTDTSQGTFGAVAISPGFLASQKAIAWLGPRIASQGFVVITIDTISEFDQPDSRGRQLQAALDYLTTDSTVRDRIDPNRMAVMGHSMGGGGALSAAANNPSLKAAIPLQGWHTRKDWSSVRVPTLIVGAELDTIAPVSSHSEAFYNSLPSSLPKAYMELRGASHTVSNTPNTTTAKYSIAWLKRFVDDDTRYEQFLCPAPDDPAISEYRSTCPF,92.54,0.31
V169,TANPYQRGPDPTESSIEAVRGPFAVAQTTVSRLDASGFGGGTIYYPTDTSQGTFGAVAISPGFLASQSSIAWLGPRIASQGFVVITIDTISKLDYPDSRGRQLQAALDYLTTDSTVRDRIDPNRMAVMGHSMGGGGALSAAANNPSLKAAIPLQGWHTRKDWSSVRVPTLIVGAELDTIAPVSSHSEAFYNSLPSSLPKAYMELRGASHTVSNTPNTTTAKYSIAWLKRFVDDDTRYEQFLCPAPDDPAISEYRSTCPF,95,
V170,TANPYQRGPDPTESSIEAVRGPFAVAQTTVSRLDASGFGGGTIYYPTDTSQGTFGAVAISPGFTAGQSSIAWLGPRIASQGFVVITIDTISRFDYPDSRGRQLQAALDYLTTDSTVRDRIDPNRMAVMGHSMGGGGALSAAANNPSLKAAIPLQGWHTRKDWSSVRVPTLIVGAELDTIAPVSSHSEAFYNSLPSSLPKAYMELRGASHTVSNTPNTTTAKYSIAWLKRFVDDDTRYEQFLCPAPDDPAISEYRSTCPF,92.34,0.12
V171,TANPYQRGPDPTESSIEAVRGPFAVAQTTVSRLDAYGFGGGTIYYPTDTSQGTFGAVAISPGFLAGQNAIAWLGPRIASQGFVVITIDTISEFDYPDSRGRQLQAALDYLTTDSTVRDRIDPNRMAVMGHSMGGGGALSAAANNPSLKAAIPLQGWHTRKDWSSVRVPTLIVGAELDTIAPVSSHSEAFYNSLPSSLPKAYMELRGASHTVSNTPNTTTAKYSIAWLKRFVDDDTRYEQFLCPAPDDPAISEYRSTCPF,92,0.18
V172,TANPYQRGPDPTESSIEAVRGPFAVAQTTVSRLDASGFGGGTIYYPTDTSQGTFGAVAISPGFLATQESIAWLGPRIASQGFVVITIDTISRFDYPDSRGRQLQAALDYLTTDSTVRDRIDPNRMAVMGHSMGGGGALSAAANNPSLKAAIPLQGWHTRKDWSSVRVPTLIVGAELDTIAPVSSYSEAFYNSLPSSLPKAYMELRGASHTVSNTPNTTTAKYSIAWLKRFVDDDTRYEQFLCPAPDDPAISEYRSTCPF,95,
V174,TANPYQRGPDPTESSIEAVRGPFAVAQTTVSRLDASGFGGGTIYYPTDTSQGTFGAVAISPGFLASQEAIAWLGPRIASQGFVVITIDTISRLDQPDSRGRQLQAALDYLTTDSTVRDRIDPNRMAVMGHSMGGGGALSAAANNPSLKAAIPLQGWHTRKDWSSVRVPTLIVGAELDTIAPVSSHSEAFYNSLPSSLPKAYMELRGASHTVSNTPNTTTAKYSIAWLKRFVDDDTRYEQFLCPAPDDPAISEYRSTCPF,92.66,
V175,TANPYQRGPDPTESSIEAVRGPFAVAQTTVSRLDASGFGGGTIYYPTDTSQGTFGAVAISPGFLAAQNAIAWLGPRIASQGFVVITIDTISEFDYPDSRGRQLQAALDYLTTDSTVRDRIDPNRMAVMGHSMGGGGALSAAANNPSLKAAIPLQGWHTRKDWSSVRVPTLIVGAELDTIAPVSSYSEAFYNSLPSSLPKAYMELRGASHLVSNTPNTTTAKYSIAWLKRFVDDDTRYEQFLCPAPDDPAISEYRSTCPF,91.42,0.07
V178,TANPYQRGPDPTESSIEAVRGPFAVAQTTVSRLDASGFGGGTIYYPTDTSQGTFGAVAISPGFTAGQSSIAWLGPRIASQGFVVITIDTISRFDYPDSRGRQLQAALDYLTTDSTVRDRIDPNRMAVMGHSMGGGGALSAAANNPSLKAAIPLQGWHTRKDWSSVRVPTLIVGAELDTIAPVSSHSEAFYNSLPSSLPKAYMELRGASHTVSNTPNTTTAKYSIAWLKRFVDDDTRYEQFLCPAPDDPAISEYRSTCPF,91.64,1.42
V180,TANPYQRGPDPTESSIEAVRGPFAVAQTTVSRLDASGFGGGTIYYPTDTSQGTFGAVAISPGFNASQSSIAWLGPRIASQGFVVITIDTISRFDYPDSRGRQLQAALDYLTTDSTVRDRIDPNRMAVMGHSMGGGGALSAAANNPSLKAAIPLQGWHTRKDWSSVRVPTLIVGAELDTIAPVSSYSEAFYNSLPSSLPKAYMELRGASHTVSNTPNTTTAKYSIAWLKRFVDDDTRYEQFLCPAPDDPAISEYRSTCPF,95,
V182,TANPYQRGPDPTESSIEAVRGPFAVAQTTVSRLDASGFGGGTIYYPTDTSQGTFGAVAISPGFTANQNSIAWLGPRIASQGFVVITIDTISRFDYPDSRGRQLQAALDYLTTDSTVRDRIDPNRMAVMGHSMGGGGALSAAANNPSLKAAIPLQGWHTRKDWSSVRVPTLIVGAELDTIAPVSSHSEAFYNSLPSSLPKAYMELRGASHTVSNTPNTTTAKYSIAWLKRFVDDDTRYEQFLCPAPDDPAISEYRSTCPF,89.89,0.11
V184,TANPYQRGPDPTESSIEAVRGPFAVAQTTVSRLDASGFGGGTIYYPTDTSQGTFGAVAISPGFTASQSAIAWLGPRIASQGFVVITIDTISRFDYPDSRGRQLQAALDYLTTDSTVRDRIDPNRMAVMGHSMGGGGALSAAANNPSLKAAIPLQGWHTRKDWSSVRVPTLIVGAELDTIAPVSSYSEAFYNSLPSSLPKAYMELRGASHTVSNTPNTTTAKYSIAWLKRFVDDDTRYEQFLCPAPDDPAISEYRSTCPF,91.06,0.08
V185,TANPYQRGPDPTESSIEAVRGPFAVAQTTVSRLDASGFGGGTIYYPTDTSQGTFGAVAISPGFTAGQSSIAWLGPRIASQGFVVITIDTISRFDYPDSRGRQLQAALDYLTTDSTVRDRIDPNRMAVMGHSMGGGGALSAAANNPSLKAAIPLQGWHTRKDWSSVRVPTLIVGAELDTIAPVSSHSEAFYNSLPSSLPKAYMELRGASHTVSNTPNTTTAKYSIAWLKRFVDDDTRYEQFLCPAPDDPAISEYRSTCPF,90.71,0.12
V186,TANPYQRGPDPTESSIEAVRGPFAVAQTTVSRLDASGFGGGTIYYPTDTSQGTFGAVAISPGFTAGQSSIAWLGPRIASQGFVVITIDTISSFDQPDSRGRQLQAALDYLTTDSTVRDRIDPNRMAVMGHSMGGGGALSAAANNPSLKAAIPLQGWHTRKDWSSVRVPTLIVGAELDTIAPVSSYSEAFYNSLPSSLPKAYMELRGASHLVSNTPNTTTAKYSIAWLKRFVDDDTRYEQFLCPAPDDPAISEYRSTCPF,88.32,0.04
V187,TANPYQRGPDPTESSIEAVRGPFAVAQTTVSRLDASGFGGGTIYYPTDTSQGTFGAVAISPGFNAGQSAIAWLGPRIASQGFVVITIDTISRFDYPDSRGRQLQAALDYLTTDSTVRDRIDPNRMAVMGHSMGGGGALSAAANNPSLKAAIPLQGWHTRKDWSSVRVPTLIVGAELDTIAPVSSHSEAFYNSLPSSLPKAYMELRGASHLVSNTPNTTTAKYSIAWLKRFVDDDTRYEQFLCPAPDDPAISEYRSTCPF,92.69,
V188,TANPYQRGPDPTESSIEAVRGPFAVAQTTVSRLDASGFGGGTIYYPTDTSQGTFGAVAISPGFLAGQSSIAWLGPRIASQGFVVITIDTISRFDYPDSRGRQLQAALDYLTTDSTVRDRIDPNRMAVMGHSMGGGGALSAAANNPSLKAAIPLQGWHTRKDWSSVRVPTLIVGAELDTIAPVSSHSEAFYNSLPSSLPKAYMELRGASHTVSNTPNTTTAKYSIAWLKRFVDDDTRYEQFLCPAPDDPAISEYRSTCPF,95,
V189,TANPYQRGPDPTESSIEAVRGPFAVAQTTVSRLDASGFGGGTIYYPTDTSQGTFGAVAISPGFTATQESIAWLGPRIASQGFVVITIDTISRFDYPDSRGRQLQAALDYLTTDSTVRDRIDPNRMAVMGHSMGGGGALSAAANNPSLKAAIPLQGWHTRKDWSSVRVPTLIVGAELDTIAPVSSHSEAFYNSLPSSLPKAYMELRGASHTVSNTPNTTTAKYSIAWLKRFVDDDTRYEQFLCPAPDDPAISEYRSTCPF,91.65,0
V190,TANPYQRGPDPTESSIEAVRGPFAVAQTTVSRLDASGFGGGTIYYPTDTSQGTFGAVAISPGFLAGQNAIAWLGPRIASQGFVVITIDTISRFDYPDSRGRQLQAALDYLTTDSTVRDRIDPNRMAVMGHSMGGGGALSAAANNPSLKAAIPLQGWHTRKDWSSVRVPTLIVGAELDTIAPVSSNSEAFYNSLPSSLPKAYMELRGASHTVSNTPNTTTAKYSIAWLKRFVDDDTRYEQFLCPAPDDPAISEYRSTCPF,89.47,0.04
V191,TANPYQRGPDPTESSIEAVRGPFAVAQTTVSRLDASGFGGGTIYYPTDTSQGTFGAVAISPGFLASQEAIAWLGPRIASQGFVVITIDTISKFDQPDSRGRQLQAALDYLTTDSTVRDRIDPNRMAVMGHSMGGGGALSAAANNPSLKAAIPLQGWHTRKDWSSVRVPTLIVGAELDTIAPVSSHSEAFYNSLPSSLPKAYMELRGASHTVSNTPNTTTAKYSIAWLKRFVDDDTRYEQFLCPAPDDPAISEYRSTCPF,91.65,0.04
V192,TANPYQRGPDPTESSIEAVRGPFAVAQTTVSRLDASGFGGGTIYYPTDTSQGTFGAVAISPGFTAGQSSIAWLGPRIASQGFVVITIDTISRLDYPDSRGRQLQAALDYLTTDSTVRDRIDPNRMAVMGHSMGGGGALSAAANNPSLKAAIPLQGWHTRKDWSSVRVPTLIVGAELDTIAPVSSNSEAFYNSLPSSLPKAYMELRGASHTVSNTPNTTTAKYSIAWLKRFVDDDTRYEQFLCPAPDDPAISEYRSTCPF,87.63,0.08
V193,TANPYQRGPDPTESSIEAVRGPFAVAQTTVSRLDASGFGGGTIYYPTDTSQGTFGAVAISPGFTAGQSSIAWLGPRIASQGFVVITIDTISRFDYPDSRGRQLQAALDYLTTDSTVRDRIDPNRMAVMGHSMGGGGALSAAANNPSLKAAIPLQGWHTRKDWSSVRVPTLIVGAELDTIAPVSSNSEAFYNSLPSSLPKAYMELRGASHLVSNTPNTTTAKYSIAWLKRFVDDDTRYEQFLCPAPDDPAISEYRSTCPF,87.26,0.03
V194,TANPYQRGPDPTESSIEAVRGPFAVAQTTVSRLDASGFGGGTIYYPTDTSQGTFGAVAISPGFTAGQSSIAWLGPRIASQGFVVITIDTISSLDYPDSRGRQLQAALDYLTTDSTVRDRIDPNRMAVMGHSMGGGGALSAAANNPSLKAAIPLQGWHTRKDWSSVRVPTLIVGAELDTIAPVSSHSEAFYNSLPSSLPKAYMELRGASHTVSNTPNTTTAKYSIAWLKRFVDDDTRYEQFLCPAPDDPAISEYRSTCPF,89.47,0.02
V195,TANPYQRGPDPTESSIEAVRGPFAVAQTTVSRLDASGFGGGTIYYPTDTSQGTFGAVAISPGFTAGQSSIAWLGPRIASQGFVVITIDTISRFDYPDSRGRQLQAALDYLTTDSTVRDRIDPNRMAVMGHSMGGGGALSAAANNPSLKAAIPLQGWHTRKDWSSVRVPTLIVGAELDTIAPVSSHSEAFYNSLPSSLPKAYMELRGASHTVSNTPNTTTAKYSIAWLKRFVDDDTRYEQFLCPAPDDPAISEYRSTCPF,90.58,0.15
V196,TANPYQRGPDPTESSIEAVRGPFAVAQTTVSRLDASGFGGGTIYYPTDTSQGTFGAVAISPGFLAGQKSIAWLGPRIASQGFVVITIDTISSFDQPDSRGRQLQAALDYLTTDSTVRDRIDPNRMAVMGHSMGGGGALSAAANNPSLKAAIPLQGWHTRKDWSSVRVPTLIVGAELDTIAPVSSYSEAFYNSLPSSLPKAYMELRGASHTVSNTPNTTTAKYSIAWLKRFVDDDTRYEQFLCPAPDDPAISEYRSTCPF,90.49,0.07
V197,TANPYQRGPDPTESSIEAVRGPFAVAQTTVSRLDASGFGGGTIYYPTDTSQGTFGAVAISPGFTAGQSSIAWLGPRIASQGFVVITIDTISRFDQPDSRGRQLQAALDYLTTDSTVRDRIDPNRMAVMGHSMGGGGALSAAANNPSLKAAIPLQGWHTRKDWSSVRVPTLIVGAELDTIAPVSSYSEAFYNSLPSSLPKAYMELRGASHLVSNTPNTTTAKYSIAWLKRFVDDDTRYEQFLCPAPDDPAISEYRSTCPF,89.34,0.18
V198,TANPYQRGPDPTESSIEAVRGPFAVAQTTVSRLDASGFGGGTIYYPTDTSQGTFGAVAISPGFLAGQKSIAWLGPRIASQGFVVITIDTISKFDYPDSRGRQLQAALDYLTTDSTVRDRIDPNRMAVMGHSMGGGGALSAAANNPSLKAAIPLQGWHTRKDWSSVRVPTLIVGAELDTIAPVSSHSEAFYNSLPSSLPKAYMELRGASHTVSNTPNTTTAKYSIAWLKRFVDDDTRYEQFLCPAPDDPAISEYRSTCPF,91.03,0.34
V199,TANPYQRGPDPTESSIEAVRGPFAVAQTTVSRLDASGFGGGTIYYPTDTSQGTFGAVAISPGFLASQSAIAWLGPRIASQGFVVITIDTISRFDYPDSRGRQLQAALDYLTTDSTVRDRIDPNRMAVMGHSMGGGGALSAAANNPSLKAAIPLQGWHTRKDWSSVRVPTLIVGAELDTIAPVSSHSEAFYNSLPSSLPKAYMELRGASHTVSNTPNTTTAKYSIAWLKRFVDDDTRYEQFLCPAPDDPAISEYRSTCPF,95,
V200,TANPYQRGPDPTESSIEAVRGPFAVAQTTVSRLDASGFGGGTIYYPTDTSQGTFGAVAISPGFLANQSAIAWLGPRIASQGFVVITIDTISRFDYPDSRGRQLQAALDYLTTDSTVRDRIDPNRMAVMGHSMGGGGALSAAANNPSLKAAIPLQGWHTRKDWSSVRVPTLIVGAELDTIAPVSSYSEAFYNSLPSSLPKAYMELRGASHTVSNTPNTTTAKYSIAWLKRFVDDDTRYEQFLCPAPDDPAISEYRSTCPF,95,
V201,TANPYQRGPDPTESSIEAVRGPFAVAQTTVSRLDASGFGGGTIYYPTDTSQGTFGAVAISPGFNASQSAIAWLGPRIASQGFVVITIDTISRLDYPDSRGRQLQAALDYLTTDSTVRDRIDPNRMAVMGHSMGGGGALSAAANNPSLKAAIPLQGWHTRKDWSSVRVPTLIVGAELDTIAPVSSHSEAFYNSLPSSLPKAYMELRGASHLVSNTPNTTTAKYSIAWLKRFVDDDTRYEQFLCPAPDDPAISEYRSTCPF,91.05,0.18
V202,TANPYQRGPDPTESSIEAVRGPFAVAQTTVSRLDASGFGGGTIYYPTDTSQGTFGAVAISPGFLATQKAIAWLGPRIASQGFVVITIDTISSFDYPDSRGRQLQAALDYLTTDSTVRDRIDPNRMAVMGHSMGGGGALSAAANNPSLKAAIPLQGWHTRKDWSSVRVPTLIVGAELDTIAPVSSHSEAFYNSLPSSLPKAYMELRGASHLVSNTPNTTTAKYSIAWLKRFVDDDTRYEQFLCPAPDDPAISEYRSTCPF,90.49,0.06
V203,TANPYQRGPDPTESSIEAVRGPFAVAQTTVSRLDASGFGGGTIYYPTDTSQGTFGAVAISPGFTAGQSAIAWLGPRIASQGFVVITIDTISSLDYPDSRGRQLQAALDYLTTDSTVRDRIDPNRMAVMGHSMGGGGALSAAANNPSLKAAIPLQGWHTRKDWSSVRVPTLIVGAELDTIAPVSSYSEAFYNSLPSSLPKAYMELRGASHLVSNTPNTTTAKYSIAWLKRFVDDDTRYEQFLCPAPDDPAISEYRSTCPF,87.89,0.07
V204,TANPYQRGPDPTESSIEAVRGPFAVAQTTVSRLDASGFGGGTIYYPTDTSQGTFGAVAISPGFLASQSAIAWLGPRIASQGFVVITIDTISRFDYPDSRGRQLQAALDYLTTDSTVRDRIDPNRMAVMGHSMGGGGALSAAANNPSLKAAIPLQGWHTRKDWSSVRVPTLIVGAELDTIAPVSSHSEAFYNSLPSSLPKAYMELRGASHTVSNTPNTTTAKYSIAWLKRFVDDDTRYEQFLCPAPDDPAISEYRSTCPF,95,
V205,TANPYQRGPDPTESSIEAVRGPFAVAQTTVSRLDASGFGGGTIYYPTDTSQGTFGAVAISPGFTATQNAIAWLGPRIASQGFVVITIDTISSFDYPDSRGRQLQAALDYLTTDSTVRDRIDPNRMAVMGHSMGGGGALSAAANNPSLKAAIPLQGWHTRKDWSSVRVPTLIVGAELDTIAPVSSHSEAFYNSLPSSLPKAYMELRGASHLVSNTPNTTTAKYSIAWLKRFVDDDTRYEQFLCPAPDDPAISEYRSTCPF,89.02,0.11
V206,TANPYQRGPDPTESSIEAVRGPFAVAQTTVSRLDASGFGGGTIYYPTDTSQGTFGAVAISPGFLANQSSIAWLGPRIASQGFVVITIDTISKFDQPDSRGRQLQAALDYLTTDSTVRDRIDPNRMAVMGHSMGGGGALSAAANNPSLKAAIPLQGWHTRKDWSSVRVPTLIVGAELDTIAPVSSHSEAFYNSLPSSLPKAYMELRGASHTVSNTPNTTTAKYSIAWLKRFVDDDTRYEQFLCPAPDDPAISEYRSTCPF,91.19,0.29
V207,TANPYQRGPDPTESSIEAVRGPFAVAQTTVSRLDASGFGGGTIYYPTDTSQGTFGAVAISPGFTAGQSSIAWLGPRIASQGFVVITIDTISRFDYPDSRGRQLQAALDYLTTDSTVRDRIDPNRMAVMGHSMGGGGALSAAANNPSLKAAIPLQGWHTRKDWSSVRVPTLIVGAELDTIAPVSSHSEAFYNSLPSSLPKAYMELRGASHTVSNTPNTTTAKYSIAWLKRFVDDDTRYEQFLCPAPDDPAISEYRSTCPF,90.58,0.23
V208,TANPYQRGPDPTESSIEAVRGPFAVAQTTVSRLDASGFGGGTIYYPTDTSQGTFGAVAISPGFLAGQSAIAWLGPRIASQGFVVITIDTISRFDYPDSRGRQLQAALDYLTTDSTVRDRIDPNRMAVMGHSMGGGGALSAAANNPSLKAAIPLQGWHTRKDWSSVRVPTLIVGAELDTIAPVSSHSEAFYNSLPSSLPKAYMELRGASHTVSNTPNTTTAKYSIAWLKRFVDDDTRYEQFLCPAPDDPAISEYRSTCPF,95,
V209,TANPYQRGPDPTESSIEAVRGPFAVAQTTVSRLDASGFGGGTIYYPTDTSQGTFGAVAISPGFLAGQSAIAWLGPRIASQGFVVITIDTISRFDYPDSRGRQLQAALDYLTTDSTVRDRIDPNRMAVMGHSMGGGGALSAAANNPSLKAAIPLQGWHTRKDWSSVRVPTLIVGAELDTIAPVSSHSEAFYNSLPSSLPKAYMELRGASHTVSNTPNTTTAKYSIAWLKRFVDDDTRYEQFLCPAPDDPAISEYRSTCPF,95,
V210,TANPYQRGPDPTESSIEAVRGPFAVAQTTVSRLDASGFGGGTIYYPTDTSQGTFGAVAISPGFTAGQSSIAWLGPRIASQGFVVITIDTISRFDYPDSRGRQLQAALDYLTTDSTVRDRIDPNRMAVMGHSMGGGGALSAAANNPSLKAAIPLQGWHTRKDWSSVRVPTLIVGAELDTIAPVSSHSEAFYNSLPSSLPKAYMELRGASHTVSNTPNTTTAKYSIAWLKRFVDDDTRYEQFLCPAPDDPAISEYRSTCPF,90.69,0.03
V211,TANPYQRGPDPTESSIEAVRGPFAVAQTTVSRLDASGFGGGTIYYPTDTSQGTFGAVAISPGFLATQSAIAWLGPRIASQGFVVITIDTISSLDYPDSRGRQLQAALDYLTTDSTVRDRIDPNRMAVMGHSMGGGGALSAAANNPSLKAAIPLQGWHTRKDWSSVRVPTLIVGAELDTIAPVSSHSEAFYNSLPSSLPKAYMELRGASHTVSNTPNTTTAKYSIAWLKRFVDDDTRYEQFLCPAPDDPAISEYRSTCPF,95,
V212,TANPYQRGPDPTESSIEAVRGPFAVAQTTVSRLDASGFGGGTIYYPTDTSQGTFGAVAISPGFTAGQSSIAWLGPRIASQGFVVITIDTISRFDQPDSRGRQLQAALDYLTTDSTVRDRIDPNRMAVMGHSMGGGGALSAAANNPSLKAAIPLQGWHTRKDWSSVRVPTLIVGAELDTIAPVSSHSEAFYNSLPSSLPKAYMELRGASHTVSNTPNTTTAKYSIAWLKRFVDDDTRYEQFLCPAPDDPAISEYRSTCPF,90.07,0.04
V213,TANPYQRGPDPTESSIEAVRGPFAVAQTTVSRLDASGFGGGTIYYPTDTSQGTFGAVAISPGFTAGQKAIAWLGPRIASQGFVVITIDTISRFDQPDSRGRQLQAALDYLTTDSTVRDRIDPNRMAVMGHSMGGGGALSAAANNPSLKAAIPLQGWHTRKDWSSVRVPTLIVGAELDTIAPVSSHSEAFYNSLPSSLPKAYMELRGASHTVSNTPNTTTAKYSIAWLKRFVDDDTRYEQFLCPAPDDPAISEYRSTCPF,89.77,0.08
V214,TANPYQRGPDPTESSIEAVRGPFAVAQTTVSRLDASGFGGGTIYYPTDTSQGTFGAVAISPGFTAGQEAIAWLGPRIASQGFVVITIDTISRLDYPDSRGRQLQAALDYLTTDSTVRDRIDPNRMAVMGHSMGGGGALSAAANNPSLKAAIPLQGWHTRKDWSSVRVPTLIVGAELDTIAPVSSHSEAFYNSLPSSLPKAYMELRGASHLVSNTPNTTTAKYSIAWLKRFVDDDTRYEQFLCPAPDDPAISEYRSTCPF,89.64,0.02
V215,TANPYQRGPDPTESSIEAVRGPFAVAQTTVSRLDASGFGGGTIYYPTDTSQGTFGAVAISPGFLAGQESIAWLGPRIASQGFVVITIDTISRLDQPDSRGRQLQAALDYLTTDSTVRDRIDPNRMAVMGHSMGGGGALSAAANNPSLKAAIPLQGWHTRKDWSSVRVPTLIVGAELDTIAPVSSHSEAFYNSLPSSLPKAYMELRGASHTVSNTPNTTTAKYSIAWLKRFVDDDTRYEQFLCPAPDDPAISEYRSTCPF,92.54,0.24
V217,TANPYQRGPDPTESSIEAVRGPFAVAQTTVSRLDASGFGGGTIYYPTDTSQGTFGAVAISPGFTAGQSSIAWLGPRIASQGFVVITIDTISKFDYPDSRGRQLQAALDYLTTDSTVRDRIDPNRMAVMGHSMGGGGALSAAANNPSLKAAIPLQGWHTRKDWSSVRVPTLIVGAELDTIAPVSSHSEAFYNSLPSSLPKAYMELRGASHTVSNTPNTTTAKYSIAWLKRFVDDDTRYEQFLCPAPDDPAISEYRSTCPF,90.89,0.07
V218,TANPYQRGPDPTESSIEAVRGPFAVAQTTVSRLDASGFGGGTIYYPTDTSQGTFGAVAISPGFTATQSSIAWLGPRIASQGFVVITIDTISSFDYPDSRGRQLQAALDYLTTDSTVRDRIDPNRMAVMGHSMGGGGALSAAANNPSLKAAIPLQGWHTRKDWSSVRVPTLIVGAELDTIAPVSSNSEAFYNSLPSSLPKAYMELRGASHTVSNTPNTTTAKYSIAWLKRFVDDDTRYEQFLCPAPDDPAISEYRSTCPF,87.94,0.08
V219,TANPYQRGPDPTESSIEAVRGPFAVAQTTVSRLDASGFGGGTIYYPTDTSQGTFGAVAISPGFTASQSAIAWLGPRIASQGFVVITIDTISRFDYPDSRGRQLQAALDYLTTDSTVRDRIDPNRMAVMGHSMGGGGALSAAANNPSLKAAIPLQGWHTRKDWSSVRVPTLIVGAELDTIAPVSSHSEAFYNSLPSSLPKAYMELRGASHLVSNTPNTTTAKYSIAWLKRFVDDDTRYEQFLCPAPDDPAISEYRSTCPF,90,0.04
V220,TANPYQRGPDPTESSIEAVRGPFAVAQTTVSRLDASGFGGGTIYYPTDTSQGTFGAVAISPGFTAGQSSIAWLGPRIASQGFVVITIDTISRFDYPDSRGRQLQAALDYLTTDSTVRDRIDPNRMAVMGHSMGGGGALSAAANNPSLKAAIPLQGWHTRKDWSSVRVPTLIVGAELDTIAPVSSHSEAFYNSLPSSLPKAYMELRGASHTVSNTPNTTTAKYSIAWLKRFVDDDTRYEQFLCPAPDDPAISEYRSTCPF,90.5,0.04
V221,TANPYQRGPDPTESSIEAVRGPFAVAQTTVSRLDASGFGGGTIYYPTDTSQGTFGAVAISPGFLASQNAIAWLGPRIASQGFVVITIDTISKFDYPDSRGRQLQAALDYLTTDSTVRDRIDPNRMAVMGHSMGGGGALSAAANNPSLKAAIPLQGWHTRKDWSSVRVPTLIVGAELDTIAPVSSHSEAFYNSLPSSLPKAYMELRGASHLVSNTPNTTTAKYSIAWLKRFVDDDTRYEQFLCPAPDDPAISEYRSTCPF,91.91,0.28
V222,TANPYQRGPDPTESSIEAVRGPFAVAQTTVSRLDASGFGGGTIYYPTDTSQGTFGAVAISPGFTAGQKAIAWLGPRIASQGFVVITIDTISRFDYPDSRGRQLQAALDYLTTDSTVRDRIDPNRMAVMGHSMGGGGALSAAANNPSLKAAIPLQGWHTRKDWSSVRVPTLIVGAELDTIAPVSSHSEAFYNSLPSSLPKAYMELRGASHTVSNTPNTTTAKYSIAWLKRFVDDDTRYEQFLCPAPDDPAISEYRSTCPF,89.4,
V223,TANPYQRGPDPTESSIEAVRGPFAVAQTTVSRLDASGFGGGTIYYPTDTSQGTFGAVAISPGFTAGQSSIAWLGPRIASQGFVVITIDTISKFDYPDSRGRQLQAALDYLTTDSTVRDRIDPNRMAVMGHSMGGGGALSAAANNPSLKAAIPLQGWHTRKDWSSVRVPTLIVGAELDTIAPVSSHSEAFYNSLPSSLPKAYMELRGASHTVSNTPNTTTAKYSIAWLKRFVDDDTRYEQFLCPAPDDPAISEYRSTCPF,90.73,0.23
V224,TANPYQRGPDPTESSIEAVRGPFAVAQTTVSRLDASGFGGGTIYYPTDTSQGTFGAVAISPGFTATQSSIAWLGPRIASQGFVVITIDTISRFDYPDSRGRQLQAALDYLTTDSTVRDRIDPNRMAVMGHSMGGGGALSAAANNPSLKAAIPLQGWHTRKDWSSVRVPTLIVGAELDTIAPVSSHSEAFYNSLPSSLPKAYMELRGASHLVSNTPNTTTAKYSIAWLKRFVDDDTRYEQFLCPAPDDPAISEYRSTCPF,91.04,0.15
V225,TANPYQRGPDPTESSIEAVRGPFAVAQTTVSRLDASGFGGGTIYYPTDTSQGTFGAVAISPGFTASQEAIAWLGPRIASQGFVVITIDTISRFDQPDSRGRQLQAALDYLTTDSTVRDRIDPNRMAVMGHSMGGGGALSAAANNPSLKAAIPLQGWHTRKDWSSVRVPTLIVGAELDTIAPVSSHSEAFYNSLPSSLPKAYMELRGASHTVSNTPNTTTAKYSIAWLKRFVDDDTRYEQFLCPAPDDPAISEYRSTCPF,90.31,0.14
V226,TANPYQRGPDPTESSIEAVRGPFAVAQTTVSRLDASGFGGGTIYYPTDTSQGTFGAVAISPGFTAGQSSIAWLGPRIASQGFVVITIDTISSLDYPDSRGRQLQAALDYLTTDSTVRDRIDPNRMAVMGHSMGGGGALSAAANNPSLKAAIPLQGWHTRKDWSSVRVPTLIVGAELDTIAPVSSHSEAFYNSLPSSLPKAYMELRGASHLVSNTPNTTTAKYSIAWLKRFVDDDTRYEQFLCPAPDDPAISEYRSTCPF,89.17,0.06
V229,TANPYQRGPDPTESSIEAVRGPFAVAQTTVSRLDASGFGGGTIYYPTDTSQGTFGAVAISPGFLAGQSSIAWLGPRIASQGFVVITIDTISKLDQPDSRGRQLQAALDYLTTDSTVRDRIDPNRMAVMGHSMGGGGALSAAANNPSLKAAIPLQGWHTRKDWSSVRVPTLIVGAELDTIAPVSSHSEAFYNSLPSSLPKAYMELRGASHTVSNTPNTTTAKYSIAWLKRFVDDDTRYEQFLCPAPDDPAISEYRSTCPF,95,
V230,TANPYQRGPDPTESSIEAVRGPFAVAQTTVSRLDASGFGGGTIYYPTDTSQGTFGAVAISPGFLAGQEAIAWLGPRIASQGFVVITIDTISRFDYPDSRGRQLQAALDYLTTDSTVRDRIDPNRMAVMGHSMGGGGALSAAANNPSLKAAIPLQGWHTRKDWSSVRVPTLIVGAELDTIAPVSSHSEAFYNSLPSSLPKAYMELRGASHTVSNTPNTTTAKYSIAWLKRFVDDDTRYEQFLCPAPDDPAISEYRSTCPF,95,
V231,TANPYQRGPDPTESSIEAVRGPFAVAQTTVSRLDASGFGGGTIYYPTDTSQGTFGAVAISPGFLASQKAIAWLGPRIASQGFVVITIDTISSFDYPDSRGRQLQAALDYLTTDSTVRDRIDPNRMAVMGHSMGGGGALSAAANNPSLKAAIPLQGWHTRKDWSSVRVPTLIVGAELDTIAPVSSHSEAFYNSLPSSLPKAYMELRGASHTVSNTPNTTTAKYSIAWLKRFVDDDTRYEQFLCPAPDDPAISEYRSTCPF,95,0.05
V234,TANPYQRGPDPTESSIEAVRGPFAVAQTTVSRLDASGFGGGTIYYPTDTSQGTFGAVAISPGFLASQSAIAWLGPRIASQGFVVITIDTISRFDQPDSRGRQLQAALDYLTTDSTVRDRIDPNRMAVMGHSMGGGGALSAAANNPSLKAAIPLQGWHTRKDWSSVRVPTLIVGAELDTIAPVSSNSEAFYNSLPSSLPKAYMELRGASHLVSNTPNTTTAKYSIAWLKRFVDDDTRYEQFLCPAPDDPAISEYRSTCPF,87.4,0.28
V235,TANPYQRGPDPTESSIEAVRGPFAVAQTTVSRLDASGFGGGTIYYPTDTSQGTFGAVAISPGFTASQEAIAWLGPRIASQGFVVITIDTISSFDQPDSRGRQLQAALDYLTTDSTVRDRIDPNRMAVMGHSMGGGGALSAAANNPSLKAAIPLQGWHTRKDWSSVRVPTLIVGAELDTIAPVSSNSEAFYNSLPSSLPKAYMELRGASHTVSNTPNTTTAKYSIAWLKRFVDDDTRYEQFLCPAPDDPAISEYRSTCPF,86.23,0.09
V236,TANPYQRGPDPTESSIEAVRGPFAVAQTTVSRLDASGFGGGTIYYPTDTSQGTFGAVAISPGFTAGQSSIAWLGPRIASQGFVVITIDTISEFDYPDSRGRQLQAALDYLTTDSTVRDRIDPNRMAVMGHSMGGGGALSAAANNPSLKAAIPLQGWHTRKDWSSVRVPTLIVGAELDTIAPVSSHSEAFYNSLPSSLPKAYMELRGASHTVSNTPNTTTAKYSIAWLKRFVDDDTRYEQFLCPAPDDPAISEYRSTCPF,90.64,0.17
V237,TANPYQRGPDPTESSIEAVRGPFAVAQTTVSRLDASGFGGGTIYYPTDTSQGTFGAVAISPGFTAGQSSIAWLGPRIASQGFVVITIDTISSFDQPDSRGRQLQAALDYLTTDSTVRDRIDPNRMAVMGHSMGGGGALSAAANNPSLKAAIPLQGWHTRKDWSSVRVPTLIVGAELDTIAPVSSHSEAFYNSLPSSLPKAYMELRGASHTVSNTPNTTTAKYSIAWLKRFVDDDTRYEQFLCPAPDDPAISEYRSTCPF,90,0.05
V241,TANPYQRGPDPTESSIEAVRGPFAVAQTTVSRLDASGFGGGTIYYPTDTSQGTFGAVAISPGFTAGQKSIAWLGPRIASQGFVVITIDTISSLDQPDSRGRQLQAALDYLTTDSTVRDRIDPNRMAVMGHSMGGGGALSAAANNPSLKAAIPLQGWHTRKDWSSVRVPTLIVGAELDTIAPVSSNSEAFYNSLPSSLPKAYMELRGASHTVSNTPNTTTAKYSIAWLKRFVDDDTRYEQFLCPAPDDPAISEYRSTCPF,90.87,0.24
V240,TANPYQRGPDPTESSIEAVRGPFAVAQTTVSRLDASGFGGGTIYYPTDTSQGTFGAVAISPGFLASQSAIAWLGPRIASQGFVVITIDTISELDYPDSRGRQLQAALDYLTTDSTVRDRIDPNRMAVMGHSMGGGGALSAAANNPSLKAAIPLQGWHTRKDWSSVRVPTLIVGAELDTIAPVSSHSEAFYNSLPSSLPKAYMELRGASHLVSNTPNTTTAKYSIAWLKRFVDDDTRYEQFLCPAPDDPAISEYRSTCPF,86.08,0.1
V246,TANPYQRGPDPTESSIEAVRGPFAVAQTTVSRLDASGFGGGTIYYPTDTSQGTFGAVAISPGFTATQNSIAWLGPRIASQGFVVITIDTISSLDQPDSRGRQLQAALDYLTTDSTVRDRIDPNRMAVMGHSMGGGGALSAAANNPSLKAAIPLQGWHTRKDWSSVRVPTLIVGAELDTIAPVSSNSEAFYNSLPSSLPKAYMELRGASHTVSNTPNTTTAKYSIAWLKRFVDDDTRYEQFLCPAPDDPAISEYRSTCPF,86.33,0.13
V247,TANPYQRGPDPTESSIEAVRGPFAVAQTTVSRLDASGFGGGTIYYPTDTSQGTFGAVAISPGFLATQKAIAWLGPRIASQGFVVITIDTISRFDYPDSRGRQLQAALDYLTTDSTVRDRIDPNRMAVMGHSMGGGGALSAAANNPSLKAAIPLQGWHTRKDWSSVRVPTLIVGAELDTIAPVSSHSEAFYNSLPSSLPKAYMELRGASHLVSNTPNTTTAKYSIAWLKRFVDDDTRYEQFLCPAPDDPAISEYRSTCPF,95,
V251,TANPYQRGPDPTESSIEAVRGPFAVAQTTVSRLDASGFGGGTIYYPTDTSQGTFGAVAISPGFLAGQSAIAWLGPRIASQGFVVITIDTISRFDYPDSRGRQLQAALDYLTTDSTVRDRIDPNRMAVMGHSMGGGGALSAAANNPSLKAAIPLQGWHTRKDWSSVRVPTLIVGAELDTIAPVSSNSEAFYNSLPSSLPKAYMELRGASHTVSNTPNTTTAKYSIAWLKRFVDDDTRYEQFLCPAPDDPAISEYRSTCPF,89.85,0.01
V252,TANPYQRGPDPTESSIEAVRGPFAVAQTTVSRLDASGFGGGTIYYPTDTSQGTFGAVAISPGFTAGQSSIAWLGPRIASQGFVVITIDTISRFDYPDSRGRQLQAALDYLTTDSTVRDRIDPNRMAVMGHSMGGGGALSAAANNPSLKAAIPLQGWHTRKDWSSVRVPTLIVGAELDTIAPVSSHSEAFYNSLPSSLPKAYMELRGASHTVSNTPNTTTAKYSIAWLKRFVDDDTRYEQFLCPAPDDPAISEYRSTCPF,91.9,0.16
V253,TANPYQRGPDPTESSIEAVRGPFAVAQTTVSRLDASGFGGGTIYYPTDTSQGTFGAVAISPGFTAGQSSIAWLGPRIASQGFVVITIDTISRFDYPDSRGRQLQAALDYLTTDSTVRDRIDPNRMAVMGHSMGGGGALSAAANNPSLKAAIPLQGWHTRKDWSSVRVPTLIVGAELDTIAPVSSHSEAFYNSLPSSLPKAYMELRGASHTVSNTPNTTTAKYSIAWLKRFVDDDTRYEQFLCPAPDDPAISEYRSTCPF,92.14,0.41
V254,TANPYQRGPDPTESSIEAVRGPFAVAQTTVSRLDASGFGGGTIYYPTDTSQGTFGAVAISPGFTASQSSIAWLGPRIASQGFVVITIDTISRFDYPDSRGRQLQAALDYLTTDSTVRDRIDPNRMAVMGHSMGGGGALSAAANNPSLKAAIPLQGWHTRKDWSSVRVPTLIVGAELDTIAPVSSHSEAFYNSLPSSLPKAYMELRGASHLVSNTPNTTTAKYSIAWLKRFVDDDTRYEQFLCPAPDDPAISEYRSTCPF,90.11,0.06
V255,TANPYQRGPDPTESSIEAVRGPFAVAQTTVSRLDASGFGGGTIYYPTDTSQGTFGAVAISPGFNAGQKSIAWLGPRIASQGFVVITIDTISRFDYPDSRGRQLQAALDYLTTDSTVRDRIDPNRMAVMGHSMGGGGALSAAANNPSLKAAIPLQGWHTRKDWSSVRVPTLIVGAELDTIAPVSSHSEAFYNSLPSSLPKAYMELRGASHLVSNTPNTTTAKYSIAWLKRFVDDDTRYEQFLCPAPDDPAISEYRSTCPF,92.39,0.22
V256,TANPYQRGPDPTESSIEAVRGPFAVAQTTVSRLDASGFGGGTIYYPTDTSQGTFGAVAISPGFTATQNAIAWLGPRIASQGFVVITIDTISELDQPDSRGRQLQAALDYLTTDSTVRDRIDPNRMAVMGHSMGGGGALSAAANNPSLKAAIPLQGWHTRKDWSSVRVPTLIVGAELDTIAPVSSYSEAFYNSLPSSLPKAYMELRGASHTVSNTPNTTTAKYSIAWLKRFVDDDTRYEQFLCPAPDDPAISEYRSTCPF,89.14,0.09
V257,TANPYQRGPDPTESSIEAVRGPFAVAQTTVSRLDASGFGGGTIYYPTDTSQGTFGAVAISPGFLAGQSSIAWLGPRIASQGFVVITIDTISKFDQPDSRGRQLQAALDYLTTDSTVRDRIDPNRMAVMGHSMGGGGALSAAANNPSLKAAIPLQGWHTRKDWSSVRVPTLIVGAELDTIAPVSSHSEAFYNSLPSSLPKAYMELRGASHTVSNTPNTTTAKYSIAWLKRFVDDDTRYEQFLCPAPDDPAISEYRSTCPF,95,
V258,TANPYQRGPDPTESSIEAVRGPFAVAQTTVSRLDASGFGGGTIYYPTDTSQGTFGAVAISPGFTAGQSSIAWLGPRIASQGFVVITIDTISELDQPDSRGRQLQAALDYLTTDSTVRDRIDPNRMAVMGHSMGGGGALSAAANNPSLKAAIPLQGWHTRKDWSSVRVPTLIVGAELDTIAPVSSHSEAFYNSLPSSLPKAYMELRGASHTVSNTPNTTTAKYSIAWLKRFVDDDTRYEQFLCPAPDDPAISEYRSTCPF,89.53,0.08
V260,TANPYQRGPDPTESSIEAVRGPFAVAQTTVSRLDASGFGGGTIYYPTDTSQGTFGAVAISPGFTAGQSSIAWLGPRIASQGFVVITIDTISRFDYPDSRGRQLQAALDYLTTDSTVRDRIDPNRMAVMGHSMGGGGALSAAANNPSLKAAIPLQGWHTRKDWSSVRVPTLIVGAELDTIAPVSSYSEAFYNSLPSSLPKAYMELRGASHTVSNTPNTTTAKYSIAWLKRFVDDDTRYEQFLCPAPDDPAISEYRSTCPF,90.72,0.07
V263,TANPYQRGPDPTESSIEAVRGPFAVAQTTVSRLDASGFGGGTIYYPTDTSQGTFGAVAISPGFTAGQSSIAWLGPRIASQGFVVITIDTISRFDYPDSRGRQLQAALDYLTTDSTVRDRIDPNRMAVMGHSMGGGGALSAAANNPSLKAAIPLQGWHTRKDWSSVRVPTLIVGAELDTIAPVSSHSEAFYNSLPSSLPKAYMELRGASHTVSNTPNTTTAKYSIAWLKRFVDDDTRYEQFLCPAPDDPAISEYRSTCPF,90.88,0.03
V265,TANPYQRGPDPTESSIEAVRGPFAVAQTTVSRLDASGFGGGTIYYPTDTSQGTFGAVAISPGFLAGQSSIAWLGPRIASQGFVVITIDTISRFDYPDSRGRQLQAALDYLTTDSTVRDRIDPNRMAVMGHSMGGGGALSAAANNPSLKAAIPLQGWHTRKDWSSVRVPTLIVGAELDTIAPVSSHSEAFYNSLPSSLPKAYMELRGASHLVSNTPNTTTAKYSIAWLKRFVDDDTRYEQFLCPAPDDPAISEYRSTCPF,91.22,0.08
V266,TANPYQRGPDPTESSIEAVRGPFAVAQTTVSRLDASGFGGGTIYYPTDTSQGTFGAVAISPGFTAGQSAIAWLGPRIASQGFVVITIDTISSFDYPDSRGRQLQAALDYLTTDSTVRDRIDPNRMAVMGHSMGGGGALSAAANNPSLKAAIPLQGWHTRKDWSSVRVPTLIVGAELDTIAPVSSHSEAFYNSLPSSLPKAYMELRGASHTVSNTPNTTTAKYSIAWLKRFVDDDTRYEQFLCPAPDDPAISEYRSTCPF,89.63,0.07
V267,TANPYQRGPDPTESSIEAVRGPFAVAQTTVSRLDASGFGGGTIYYPTDTSQGTFGAVAISPGFTAGQKSIAWLGPRIASQGFVVITIDTISSLDQPDSRGRQLQAALDYLTTDSTVRDRIDPNRMAVMGHSMGGGGALSAAANNPSLKAAIPLQGWHTRKDWSSVRVPTLIVGAELDTIAPVSSYSEAFYNSLPSSLPKAYMELRGASHTVSNTPNTTTAKYSIAWLKRFVDDDTRYEQFLCPAPDDPAISEYRSTCPF,88.85,0.1
V268,TANPYQRGPDPTESSIEAVRGPFAVAQTTVSRLDASGFGGGTIYYPTDTSQGTFGAVAISPGFTAGQSSIAWLGPRIASQGFVVITIDTISRFDYPDSRGRQLQAALDYLTTDSTVRDRIDPNRMAVMGHSMGGGGALSAAANNPSLKAAIPLQGWHTRKDWSSVRVPTLIVGAELDTIAPVSSHSEAFYNSLPSSLPKAYMELRGASHTVSNTPNTTTAKYSIAWLKRFVDDDTRYEQFLCPAPDDPAISEYRSTCPF,91,0.1
V269,TANPYQRGPDPTESSIEAVRGPFAVAQTTVSRLDASGFGGGTIYYPTDTSQGTFGAVAISPGFLAGQSAIAWLGPRIASQGFVVITIDTISSLDQPDSRGRQLQAALDYLTTDSTVRDRIDPNRMAVMGHSMGGGGALSAAANNPSLKAAIPLQGWHTRKDWSSVRVPTLIVGAELDTIAPVSSHSEAFYNSLPSSLPKAYMELRGASHLVSNTPNTTTAKYSIAWLKRFVDDDTRYEQFLCPAPDDPAISEYRSTCPF,89.26,0.02
V271,TANPYQRGPDPTESSIEAVRGPFAVAQTTVSRLDASGFGGGTIYYPTDTSQGTFGAVAISPGFTAGQSSIAWLGPRIASQGFVVITIDTISRFDYPDSRGRQLQAALDYLTTDSTVRDRIDPNRMAVMGHSMGGGGALSAAANNPSLKAAIPLQGWHTRKDWSSVRVPTLIVGAELDTIAPVSSHSEAFYNSLPSSLPKAYMELRGASHTVSNTPNTTTAKYSIAWLKRFVDDDTRYEQFLCPAPDDPAISEYRSTCPF,91.14,0.04
V272,TANPYQRGPDPTESSIEAVRGPFAVAQTTVSRLDASGFGGGTIYYPTDTSQGTFGAVAISPGFTAGQSSIAWLGPRIASQGFVVITIDTISKLDYPDSRGRQLQAALDYLTTDSTVRDRIDPNRMAVMGHSMGGGGALSAAANNPSLKAAIPLQGWHTRKDWSSVRVPTLIVGAELDTIAPVSSNSEAFYNSLPSSLPKAYMELRGASHTVSNTPNTTTAKYSIAWLKRFVDDDTRYEQFLCPAPDDPAISEYRSTCPF,87.46,0.05
V273,TANPYQRGPDPTESSIEAVRGPFAVAQTTVSRLDASGFGGGTIYYPTDTSQGTFGAVAISPGFTAGQNAIAWLGPRIASQGFVVITIDTISRFDYPDSRGRQLQAALDYLTTDSTVRDRIDPNRMAVMGHSMGGGGALSAAANNPSLKAAIPLQGWHTRKDWSSVRVPTLIVGAELDTIAPVSSHSEAFYNSLPSSLPKAYMELRGASHTVSNTPNTTTAKYSIAWLKRFVDDDTRYEQFLCPAPDDPAISEYRSTCPF,91.17,0.18
V274,TANPYQRGPDPTESSIEAVRGPFAVAQTTVSRLDASGFGGGTIYYPTDTSQGTFGAVAISPGFTAGQSAIAWLGPRIASQGFVVITIDTISELDQPDSRGRQLQAALDYLTTDSTVRDRIDPNRMAVMGHSMGGGGALSAAANNPSLKAAIPLQGWHTRKDWSSVRVPTLIVGAELDTIAPVSSYSEAFYNSLPSSLPKAYMELRGASHLVSNTPNTTTAKYSIAWLKRFVDDDTRYEQFLCPAPDDPAISEYRSTCPF,88.27,0.18
V280,TANPYQRGPDPTESSIEAVRGPFAVAQTTVSRLDASGFGGGTIYYPTDTSQGTFGAVAISPGFTAGQSAIAWLGPRIASQGFVVITIDTISSFDQPDSRGRQLQAALDYLTTDSTVRDRIDPNRMAVMGHSMGGGGALSAAANNPSLKAAIPLQGWHTRKDWSSVRVPTLIVGAELDTIAPVSSNSEAFYNSLPSSLPKAYMELRGASHLVSNTPNTTTAKYSIAWLKRFVDDDTRYEQFLCPAPDDPAISEYRSTCPF,84.73,0.18
V283,TANPYQRGPDPTESSIEAVRGPFAVAQTTVSRLDASGFGGGTIYYPTDTSQGTFGAVAISPGFTAGQSSIAWLGPRIASQGFVVITIDTISRFDQPDSRGRQLQAALDYLTTDSTVRDRIDPNRMAVMGHSMGGGGALSAAANNPSLKAAIPLQGWHTRKDWSSVRVPTLIVGAELDTIAPVSSHSEAFYNSLPSSLPKAYMELRGASHLVSNTPNTTTAKYSIAWLKRFVDDDTRYEQFLCPAPDDPAISEYRSTCPF,88.94,0.02
V288,TANPYQRGPDPTESSIEAVRGPFAVAQTTVSRLDASGFGGGTIYYPTDTSQGTFGAVAISPGFLAGQSAIAWLGPRIASQGFVVITIDTISSFDYPDSRGRQLQAALDYLTTDSTVRDRIDPNRMAVMGHSMGGGGALSAAANNPSLKAAIPLQGWHTRKDWSSVRVPTLIVGAELDTIAPVSSHSEAFYNSLPSSLPKAYMELRGASHTVSNTPNTTTAKYSIAWLKRFVDDDTRYEQFLCPAPDDPAISEYRSTCPF,91.24,0.18
V290,TANPYQRGPDPTESSIEAVRGPFAVAQTTVSRLDASGFGGGTIYYPTDTSQGTFGAVAISPGFLASQESIAWLGPRIASQGFVVITIDTISRFDYPDSRGRQLQAALDYLTTDSTVRDRIDPNRMAVMGHSMGGGGALSAAANNPSLKAAIPLQGWHTRKDWSSVRVPTLIVGAELDTIAPVSSHSEAFYNSLPSSLPKAYMELRGASHLVSNTPNTTTAKYSIAWLKRFVDDDTRYEQFLCPAPDDPAISEYRSTCPF,92.29,0.4
V291,TANPYQRGPDPTESSIEAVRGPFAVAQTTVSRLDASGFGGGTIYYPTDTSQGTFGAVAISPGFTATQKAIAWLGPRIASQGFVVITIDTISRFDYPDSRGRQLQAALDYLTTDSTVRDRIDPNRMAVMGHSMGGGGALSAAANNPSLKAAIPLQGWHTRKDWSSVRVPTLIVGAELDTIAPVSSHSEAFYNSLPSSLPKAYMELRGASHTVSNTPNTTTAKYSIAWLKRFVDDDTRYEQFLCPAPDDPAISEYRSTCPF,92.41,0.38
V292,TANPYQRGPDPTESSIEAVRGPFAVAQTTVSRLDASGFGGGTIYYPTDTSQGTFGAVAISPGFLAGQEAIAWLGPRIASQGFVVITIDTISSFDQPDSRGRQLQAALDYLTTDSTVRDRIDPNRMAVMGHSMGGGGALSAAANNPSLKAAIPLQGWHTRKDWSSVRVPTLIVGAELDTIAPVSSHSEAFYNSLPSSLPKAYMELRGASHLVSNTPNTTTAKYSIAWLKRFVDDDTRYEQFLCPAPDDPAISEYRSTCPF,91.06,0.06
V293,TANPYQRGPDPTESSIEAVRGPFAVAQTTVSRLDASGFGGGTIYYPTDTSQGTFGAVAISPGFLAGQSAIAWLGPRIASQGFVVITIDTISRFDQPDSRGRQLQAALDYLTTDSTVRDRIDPNRMAVMGHSMGGGGALSAAANNPSLKAAIPLQGWHTRKDWSSVRVPTLIVGAELDTIAPVSSHSEAFYNSLPSSLPKAYMELRGASHLVSNTPNTTTAKYSIAWLKRFVDDDTRYEQFLCPAPDDPAISEYRSTCPF,90.57,0.09
V294,TANPYQRGPDPTESSIEAVRGPFAVAQTTVSRLDASGFGGGTIYYPTDTSQGTFGAVAISPGFTAGQNSIAWLGPRIASQGFVVITIDTISRFDYPDSRGRQLQAALDYLTTDSTVRDRIDPNRMAVMGHSMGGGGALSAAANNPSLKAAIPLQGWHTRKDWSSVRVPTLIVGAELDTIAPVSSHSEAFYNSLPSSLPKAYMELRGASHLVSNTPNTTTAKYSIAWLKRFVDDDTRYEQFLCPAPDDPAISEYRSTCPF,89.38,0.1
V295,TANPYQRGPDPTESSIEAVRGPFAVAQTTVSRLDASGFGGGTIYYPTDTSQGTFGAVAISPGFLANQKAIAWLGPRIASQGFVVITIDTISSFDQPDSRGRQLQAALDYLTTDSTVRDRIDPNRMAVMGHSMGGGGALSAAANNPSLKAAIPLQGWHTRKDWSSVRVPTLIVGAELDTIAPVSSNSEAFYNSLPSSLPKAYMELRGASHTVSNTPNTTTAKYSIAWLKRFVDDDTRYEQFLCPAPDDPAISEYRSTCPF,87.45,0.06
V296,TANPYQRGPDPTESSIEAVRGPFAVAQTTVSRLDASGFGGGTIYYPTDTSQGTFGAVAISPGFTAGQEAIAWLGPRIASQGFVVITIDTISKLDQPDSRGRQLQAALDYLTTDSTVRDRIDPNRMAVMGHSMGGGGALSAAANNPSLKAAIPLQGWHTRKDWSSVRVPTLIVGAELDTIAPVSSNSEAFYNSLPSSLPKAYMELRGASHLVSNTPNTTTAKYSIAWLKRFVDDDTRYEQFLCPAPDDPAISEYRSTCPF,86.54,0.1
V297,TANPYQRGPDPTESSIEAVRGPFAVAQTTVSRLDASGFGGGTIYYPTDTSQGTFGAVAISPGFTAGQSSIAWLGPRIASQGFVVITIDTISRLDYPDSRGRQLQAALDYLTTDSTVRDRIDPNRMAVMGHSMGGGGALSAAANNPSLKAAIPLQGWHTRKDWSSVRVPTLIVGAELDTIAPVSSHSEAFYNSLPSSLPKAYMELRGASHTVSNTPNTTTAKYSIAWLKRFVDDDTRYEQFLCPAPDDPAISEYRSTCPF,89.96,0.13
V298,TANPYQRGPDPTESSIEAVRGPFAVAQTTVSRLDASGFGGGTIYYPTDTSQGTFGAVAISPGFTAGQSSIAWLGPRIASQGFVVITIDTISRFDQPDSRGRQLQAALDYLTTDSTVRDRIDPNRMAVMGHSMGGGGALSAAANNPSLKAAIPLQGWHTRKDWSSVRVPTLIVGAELDTIAPVSSYSEAFYNSLPSSLPKAYMELRGASHTVSNTPNTTTAKYSIAWLKRFVDDDTRYEQFLCPAPDDPAISEYRSTCPF,90.31,0.01
V299,TANPYQRGPDPTESSIEAVRGPFAVAQTTVSRLDASGFGGGTIYYPTDTSQGTFGAVAISPGFTAGQSSIAWLGPRIASQGFVVITIDTISRFDQPDSRGRQLQAALDYLTTDSTVRDRIDPNRMAVMGHSMGGGGALSAAANNPSLKAAIPLQGWHTRKDWSSVRVPTLIVGAELDTIAPVSSHSEAFYNSLPSSLPKAYMELRGASHLVSNTPNTTTAKYSIAWLKRFVDDDTRYEQFLCPAPDDPAISEYRSTCPF,89.27,0.05
V300,TANPYQRGPDPTESSIEAVRGPFAVAQTTVSRLDASGFGGGTIYYPTDTSQGTFGAVAISPGFLATQNSIAWLGPRIASQGFVVITIDTISKLDYPDSRGRQLQAALDYLTTDSTVRDRIDPNRMAVMGHSMGGGGALSAAANNPSLKAAIPLQGWHTRKDWSSVRVPTLIVGAELDTIAPVSSHSEAFYNSLPSSLPKAYMELRGASHTVSNTPNTTTAKYSIAWLKRFVDDDTRYEQFLCPAPDDPAISEYRSTCPF,95,
V301,TANPYQRGPDPTESSIEAVRGPFAVAQTTVSRLDASGFGGGTIYYPTDTSQGTFGAVAISPGFLAGQKAIAWLGPRIASQGFVVITIDTISRFDQPDSRGRQLQAALDYLTTDSTVRDRIDPNRMAVMGHSMGGGGALSAAANNPSLKAAIPLQGWHTRKDWSSVRVPTLIVGAELDTIAPVSSHSEAFYNSLPSSLPKAYMELRGASHTVSNTPNTTTAKYSIAWLKRFVDDDTRYEQFLCPAPDDPAISEYRSTCPF,95,
V302,TANPYQRGPDPTESSIEAVRGPFAVAQTTVSRLDASGFGGGTIYYPTDTSQGTFGAVAISPGFTAGQSSIAWLGPRIASQGFVVITIDTISSLDQPDSRGRQLQAALDYLTTDSTVRDRIDPNRMAVMGHSMGGGGALSAAANNPSLKAAIPLQGWHTRKDWSSVRVPTLIVGAELDTIAPVSSHSEAFYNSLPSSLPKAYMELRGASHTVSNTPNTTTAKYSIAWLKRFVDDDTRYEQFLCPAPDDPAISEYRSTCPF,89.26,0.04
V303,TANPYQRGPDPTESSIEAVRGPFAVAQTTVSRLDASGFGGGTIYYPTDTSQGTFGAVAISPGFNASQSAIAWLGPRIASQGFVVITIDTISRFDYPDSRGRQLQAALDYLTTDSTVRDRIDPNRMAVMGHSMGGGGALSAAANNPSLKAAIPLQGWHTRKDWSSVRVPTLIVGAELDTIAPVSSHSEAFYNSLPSSLPKAYMELRGASHTVSNTPNTTTAKYSIAWLKRFVDDDTRYEQFLCPAPDDPAISEYRSTCPF,95,
V304,TANPYQRGPDPTESSIEAVRGPFAVAQTTVSRLDASGFGGGTIYYPTDTSQGTFGAVAISPGFLASQKSIAWLGPRIASQGFVVITIDTISRLDQPDSRGRQLQAALDYLTTDSTVRDRIDPNRMAVMGHSMGGGGALSAAANNPSLKAAIPLQGWHTRKDWSSVRVPTLIVGAELDTIAPVSSHSEAFYNSLPSSLPKAYMELRGASHLVSNTPNTTTAKYSIAWLKRFVDDDTRYEQFLCPAPDDPAISEYRSTCPF,95,
V305,TANPYQRGPDPTESSIEAVRGPFAVAQTTVSRLDASGFGGGTIYYPTDTSQGTFGAVAISPGFNAGQSAIAWLGPRIASQGFVVITIDTISRFDYPDSRGRQLQAALDYLTTDSTVRDRIDPNRMAVMGHSMGGGGALSAAANNPSLKAAIPLQGWHTRKDWSSVRVPTLIVGAELDTIAPVSSYSEAFYNSLPSSLPKAYMELRGASHTVSNTPNTTTAKYSIAWLKRFVDDDTRYEQFLCPAPDDPAISEYRSTCPF,95,
V308,TANPYQRGPDPTESSIEAVRGPFAVAQTTVSRLDASGFGGGTIYYPTDTSQGTFGAVAISPGFLAGQNSIAWLGPRIASQGFVVITIDTISRFDYPDSRGRQLQAALDYLTTDSTVRDRIDPNRMAVMGHSMGGGGALSAAANNPSLKAAIPLQGWHTRKDWSSVRVPTLIVGAELDTIAPVSSHSEAFYNSLPSSLPKAYMELRGASHLVSNTPNTTTAKYSIAWLKRFVDDDTRYEQFLCPAPDDPAISEYRSTCPF,95,
V309,TANPYQRGPDPTESSIEAVRGPFAVAQTTVSRLDASGFGGGTIYYPTDTSQGTFGAVAISPGFTAGQSSIAWLGPRIASQGFVVITIDTISRFDYPDSRGRQLQAALDYLTTDSTVRDRIDPNRMAVMGHSMGGGGALSAAANNPSLKAAIPLQGWHTRKDWSSVRVPTLIVGAELDTIAPVSSHSEAFYNSLPSSLPKAYMELRGASHTVSNTPNTTTAKYSIAWLKRFVDDDTRYEQFLCPAPDDPAISEYRSTCPF,91.74,0.45
V310,TANPYQRGPDPTESSIEAVRGPFAVAQTTVSRLDASGFGGGTIYYPTDTSQGTFGAVAISPGFTAGQESIAWLGPRIASQGFVVITIDTISSFDQPDSRGRQLQAALDYLTTDSTVRDRIDPNRMAVMGHSMGGGGALSAAANNPSLKAAIPLQGWHTRKDWSSVRVPTLIVGAELDTIAPVSSYSEAFYNSLPSSLPKAYMELRGASHLVSNTPNTTTAKYSIAWLKRFVDDDTRYEQFLCPAPDDPAISEYRSTCPF,89.45,0.02
V311,TANPYQRGPDPTESSIEAVRGPFAVAQTTVSRLDASGFGGGTIYYPTDTSQGTFGAVAISPGFTAGQSSIAWLGPRIASQGFVVITIDTISSFDYPDSRGRQLQAALDYLTTDSTVRDRIDPNRMAVMGHSMGGGGALSAAANNPSLKAAIPLQGWHTRKDWSSVRVPTLIVGAELDTIAPVSSHSEAFYNSLPSSLPKAYMELRGASHTVSNTPNTTTAKYSIAWLKRFVDDDTRYEQFLCPAPDDPAISEYRSTCPF,90.65,0.18
V312,TANPYQRGPDPTESSIEAVRGPFAVAQTTVSRLDASGFGGGTIYYPTDTSQGTFGAVAISPGFLANQNAIAWLGPRIASQGFVVITIDTISSLDQPDSRGRQLQAALDYLTTDSTVRDRIDPNRMAVMGHSMGGGGALSAAANNPSLKAAIPLQGWHTRKDWSSVRVPTLIVGAELDTIAPVSSHSEAFYNSLPSSLPKAYMELRGASHTVSNTPNTTTAKYSIAWLKRFVDDDTRYEQFLCPAPDDPAISEYRSTCPF,90.9,0.04
V313,TANPYQRGPDPTESSIEAVRGPFAVAQTTVSRLDASGFGGGTIYYPTDTSQGTFGAVAISPGFNASQNSIAWLGPRIASQGFVVITIDTISRFDYPDSRGRQLQAALDYLTTDSTVRDRIDPNRMAVMGHSMGGGGALSAAANNPSLKAAIPLQGWHTRKDWSSVRVPTLIVGAELDTIAPVSSNSEAFYNSLPSSLPKAYMELRGASHTVSNTPNTTTAKYSIAWLKRFVDDDTRYEQFLCPAPDDPAISEYRSTCPF,90.83,0.12
V314,TANPYQRGPDPTESSIEAVRGPFAVAQTTVSRLDASGFGGGTIYYPTDTSQGTFGAVAISPGFTASQEAIAWLGPRIASQGFVVITIDTISSFDQPDSRGRQLQAALDYLTTDSTVRDRIDPNRMAVMGHSMGGGGALSAAANNPSLKAAIPLQGWHTRKDWSSVRVPTLIVGAELDTIAPVSSNSEAFYNSLPSSLPKAYMELRGASHTVSNTPNTTTAKYSIAWLKRFVDDDTRYEQFLCPAPDDPAISEYRSTCPF,86.68,0.13
V315,TANPYQRGPDPTESSIEAVRGPFAVAQTTVSRLDASGFGGGTIYYPTDTSQGTFGAVAISPGFLASQESIAWLGPRIASQGFVVITIDTISRLDYPDSRGRQLQAALDYLTTDSTVRDRIDPNRMAVMGHSMGGGGALSAAANNPSLKAAIPLQGWHTRKDWSSVRVPTLIVGAELDTIAPVSSHSEAFYNSLPSSLPKAYMELRGASHLVSNTPNTTTAKYSIAWLKRFVDDDTRYEQFLCPAPDDPAISEYRSTCPF,95,
V316,TANPYQRGPDPTESSIEAVRGPFAVAQTTVSRLDASGFGGGTIYYPTDTSQGTFGAVAISPGFLAGQSAIAWLGPRIASQGFVVITIDTISEFDQPDSRGRQLQAALDYLTTDSTVRDRIDPNRMAVMGHSMGGGGALSAAANNPSLKAAIPLQGWHTRKDWSSVRVPTLIVGAELDTIAPVSSHSEAFYNSLPSSLPKAYMELRGASHLVSNTPNTTTAKYSIAWLKRFVDDDTRYEQFLCPAPDDPAISEYRSTCPF,85.62,1.3
V317,TANPYQRGPDPTESSIEAVRGPFAVAQTTVSRLDASGFGGGTIYYPTDTSQGTFGAVAISPGFTAGQSSIAWLGPRIASQGFVVITIDTISRFDYPDSRGRQLQAALDYLTTDSTVRDRIDPNRMAVMGHSMGGGGALSAAANNPSLKAAIPLQGWHTRKDWSSVRVPTLIVGAELDTIAPVSSHSEAFYNSLPSSLPKAYMELRGASHTVSNTPNTTTAKYSIAWLKRFVDDDTRYEQFLCPAPDDPAISEYRSTCPF,91.1,0.04
V318,TANPYQRGPDPTESSIEAVRGPFAVAQTTVSRLDASGFGGGTIYYPTDTSQGTFGAVAISPGFTAGQSSIAWLGPRIASQGFVVITIDTISRFDYPDSRGRQLQAALDYLTTDSTVRDRIDPNRMAVMGHSMGGGGALSAAANNPSLKAAIPLQGWHTRKDWSSVRVPTLIVGAELDTIAPVSSHSEAFYNSLPSSLPKAYMELRGASHTVSNTPNTTTAKYSIAWLKRFVDDDTRYEQFLCPAPDDPAISEYRSTCPF,91.44,0.09
V319,TANPYQRGPDPTESSIEAVRGPFAVAQTTVSRLDASGFGGGTIYYPTDTSQGTFGAVAISPGFTAGQNAIAWLGPRIASQGFVVITIDTISRLDQPDSRGRQLQAALDYLTTDSTVRDRIDPNRMAVMGHSMGGGGALSAAANNPSLKAAIPLQGWHTRKDWSSVRVPTLIVGAELDTIAPVSSHSEAFYNSLPSSLPKAYMELRGASHTVSNTPNTTTAKYSIAWLKRFVDDDTRYEQFLCPAPDDPAISEYRSTCPF,88.7,0.25
V320,TANPYQRGPDPTESSIEAVRGPFAVAQTTVSRLDASGFGGGTIYYPTDTSQGTFGAVAISPGFTATQSSIAWLGPRIASQGFVVITIDTISSFDYPDSRGRQLQAALDYLTTDSTVRDRIDPNRMAVMGHSMGGGGALSAAANNPSLKAAIPLQGWHTRKDWSSVRVPTLIVGAELDTIAPVSSNSEAFYNSLPSSLPKAYMELRGASHTVSNTPNTTTAKYSIAWLKRFVDDDTRYEQFLCPAPDDPAISEYRSTCPF,87.62,0.05
V321,TANPYQRGPDPTESSIEAVRGPFAVAQTTVSRLDASGFGGGTIYYPTDTSQGTFGAVAISPGFLAGQKAIAWLGPRIASQGFVVITIDTISRFDYPDSRGRQLQAALDYLTTDSTVRDRIDPNRMAVMGHSMGGGGALSAAANNPSLKAAIPLQGWHTRKDWSSVRVPTLIVGAELDTIAPVSSHSEAFYNSLPSSLPKAYMELRGASHTVSNTPNTTTAKYSIAWLKRFVDDDTRYEQFLCPAPDDPAISEYRSTCPF,95,
V322,TANPYQRGPDPTESSIEAVRGPFAVAQTTVSRLDASGFGGGTIYYPTDTSQGTFGAVAISPGFTAGQSSIAWLGPRIASQGFVVITIDTISRFDYPDSRGRQLQAALDYLTTDSTVRDRIDPNRMAVMGHSMGGGGALSAAANNPSLKAAIPLQGWHTRKDWSSVRVPTLIVGAELDTIAPVSSHSEAFYNSLPSSLPKAYMELRGASHTVSNTPNTTTAKYSIAWLKRFVDDDTRYEQFLCPAPDDPAISEYRSTCPF,91,0.06
V323,TANPYQRGPDPTESSIEAVRGPFAVAQTTVSRLDASGFGGGTIYYPTDTSQGTFGAVAISPGFTAGQSSIAWLGPRIASQGFVVITIDTISEFDQPDSRGRQLQAALDYLTTDSTVRDRIDPNRMAVMGHSMGGGGALSAAANNPSLKAAIPLQGWHTRKDWSSVRVPTLIVGAELDTIAPVSSHSEAFYNSLPSSLPKAYMELRGASHTVSNTPNTTTAKYSIAWLKRFVDDDTRYEQFLCPAPDDPAISEYRSTCPF,90.47,0.14
V324,TANPYQRGPDPTESSIEAVRGPFAVAQTTVSRLDASGFGGGTIYYPTDTSQGTFGAVAISPGFTAGQSSIAWLGPRIASQGFVVITIDTISRLDQPDSRGRQLQAALDYLTTDSTVRDRIDPNRMAVMGHSMGGGGALSAAANNPSLKAAIPLQGWHTRKDWSSVRVPTLIVGAELDTIAPVSSHSEAFYNSLPSSLPKAYMELRGASHLVSNTPNTTTAKYSIAWLKRFVDDDTRYEQFLCPAPDDPAISEYRSTCPF,88.37,0.04
V325,TANPYQRGPDPTESSIEAVRGPFAVAQTTVSRLDASGFGGGTIYYPTDTSQGTFGAVAISPGFLAGQNAIAWLGPRIASQGFVVITIDTISSFDYPDSRGRQLQAALDYLTTDSTVRDRIDPNRMAVMGHSMGGGGALSAAANNPSLKAAIPLQGWHTRKDWSSVRVPTLIVGAELDTIAPVSSHSEAFYNSLPSSLPKAYMELRGASHTVSNTPNTTTAKYSIAWLKRFVDDDTRYEQFLCPAPDDPAISEYRSTCPF,91.69,0.23
V326,TANPYQRGPDPTESSIEAVRGPFAVAQTTVSRLDASGFGGGTIYYPTDTSQGTFGAVAISPGFLAGQKSIAWLGPRIASQGFVVITIDTISSLDQPDSRGRQLQAALDYLTTDSTVRDRIDPNRMAVMGHSMGGGGALSAAANNPSLKAAIPLQGWHTRKDWSSVRVPTLIVGAELDTIAPVSSNSEAFYNSLPSSLPKAYMELRGASHTVSNTPNTTTAKYSIAWLKRFVDDDTRYEQFLCPAPDDPAISEYRSTCPF,87.84,0.16
V327,TANPYQRGPDPTESSIEAVRGPFAVAQTTVSRLDASGFGGGTIYYPTDTSQGTFGAVAISPGFTANQSSIAWLGPRIASQGFVVITIDTISSFDYPDSRGRQLQAALDYLTTDSTVRDRIDPNRMAVMGHSMGGGGALSAAANNPSLKAAIPLQGWHTRKDWSSVRVPTLIVGAELDTIAPVSSHSEAFYNSLPSSLPKAYMELRGASHTVSNTPNTTTAKYSIAWLKRFVDDDTRYEQFLCPAPDDPAISEYRSTCPF,90.51,0.08
V328,TANPYQRGPDPTESSIEAVRGPFAVAQTTVSRLDASGFGGGTIYYPTDTSQGTFGAVAISPGFLAGQKSIAWLGPRIASQGFVVITIDTISEFDQPDSRGRQLQAALDYLTTDSTVRDRIDPNRMAVMGHSMGGGGALSAAANNPSLKAAIPLQGWHTRKDWSSVRVPTLIVGAELDTIAPVSSHSEAFYNSLPSSLPKAYMELRGASHTVSNTPNTTTAKYSIAWLKRFVDDDTRYEQFLCPAPDDPAISEYRSTCPF,95,
V329,TANPYQRGPDPTESSIEAVRGPFAVAQTTVSRLDASGFGGGTIYYPTDTSQGTFGAVAISPGFLANQEAIAWLGPRIASQGFVVITIDTISKLDYPDSRGRQLQAALDYLTTDSTVRDRIDPNRMAVMGHSMGGGGALSAAANNPSLKAAIPLQGWHTRKDWSSVRVPTLIVGAELDTIAPVSSHSEAFYNSLPSSLPKAYMELRGASHTVSNTPNTTTAKYSIAWLKRFVDDDTRYEQFLCPAPDDPAISEYRSTCPF,95,
V330,TANPYQRGPDPTESSIEAVRGPFAVAQTTVSRLDASGFGGGTIYYPTDTSQGTFGAVAISPGFTASQKAIAWLGPRIASQGFVVITIDTISEFDYPDSRGRQLQAALDYLTTDSTVRDRIDPNRMAVMGHSMGGGGALSAAANNPSLKAAIPLQGWHTRKDWSSVRVPTLIVGAELDTIAPVSSYSEAFYNSLPSSLPKAYMELRGASHLVSNTPNTTTAKYSIAWLKRFVDDDTRYEQFLCPAPDDPAISEYRSTCPF,89.55,0.09
V331,TANPYQRGPDPTESSIEAVRGPFAVAQTTVSRLDASGFGGGTIYYPTDTSQGTFGAVAISPGFLAGQSSIAWLGPRIASQGFVVITIDTISRFDYPDSRGRQLQAALDYLTTDSTVRDRIDPNRMAVMGHSMGGGGALSAAANNPSLKAAIPLQGWHTRKDWSSVRVPTLIVGAELDTIAPVSSHSEAFYNSLPSSLPKAYMELRGASHTVSNTPNTTTAKYSIAWLKRFVDDDTRYEQFLCPAPDDPAISEYRSTCPF,95,
V332,TANPYQRGPDPTESSIEAVRGPFAVAQTTVSRLDASGFGGGTIYYPTDTSQGTFGAVAISPGFLAGQESIAWLGPRIASQGFVVITIDTISRFDYPDSRGRQLQAALDYLTTDSTVRDRIDPNRMAVMGHSMGGGGALSAAANNPSLKAAIPLQGWHTRKDWSSVRVPTLIVGAELDTIAPVSSHSEAFYNSLPSSLPKAYMELRGASHTVSNTPNTTTAKYSIAWLKRFVDDDTRYEQFLCPAPDDPAISEYRSTCPF,95,
V333,TANPYQRGPDPTESSIEAVRGPFAVAQTTVSRLDASGFGGGTIYYPTDTSQGTFGAVAISPGFTAGQSSIAWLGPRIASQGFVVITIDTISRFDYPDSRGRQLQAALDYLTTDSTVRDRIDPNRMAVMGHSMGGGGALSAAANNPSLKAAIPLQGWHTRKDWSSVRVPTLIVGAELDTIAPVSSHSEAFYNSLPSSLPKAYMELRGASHTVSNTPNTTTAKYSIAWLKRFVDDDTRYEQFLCPAPDDPAISEYRSTCPF,91.32,0.43
V334,TANPYQRGPDPTESSIEAVRGPFAVAQTTVSRLDASGFGGGTIYYPTDTSQGTFGAVAISPGFLANQESIAWLGPRIASQGFVVITIDTISRFDYPDSRGRQLQAALDYLTTDSTVRDRIDPNRMAVMGHSMGGGGALSAAANNPSLKAAIPLQGWHTRKDWSSVRVPTLIVGAELDTIAPVSSHSEAFYNSLPSSLPKAYMELRGASHTVSNTPNTTTAKYSIAWLKRFVDDDTRYEQFLCPAPDDPAISEYRSTCPF,95,
V335,TANPYQRGPDPTESSIEAVRGPFAVAQTTVSRLDASGFGGGTIYYPTDTSQGTFGAVAISPGFTAGQESIAWLGPRIASQGFVVITIDTISRFDYPDSRGRQLQAALDYLTTDSTVRDRIDPNRMAVMGHSMGGGGALSAAANNPSLKAAIPLQGWHTRKDWSSVRVPTLIVGAELDTIAPVSSHSEAFYNSLPSSLPKAYMELRGASHTVSNTPNTTTAKYSIAWLKRFVDDDTRYEQFLCPAPDDPAISEYRSTCPF,95,
